Typeklasse,Hoofdtype,Vegcode,HoofdLogical,Druk,Milieudruk,Categorie
Kust- en zilte habitats,1140,1140,TRUE,Druk101,101 Klimaatverandering in droge perioden,L
Kust- en zilte habitats,1140,1140,TRUE,Druk103,103 Klimaatverandering: zeespiegelstijging,M
Kust- en zilte habitats,1140,1140,TRUE,Druk12,"12 Toename bodemdynamiek (erosie, omwoeling, verstuiving)",H
Kust- en zilte habitats,1140,1140,TRUE,Druk3.4,3.4 Eutrofiëring via het oppervlaktewater (incl. overstromingswater en afspoeling),M
Kust- en zilte habitats,1140,1140,TRUE,Druk61,61 Toename overstromingsduur of -frequentie (incl. getijden),H
Kust- en zilte habitats,1140,1140,TRUE,Druk62,62 Afname overstromingsduur of -frequentie (incl. getijden),L
Kust- en zilte habitats,1140,1140,TRUE,Druk63,"63 Toename van stroomsnelheid, waterpeil en/of de fluctuatie ervan",H
Kust- en zilte habitats,1140,1140,TRUE,Druk65,65  Toename golfslagwerking,M
Kust- en zilte habitats,1140,1140,TRUE,Druk8.4,8.4 Verontreiniging via het oppervlaktewater (incl. overstromingswater),H
Kust- en zilte habitats,1310,1310_pol,FALSE,Druk101,101 Klimaatverandering in droge perioden,L
Kust- en zilte habitats,1310,1310_pol,FALSE,Druk102,102 Klimaatverandering in natte perioden,M
Kust- en zilte habitats,1310,1310_pol,FALSE,Druk3.1,3.1 Eutrofiëring via de lucht,L
Kust- en zilte habitats,1310,1310_pol,FALSE,Druk3.2,3.2 Eutrofiëring via de bodem,L
Kust- en zilte habitats,1310,1310_pol,FALSE,Druk3.3,3.3 Eutrofiëring via het grondwater,L
Kust- en zilte habitats,1310,1310_pol,FALSE,Druk3.4,3.4 Eutrofiëring via het oppervlaktewater (incl. overstromingswater en afspoeling),M
Kust- en zilte habitats,1310,1310_pol,FALSE,Druk5.1,5.1 Verdroging via het grondwater,H
Kust- en zilte habitats,1310,1310_pol,FALSE,Druk5.2,5.2 Vernatting via het grondwater,M
Kust- en zilte habitats,1310,1310_pol,FALSE,Druk61,61 Toename overstromingsduur of -frequentie (incl. getijden),M
Kust- en zilte habitats,1310,1310_pol,FALSE,Druk62,62 Afname overstromingsduur of -frequentie (incl. getijden),H
Kust- en zilte habitats,1310,1310_pol,FALSE,Druk7.1,7.1 Verzoeting via het grondwater,H
Kust- en zilte habitats,1310,1310_pol,FALSE,Druk7.2,7.2 Verzoeting via het oppervlaktewater (incl. overstromingswater),H
Kust- en zilte habitats,1310,1310_pol,FALSE,Druk8.2,8.2 Verontreiniging via de bodem,L
Kust- en zilte habitats,1310,1310_pol,FALSE,Druk8.3,8.3 Verontreiniging via het grondwater,L
Kust- en zilte habitats,1310,1310_pol,FALSE,Druk8.4,8.4 Verontreiniging via het oppervlaktewater (incl. overstromingswater),L
Kust- en zilte habitats,1310,1310_zk,FALSE,Druk101,101 Klimaatverandering in droge perioden,L
Kust- en zilte habitats,1310,1310_zk,FALSE,Druk12,"12 Toename bodemdynamiek (erosie, omwoeling, verstuiving)",H
Kust- en zilte habitats,1310,1310_zk,FALSE,Druk3.1,3.1 Eutrofiëring via de lucht,L
Kust- en zilte habitats,1310,1310_zk,FALSE,Druk3.4,3.4 Eutrofiëring via het oppervlaktewater (incl. overstromingswater en afspoeling),L
Kust- en zilte habitats,1310,1310_zk,FALSE,Druk5.1,5.1 Verdroging via het grondwater,S
Kust- en zilte habitats,1310,1310_zk,FALSE,Druk61,61 Toename overstromingsduur of -frequentie (incl. getijden),H
Kust- en zilte habitats,1310,1310_zk,FALSE,Druk62,62 Afname overstromingsduur of -frequentie (incl. getijden),H
Kust- en zilte habitats,1310,1310_zk,FALSE,Druk63,"63 Toename van stroomsnelheid, waterpeil en/of de fluctuatie ervan",H
Kust- en zilte habitats,1310,1310_zk,FALSE,Druk65,65  Toename golfslagwerking,H
Kust- en zilte habitats,1310,1310_zk,FALSE,Druk8.4,8.4 Verontreiniging via het oppervlaktewater (incl. overstromingswater),L
Kust- en zilte habitats,1310,1310_zv,FALSE,Druk101,101 Klimaatverandering in droge perioden,L
Kust- en zilte habitats,1310,1310_zv,FALSE,Druk103,103 Klimaatverandering: zeespiegelstijging,M
Kust- en zilte habitats,1310,1310_zv,FALSE,Druk12,"12 Toename bodemdynamiek (erosie, omwoeling, verstuiving)",M
Kust- en zilte habitats,1310,1310_zv,FALSE,Druk3.1,3.1 Eutrofiëring via de lucht,S
Kust- en zilte habitats,1310,1310_zv,FALSE,Druk3.4,3.4 Eutrofiëring via het oppervlaktewater (incl. overstromingswater en afspoeling),L
Kust- en zilte habitats,1310,1310_zv,FALSE,Druk5.1,5.1 Verdroging via het grondwater,S
Kust- en zilte habitats,1310,1310_zv,FALSE,Druk62,62 Afname overstromingsduur of -frequentie (incl. getijden),H
Kust- en zilte habitats,1310,1310_zv,FALSE,Druk64,"64 Afname van stroomsnelheid, waterpeil en/of de fluctuatie ervan",M
Kust- en zilte habitats,1310,1310_zv,FALSE,Druk66,66  Afname golfslagwerking,H
Kust- en zilte habitats,1310,1310_zv,FALSE,Druk8.4,8.4 Verontreiniging via het oppervlaktewater (incl. overstromingswater),L
Kust- en zilte habitats,1320,1320,TRUE,Druk101,101 Klimaatverandering in droge perioden,L
Kust- en zilte habitats,1320,1320,TRUE,Druk12,"12 Toename bodemdynamiek (erosie, omwoeling, verstuiving)",H
Kust- en zilte habitats,1320,1320,TRUE,Druk3.1,3.1 Eutrofiëring via de lucht,L
Kust- en zilte habitats,1320,1320,TRUE,Druk3.4,3.4 Eutrofiëring via het oppervlaktewater (incl. overstromingswater en afspoeling),L
Kust- en zilte habitats,1320,1320,TRUE,Druk5.1,5.1 Verdroging via het grondwater,S
Kust- en zilte habitats,1320,1320,TRUE,Druk61,61 Toename overstromingsduur of -frequentie (incl. getijden),M
Kust- en zilte habitats,1320,1320,TRUE,Druk62,62 Afname overstromingsduur of -frequentie (incl. getijden),H
Kust- en zilte habitats,1320,1320,TRUE,Druk63,"63 Toename van stroomsnelheid, waterpeil en/of de fluctuatie ervan",H
Kust- en zilte habitats,1320,1320,TRUE,Druk65,65  Toename golfslagwerking,H
Kust- en zilte habitats,1330,1330_da,FALSE,Druk101,101 Klimaatverandering in droge perioden,L
Kust- en zilte habitats,1330,1330_da,FALSE,Druk12,"12 Toename bodemdynamiek (erosie, omwoeling, verstuiving)",H
Kust- en zilte habitats,1330,1330_da,FALSE,Druk3.1,3.1 Eutrofiëring via de lucht,L
Kust- en zilte habitats,1330,1330_da,FALSE,Druk3.4,3.4 Eutrofiëring via het oppervlaktewater (incl. overstromingswater en afspoeling),L
Kust- en zilte habitats,1330,1330_da,FALSE,Druk5.1,5.1 Verdroging via het grondwater,L
Kust- en zilte habitats,1330,1330_da,FALSE,Druk61,61 Toename overstromingsduur of -frequentie (incl. getijden),M
Kust- en zilte habitats,1330,1330_da,FALSE,Druk62,62 Afname overstromingsduur of -frequentie (incl. getijden),H
Kust- en zilte habitats,1330,1330_da,FALSE,Druk63,"63 Toename van stroomsnelheid, waterpeil en/of de fluctuatie ervan",H
Kust- en zilte habitats,1330,1330_da,FALSE,Druk65,65  Toename golfslagwerking,M
Kust- en zilte habitats,1330,1330_hpr,FALSE,Druk101,101 Klimaatverandering in droge perioden,M
Kust- en zilte habitats,1330,1330_hpr,FALSE,Druk3.1,3.1 Eutrofiëring via de lucht,M
Kust- en zilte habitats,1330,1330_hpr,FALSE,Druk3.2,3.2 Eutrofiëring via de bodem,M
Kust- en zilte habitats,1330,1330_hpr,FALSE,Druk3.3,3.3 Eutrofiëring via het grondwater,L
Kust- en zilte habitats,1330,1330_hpr,FALSE,Druk3.4,3.4 Eutrofiëring via het oppervlaktewater (incl. overstromingswater en afspoeling),M
Kust- en zilte habitats,1330,1330_hpr,FALSE,Druk5.1,5.1 Verdroging via het grondwater,H
Kust- en zilte habitats,1330,1330_hpr,FALSE,Druk5.2,5.2 Vernatting via het grondwater,M
Kust- en zilte habitats,1330,1330_hpr,FALSE,Druk61,61 Toename overstromingsduur of -frequentie (incl. getijden),M
Kust- en zilte habitats,1330,1330_hpr,FALSE,Druk62,62 Afname overstromingsduur of -frequentie (incl. getijden),H
Kust- en zilte habitats,1330,1330_hpr,FALSE,Druk7.1,7.1 Verzoeting via het grondwater,H
Kust- en zilte habitats,1330,1330_hpr,FALSE,Druk7.2,7.2 Verzoeting via het oppervlaktewater (incl. overstromingswater),H
Kust- en zilte habitats,1330,1330_hpr,FALSE,Druk8.2,8.2 Verontreiniging via de bodem,L
Kust- en zilte habitats,1330,1330_hpr,FALSE,Druk8.3,8.3 Verontreiniging via het grondwater,L
Kust- en zilte habitats,1330,1330_hpr,FALSE,Druk8.4,8.4 Verontreiniging via het oppervlaktewater (incl. overstromingswater),L
Kustduinen,2110,2110,TRUE,Druk103,103 Klimaatverandering: zeespiegelstijging,M
Kustduinen,2110,2110,TRUE,Druk12,"12 Toename bodemdynamiek (erosie, omwoeling, verstuiving)",H
Kustduinen,2110,2110,TRUE,Druk3.1,3.1 Eutrofiëring via de lucht,S
Kustduinen,2110,2110,TRUE,Druk3.2,3.2 Eutrofiëring via de bodem,S
Kustduinen,2110,2110,TRUE,Druk3.4,3.4 Eutrofiëring via het oppervlaktewater (incl. overstromingswater en afspoeling),S
Kustduinen,2120,2120,TRUE,Druk102,102 Klimaatverandering in natte perioden,H
Kustduinen,2120,2120,TRUE,Druk12,"12 Toename bodemdynamiek (erosie, omwoeling, verstuiving)",M
Kustduinen,2120,2120,TRUE,Druk13,"13 Afname bodemdynamiek (erosie, omwoeling, verstuiving)",H
Kustduinen,2120,2120,TRUE,Druk3.1,3.1 Eutrofiëring via de lucht,M
Kustduinen,2120,2120,TRUE,Druk3.2,3.2 Eutrofiëring via de bodem,S
Kustduinen,2120,2120,TRUE,Druk8.1,8.1 Verontreiniging via de lucht,L
Kustduinen,2130,2130_had,FALSE,Druk102,102 Klimaatverandering in natte perioden,M
Kustduinen,2130,2130_had,FALSE,Druk12,"12 Toename bodemdynamiek (erosie, omwoeling, verstuiving)",M
Kustduinen,2130,2130_had,FALSE,Druk13,"13 Afname bodemdynamiek (erosie, omwoeling, verstuiving)",H
Kustduinen,2130,2130_had,FALSE,Druk3.1,3.1 Eutrofiëring via de lucht,H
Kustduinen,2130,2130_had,FALSE,Druk3.2,3.2 Eutrofiëring via de bodem,H
Kustduinen,2130,2130_had,FALSE,Druk4.1,4.1 Verzuring via de lucht,S
Kustduinen,2130,2130_had,FALSE,Druk5.1,5.1 Verdroging via het grondwater,L
Kustduinen,2130,2130_hd,FALSE,Druk102,102 Klimaatverandering in natte perioden,M
Kustduinen,2130,2130_hd,FALSE,Druk12,"12 Toename bodemdynamiek (erosie, omwoeling, verstuiving)",M
Kustduinen,2130,2130_hd,FALSE,Druk13,"13 Afname bodemdynamiek (erosie, omwoeling, verstuiving)",H
Kustduinen,2130,2130_hd,FALSE,Druk3.1,3.1 Eutrofiëring via de lucht,H
Kustduinen,2130,2130_hd,FALSE,Druk3.2,3.2 Eutrofiëring via de bodem,H
Kustduinen,2130,2130_hd,FALSE,Druk4.1,4.1 Verzuring via de lucht,S
Kustduinen,2130,2130_hd,FALSE,Druk5.1,5.1 Verdroging via het grondwater,L
Kustduinen,2150,2150,TRUE,Druk12,"12 Toename bodemdynamiek (erosie, omwoeling, verstuiving)",M
Kustduinen,2150,2150,TRUE,Druk13,"13 Afname bodemdynamiek (erosie, omwoeling, verstuiving)",M
Kustduinen,2150,2150,TRUE,Druk3.1,3.1 Eutrofiëring via de lucht,H
Kustduinen,2150,2150,TRUE,Druk3.2,3.2 Eutrofiëring via de bodem,M
Kustduinen,2150,2150,TRUE,Druk4.1,4.1 Verzuring via de lucht,S
Kustduinen,2160,2160,TRUE,Druk3.1,3.1 Eutrofiëring via de lucht,S
Kustduinen,2160,2160,TRUE,Druk3.4,3.4 Eutrofiëring via het oppervlaktewater (incl. overstromingswater en afspoeling),S
Kustduinen,2160,2160,TRUE,Druk4.1,4.1 Verzuring via de lucht,S
Kustduinen,2160,2160,TRUE,Druk5.1,5.1 Verdroging via het grondwater,M
Kustduinen,2170,2170,TRUE,Druk13,"13 Afname bodemdynamiek (erosie, omwoeling, verstuiving)",H
Kustduinen,2170,2170,TRUE,Druk3.1,3.1 Eutrofiëring via de lucht,S
Kustduinen,2170,2170,TRUE,Druk3.4,3.4 Eutrofiëring via het oppervlaktewater (incl. overstromingswater en afspoeling),S
Kustduinen,2170,2170,TRUE,Druk5.1,5.1 Verdroging via het grondwater,H
Kustduinen,2180,2180,TRUE,Druk101,101 Klimaatverandering in droge perioden,L
Kustduinen,2180,2180,TRUE,Druk3.1,3.1 Eutrofiëring via de lucht,M
Kustduinen,2180,2180,TRUE,Druk3.4,3.4 Eutrofiëring via het oppervlaktewater (incl. overstromingswater en afspoeling),S
Kustduinen,2180,2180,TRUE,Druk4.1,4.1 Verzuring via de lucht,M
Kustduinen,2180,2180,TRUE,Druk5.1,5.1 Verdroging via het grondwater,L
Kustduinen,2190,2190_a,FALSE,Druk3.1,3.1 Eutrofiëring via de lucht,L
Kustduinen,2190,2190_a,FALSE,Druk3.2,3.2 Eutrofiëring via de bodem,L
Kustduinen,2190,2190_a,FALSE,Druk3.3,3.3 Eutrofiëring via het grondwater,L
Kustduinen,2190,2190_a,FALSE,Druk3.4,3.4 Eutrofiëring via het oppervlaktewater (incl. overstromingswater en afspoeling),S
Kustduinen,2190,2190_a,FALSE,Druk5.1,5.1 Verdroging via het grondwater,H
Kustduinen,2190,2190_mp,FALSE,Druk101,101 Klimaatverandering in droge perioden,M
Kustduinen,2190,2190_mp,FALSE,Druk102,102 Klimaatverandering in natte perioden,H
Kustduinen,2190,2190_mp,FALSE,Druk13,"13 Afname bodemdynamiek (erosie, omwoeling, verstuiving)",H
Kustduinen,2190,2190_mp,FALSE,Druk3.1,3.1 Eutrofiëring via de lucht,L
Kustduinen,2190,2190_mp,FALSE,Druk3.2,3.2 Eutrofiëring via de bodem,L
Kustduinen,2190,2190_mp,FALSE,Druk3.3,3.3 Eutrofiëring via het grondwater,L
Kustduinen,2190,2190_mp,FALSE,Druk3.4,3.4 Eutrofiëring via het oppervlaktewater (incl. overstromingswater en afspoeling),L
Kustduinen,2190,2190_mp,FALSE,Druk5.1,5.1 Verdroging via het grondwater,H
Kustduinen,2190,2190_mp,FALSE,Druk8.1,8.1 Verontreiniging via de lucht,L
Kustduinen,2190,2190_overig,FALSE,Druk101,101 Klimaatverandering in droge perioden,M
Kustduinen,2190,2190_overig,FALSE,Druk102,102 Klimaatverandering in natte perioden,H
Kustduinen,2190,2190_overig,FALSE,Druk3.1,3.1 Eutrofiëring via de lucht,S
Kustduinen,2190,2190_overig,FALSE,Druk3.2,3.2 Eutrofiëring via de bodem,M
Kustduinen,2190,2190_overig,FALSE,Druk3.3,3.3 Eutrofiëring via het grondwater,L
Kustduinen,2190,2190_overig,FALSE,Druk3.4,3.4 Eutrofiëring via het oppervlaktewater (incl. overstromingswater en afspoeling),L
Kustduinen,2190,2190_overig,FALSE,Druk5.1,5.1 Verdroging via het grondwater,H
Kustduinen,2190,2190_overig,FALSE,Druk8.1,8.1 Verontreiniging via de lucht,L
Binnenlandse duinen,2310,2310,TRUE,Druk13,"13 Afname bodemdynamiek (erosie, omwoeling, verstuiving)",M
Binnenlandse duinen,2310,2310,TRUE,Druk3.1,3.1 Eutrofiëring via de lucht,H
Binnenlandse duinen,2310,2310,TRUE,Druk3.2,3.2 Eutrofiëring via de bodem,L
Binnenlandse duinen,2310,2310,TRUE,Druk4.1,4.1 Verzuring via de lucht,M
Binnenlandse duinen,2310,2310,TRUE,Druk8.1,8.1 Verontreiniging via de lucht,L
Binnenlandse duinen,2330,2330_bu,FALSE,Druk13,"13 Afname bodemdynamiek (erosie, omwoeling, verstuiving)",H
Binnenlandse duinen,2330,2330_bu,FALSE,Druk3.1,3.1 Eutrofiëring via de lucht,H
Binnenlandse duinen,2330,2330_bu,FALSE,Druk3.2,3.2 Eutrofiëring via de bodem,M
Binnenlandse duinen,2330,2330_bu,FALSE,Druk4.1,4.1 Verzuring via de lucht,L
Binnenlandse duinen,2330,2330_bu,FALSE,Druk8.1,8.1 Verontreiniging via de lucht,M
Binnenlandse duinen,2330,2330_dw,FALSE,Druk13,"13 Afname bodemdynamiek (erosie, omwoeling, verstuiving)",M
Binnenlandse duinen,2330,2330_dw,FALSE,Druk3.1,3.1 Eutrofiëring via de lucht,M
Binnenlandse duinen,2330,2330_dw,FALSE,Druk3.2,3.2 Eutrofiëring via de bodem,M
Binnenlandse duinen,2330,2330_dw,FALSE,Druk4.1,4.1 Verzuring via de lucht,L
Binnenlandse duinen,2330,2330_dw,FALSE,Druk8.1,8.1 Verontreiniging via de lucht,M
Zoete en brakke wateren,3110,3110,TRUE,Druk3.1,3.1 Eutrofiëring via de lucht,H
Zoete en brakke wateren,3110,3110,TRUE,Druk3.2,3.2 Eutrofiëring via de bodem,M
Zoete en brakke wateren,3110,3110,TRUE,Druk3.3,3.3 Eutrofiëring via het grondwater,H
Zoete en brakke wateren,3110,3110,TRUE,Druk3.4,3.4 Eutrofiëring via het oppervlaktewater (incl. overstromingswater en afspoeling),M
Zoete en brakke wateren,3110,3110,TRUE,Druk4.1,4.1 Verzuring via de lucht,H
Zoete en brakke wateren,3110,3110,TRUE,Druk5.1,5.1 Verdroging via het grondwater,L
Zoete en brakke wateren,3110,3110,TRUE,Druk8.2,8.2 Verontreiniging via de bodem,L
Zoete en brakke wateren,3110,3110,TRUE,Druk8.4,8.4 Verontreiniging via het oppervlaktewater (incl. overstromingswater),L
Zoete en brakke wateren,3130,3130_aom,FALSE,Druk3.1,3.1 Eutrofiëring via de lucht,H
Zoete en brakke wateren,3130,3130_aom,FALSE,Druk3.2,3.2 Eutrofiëring via de bodem,H
Zoete en brakke wateren,3130,3130_aom,FALSE,Druk3.3,3.3 Eutrofiëring via het grondwater,H
Zoete en brakke wateren,3130,3130_aom,FALSE,Druk3.4,3.4 Eutrofiëring via het oppervlaktewater (incl. overstromingswater en afspoeling),H
Zoete en brakke wateren,3130,3130_aom,FALSE,Druk4.1,4.1 Verzuring via de lucht,H
Zoete en brakke wateren,3130,3130_aom,FALSE,Druk5.1,5.1 Verdroging via het grondwater,M
Zoete en brakke wateren,3130,3130_aom,FALSE,Druk66,66  Afname golfslagwerking,M
Zoete en brakke wateren,3130,3130_aom,FALSE,Druk8.2,8.2 Verontreiniging via de bodem,L
Zoete en brakke wateren,3130,3130_aom,FALSE,Druk8.3,8.3 Verontreiniging via het grondwater,L
Zoete en brakke wateren,3130,3130_aom,FALSE,Druk8.4,8.4 Verontreiniging via het oppervlaktewater (incl. overstromingswater),M
Zoete en brakke wateren,3130,3130_na,FALSE,Druk3.1,3.1 Eutrofiëring via de lucht,H
Zoete en brakke wateren,3130,3130_na,FALSE,Druk3.2,3.2 Eutrofiëring via de bodem,L
Zoete en brakke wateren,3130,3130_na,FALSE,Druk3.3,3.3 Eutrofiëring via het grondwater,L
Zoete en brakke wateren,3130,3130_na,FALSE,Druk3.4,3.4 Eutrofiëring via het oppervlaktewater (incl. overstromingswater en afspoeling),M
Zoete en brakke wateren,3130,3130_na,FALSE,Druk4.1,4.1 Verzuring via de lucht,H
Zoete en brakke wateren,3130,3130_na,FALSE,Druk5.1,5.1 Verdroging via het grondwater,L
Zoete en brakke wateren,3130,3130_na,FALSE,Druk8.2,8.2 Verontreiniging via de bodem,L
Zoete en brakke wateren,3130,3130_na,FALSE,Druk8.4,8.4 Verontreiniging via het oppervlaktewater (incl. overstromingswater),L
Zoete en brakke wateren,3140,3140,TRUE,Druk3.1,3.1 Eutrofiëring via de lucht,M
Zoete en brakke wateren,3140,3140,TRUE,Druk3.2,3.2 Eutrofiëring via de bodem,M
Zoete en brakke wateren,3140,3140,TRUE,Druk3.3,3.3 Eutrofiëring via het grondwater,M
Zoete en brakke wateren,3140,3140,TRUE,Druk3.4,3.4 Eutrofiëring via het oppervlaktewater (incl. overstromingswater en afspoeling),H
Zoete en brakke wateren,3140,3140,TRUE,Druk5.1,5.1 Verdroging via het grondwater,S
Zoete en brakke wateren,3140,3140,TRUE,Druk8.2,8.2 Verontreiniging via de bodem,L
Zoete en brakke wateren,3140,3140,TRUE,Druk8.3,8.3 Verontreiniging via het grondwater,L
Zoete en brakke wateren,3140,3140,TRUE,Druk8.4,8.4 Verontreiniging via het oppervlaktewater (incl. overstromingswater),L
Zoete en brakke wateren,3150,3150,TRUE,Druk12,"12 Toename bodemdynamiek (erosie, omwoeling, verstuiving)",M
Zoete en brakke wateren,3150,3150,TRUE,Druk3.1,3.1 Eutrofiëring via de lucht,M
Zoete en brakke wateren,3150,3150,TRUE,Druk3.2,3.2 Eutrofiëring via de bodem,M
Zoete en brakke wateren,3150,3150,TRUE,Druk3.3,3.3 Eutrofiëring via het grondwater,H
Zoete en brakke wateren,3150,3150,TRUE,Druk3.4,3.4 Eutrofiëring via het oppervlaktewater (incl. overstromingswater en afspoeling),H
Zoete en brakke wateren,3150,3150,TRUE,Druk5.1,5.1 Verdroging via het grondwater,S
Zoete en brakke wateren,3150,3150,TRUE,Druk8.1,8.1 Verontreiniging via de lucht,L
Zoete en brakke wateren,3150,3150,TRUE,Druk8.2,8.2 Verontreiniging via de bodem,L
Zoete en brakke wateren,3150,3150,TRUE,Druk8.3,8.3 Verontreiniging via het grondwater,M
Zoete en brakke wateren,3150,3150,TRUE,Druk8.4,8.4 Verontreiniging via het oppervlaktewater (incl. overstromingswater),M
Zoete en brakke wateren,3160,3160,TRUE,Druk3.1,3.1 Eutrofiëring via de lucht,H
Zoete en brakke wateren,3160,3160,TRUE,Druk3.2,3.2 Eutrofiëring via de bodem,L
Zoete en brakke wateren,3160,3160,TRUE,Druk3.3,3.3 Eutrofiëring via het grondwater,M
Zoete en brakke wateren,3160,3160,TRUE,Druk3.4,3.4 Eutrofiëring via het oppervlaktewater (incl. overstromingswater en afspoeling),S
Zoete en brakke wateren,3160,3160,TRUE,Druk4.1,4.1 Verzuring via de lucht,H
Zoete en brakke wateren,3160,3160,TRUE,Druk4.2,4.2 Verzuring via het grondwater,M
Zoete en brakke wateren,3160,3160,TRUE,Druk5.1,5.1 Verdroging via het grondwater,H
Zoete en brakke wateren,3160,3160,TRUE,Druk8.2,8.2 Verontreiniging via de bodem,L
Zoete en brakke wateren,3160,3160,TRUE,Druk8.3,8.3 Verontreiniging via het grondwater,L
Zoete en brakke wateren,3160,3160,TRUE,Druk8.4,8.4 Verontreiniging via het oppervlaktewater (incl. overstromingswater),L
Zoete en brakke wateren,3260,3260,TRUE,Druk12,"12 Toename bodemdynamiek (erosie, omwoeling, verstuiving)",M
Zoete en brakke wateren,3260,3260,TRUE,Druk3.2,3.2 Eutrofiëring via de bodem,L
Zoete en brakke wateren,3260,3260,TRUE,Druk3.3,3.3 Eutrofiëring via het grondwater,H
Zoete en brakke wateren,3260,3260,TRUE,Druk3.4,3.4 Eutrofiëring via het oppervlaktewater (incl. overstromingswater en afspoeling),H
Zoete en brakke wateren,3260,3260,TRUE,Druk5.1,5.1 Verdroging via het grondwater,S
Zoete en brakke wateren,3260,3260,TRUE,Druk64,"64 Afname van stroomsnelheid, waterpeil en/of de fluctuatie ervan",M
Zoete en brakke wateren,3260,3260,TRUE,Druk8.1,8.1 Verontreiniging via de lucht,L
Zoete en brakke wateren,3260,3260,TRUE,Druk8.2,8.2 Verontreiniging via de bodem,L
Zoete en brakke wateren,3260,3260,TRUE,Druk8.3,8.3 Verontreiniging via het grondwater,M
Zoete en brakke wateren,3260,3260,TRUE,Druk8.4,8.4 Verontreiniging via het oppervlaktewater (incl. overstromingswater),H
Zoete en brakke wateren,3270,3270,TRUE,Druk101,101 Klimaatverandering in droge perioden,M
Zoete en brakke wateren,3270,3270,TRUE,Druk12,"12 Toename bodemdynamiek (erosie, omwoeling, verstuiving)",H
Zoete en brakke wateren,3270,3270,TRUE,Druk5.1,5.1 Verdroging via het grondwater,L
Zoete en brakke wateren,3270,3270,TRUE,Druk61,61 Toename overstromingsduur of -frequentie (incl. getijden),H
Zoete en brakke wateren,3270,3270,TRUE,Druk62,62 Afname overstromingsduur of -frequentie (incl. getijden),H
Zoete en brakke wateren,3270,3270,TRUE,Druk63,"63 Toename van stroomsnelheid, waterpeil en/of de fluctuatie ervan",H
Zoete en brakke wateren,3270,3270,TRUE,Druk65,65  Toename golfslagwerking,M
Heiden,4010,4010,TRUE,Druk101,101 Klimaatverandering in droge perioden,L
Heiden,4010,4010,TRUE,Druk3.1,3.1 Eutrofiëring via de lucht,H
Heiden,4010,4010,TRUE,Druk3.2,3.2 Eutrofiëring via de bodem,M
Heiden,4010,4010,TRUE,Druk3.3,3.3 Eutrofiëring via het grondwater,L
Heiden,4010,4010,TRUE,Druk3.4,3.4 Eutrofiëring via het oppervlaktewater (incl. overstromingswater en afspoeling),S
Heiden,4010,4010,TRUE,Druk4.1,4.1 Verzuring via de lucht,H
Heiden,4010,4010,TRUE,Druk5.1,5.1 Verdroging via het grondwater,H
Heiden,4030,4030,TRUE,Druk101,101 Klimaatverandering in droge perioden,L
Heiden,4030,4030,TRUE,Druk3.1,3.1 Eutrofiëring via de lucht,H
Heiden,4030,4030,TRUE,Druk3.2,3.2 Eutrofiëring via de bodem,S
Heiden,4030,4030,TRUE,Druk4.1,4.1 Verzuring via de lucht,H
Thermofiel struikgewas,5130,5130,TRUE,Druk101,101 Klimaatverandering in droge perioden,M
Thermofiel struikgewas,5130,5130,TRUE,Druk102,102 Klimaatverandering in natte perioden,M
Thermofiel struikgewas,5130,5130,TRUE,Druk13,"13 Afname bodemdynamiek (erosie, omwoeling, verstuiving)",H
Thermofiel struikgewas,5130,5130,TRUE,Druk3.1,3.1 Eutrofiëring via de lucht,H
Thermofiel struikgewas,5130,5130,TRUE,Druk3.2,3.2 Eutrofiëring via de bodem,L
Thermofiel struikgewas,5130,5130,TRUE,Druk4.1,4.1 Verzuring via de lucht,M
(Half-)natuurlijke graslanden,6120,6120,TRUE,Druk12,"12 Toename bodemdynamiek (erosie, omwoeling, verstuiving)",M
(Half-)natuurlijke graslanden,6120,6120,TRUE,Druk13,"13 Afname bodemdynamiek (erosie, omwoeling, verstuiving)",M
(Half-)natuurlijke graslanden,6120,6120,TRUE,Druk3.1,3.1 Eutrofiëring via de lucht,M
(Half-)natuurlijke graslanden,6120,6120,TRUE,Druk3.2,3.2 Eutrofiëring via de bodem,L
(Half-)natuurlijke graslanden,6120,6120,TRUE,Druk3.4,3.4 Eutrofiëring via het oppervlaktewater (incl. overstromingswater en afspoeling),M
(Half-)natuurlijke graslanden,6120,6120,TRUE,Druk61,61 Toename overstromingsduur of -frequentie (incl. getijden),H
(Half-)natuurlijke graslanden,6120,6120,TRUE,Druk62,62 Afname overstromingsduur of -frequentie (incl. getijden),H
(Half-)natuurlijke graslanden,6120,6120,TRUE,Druk8.1,8.1 Verontreiniging via de lucht,L
(Half-)natuurlijke graslanden,6120,6120,TRUE,Druk8.2,8.2 Verontreiniging via de bodem,L
(Half-)natuurlijke graslanden,6120,6120,TRUE,Druk8.4,8.4 Verontreiniging via het oppervlaktewater (incl. overstromingswater),L
(Half-)natuurlijke graslanden,6210,6210_hk,FALSE,Druk101,101 Klimaatverandering in droge perioden,L
(Half-)natuurlijke graslanden,6210,6210_hk,FALSE,Druk3.1,3.1 Eutrofiëring via de lucht,H
(Half-)natuurlijke graslanden,6210,6210_hk,FALSE,Druk3.2,3.2 Eutrofiëring via de bodem,H
(Half-)natuurlijke graslanden,6210,6210_hk,FALSE,Druk3.4,3.4 Eutrofiëring via het oppervlaktewater (incl. overstromingswater en afspoeling),M
(Half-)natuurlijke graslanden,6210,6210_hk,FALSE,Druk4.1,4.1 Verzuring via de lucht,L
(Half-)natuurlijke graslanden,6210,6210_hk,FALSE,Druk8.1,8.1 Verontreiniging via de lucht,L
(Half-)natuurlijke graslanden,6210,6210_hk,FALSE,Druk8.2,8.2 Verontreiniging via de bodem,L
(Half-)natuurlijke graslanden,6210,6210_hk,FALSE,Druk8.4,8.4 Verontreiniging via het oppervlaktewater (incl. overstromingswater),M
(Half-)natuurlijke graslanden,6210,6210_sk,FALSE,Druk101,101 Klimaatverandering in droge perioden,L
(Half-)natuurlijke graslanden,6210,6210_sk,FALSE,Druk3.1,3.1 Eutrofiëring via de lucht,H
(Half-)natuurlijke graslanden,6210,6210_sk,FALSE,Druk3.2,3.2 Eutrofiëring via de bodem,H
(Half-)natuurlijke graslanden,6210,6210_sk,FALSE,Druk3.4,3.4 Eutrofiëring via het oppervlaktewater (incl. overstromingswater en afspoeling),M
(Half-)natuurlijke graslanden,6210,6210_sk,FALSE,Druk4.1,4.1 Verzuring via de lucht,L
(Half-)natuurlijke graslanden,6210,6210_sk,FALSE,Druk8.1,8.1 Verontreiniging via de lucht,L
(Half-)natuurlijke graslanden,6210,6210_sk,FALSE,Druk8.2,8.2 Verontreiniging via de bodem,L
(Half-)natuurlijke graslanden,6210,6210_sk,FALSE,Druk8.4,8.4 Verontreiniging via het oppervlaktewater (incl. overstromingswater),M
(Half-)natuurlijke graslanden,6230,6230_ha,FALSE,Druk101,101 Klimaatverandering in droge perioden,L
(Half-)natuurlijke graslanden,6230,6230_ha,FALSE,Druk3.1,3.1 Eutrofiëring via de lucht,H
(Half-)natuurlijke graslanden,6230,6230_ha,FALSE,Druk3.2,3.2 Eutrofiëring via de bodem,H
(Half-)natuurlijke graslanden,6230,6230_ha,FALSE,Druk4.1,4.1 Verzuring via de lucht,M
(Half-)natuurlijke graslanden,6230,6230_ha,FALSE,Druk8.1,8.1 Verontreiniging via de lucht,L
(Half-)natuurlijke graslanden,6230,6230_ha,FALSE,Druk8.2,8.2 Verontreiniging via de bodem,L
(Half-)natuurlijke graslanden,6230,6230_ha,FALSE,Druk8.4,8.4 Verontreiniging via het oppervlaktewater (incl. overstromingswater),L
(Half-)natuurlijke graslanden,6230,6230_hmo,FALSE,Druk101,101 Klimaatverandering in droge perioden,L
(Half-)natuurlijke graslanden,6230,6230_hmo,FALSE,Druk3.1,3.1 Eutrofiëring via de lucht,H
(Half-)natuurlijke graslanden,6230,6230_hmo,FALSE,Druk3.2,3.2 Eutrofiëring via de bodem,H
(Half-)natuurlijke graslanden,6230,6230_hmo,FALSE,Druk3.3,3.3 Eutrofiëring via het grondwater,H
(Half-)natuurlijke graslanden,6230,6230_hmo,FALSE,Druk3.4,3.4 Eutrofiëring via het oppervlaktewater (incl. overstromingswater en afspoeling),M
(Half-)natuurlijke graslanden,6230,6230_hmo,FALSE,Druk4.2,4.2 Verzuring via het grondwater,M
(Half-)natuurlijke graslanden,6230,6230_hmo,FALSE,Druk5.1,5.1 Verdroging via het grondwater,H
(Half-)natuurlijke graslanden,6230,6230_hmo,FALSE,Druk61,61 Toename overstromingsduur of -frequentie (incl. getijden),L
(Half-)natuurlijke graslanden,6230,6230_hmo,FALSE,Druk8.1,8.1 Verontreiniging via de lucht,L
(Half-)natuurlijke graslanden,6230,6230_hmo,FALSE,Druk8.2,8.2 Verontreiniging via de bodem,L
(Half-)natuurlijke graslanden,6230,6230_hmo,FALSE,Druk8.3,8.3 Verontreiniging via het grondwater,L
(Half-)natuurlijke graslanden,6230,6230_hmo,FALSE,Druk8.4,8.4 Verontreiniging via het oppervlaktewater (incl. overstromingswater),L
(Half-)natuurlijke graslanden,6230,6230_hn,FALSE,Druk101,101 Klimaatverandering in droge perioden,L
(Half-)natuurlijke graslanden,6230,6230_hn,FALSE,Druk3.1,3.1 Eutrofiëring via de lucht,H
(Half-)natuurlijke graslanden,6230,6230_hn,FALSE,Druk3.2,3.2 Eutrofiëring via de bodem,H
(Half-)natuurlijke graslanden,6230,6230_hn,FALSE,Druk4.1,4.1 Verzuring via de lucht,M
(Half-)natuurlijke graslanden,6230,6230_hn,FALSE,Druk8.1,8.1 Verontreiniging via de lucht,L
(Half-)natuurlijke graslanden,6230,6230_hn,FALSE,Druk8.2,8.2 Verontreiniging via de bodem,L
(Half-)natuurlijke graslanden,6230,6230_hn,FALSE,Druk8.4,8.4 Verontreiniging via het oppervlaktewater (incl. overstromingswater),L
(Half-)natuurlijke graslanden,6230,6230_hnk,FALSE,Druk101,101 Klimaatverandering in droge perioden,L
(Half-)natuurlijke graslanden,6230,6230_hnk,FALSE,Druk3.1,3.1 Eutrofiëring via de lucht,H
(Half-)natuurlijke graslanden,6230,6230_hnk,FALSE,Druk3.2,3.2 Eutrofiëring via de bodem,H
(Half-)natuurlijke graslanden,6230,6230_hnk,FALSE,Druk3.4,3.4 Eutrofiëring via het oppervlaktewater (incl. overstromingswater en afspoeling),M
(Half-)natuurlijke graslanden,6230,6230_hnk,FALSE,Druk4.1,4.1 Verzuring via de lucht,L
(Half-)natuurlijke graslanden,6230,6230_hnk,FALSE,Druk8.1,8.1 Verontreiniging via de lucht,L
(Half-)natuurlijke graslanden,6230,6230_hnk,FALSE,Druk8.2,8.2 Verontreiniging via de bodem,L
(Half-)natuurlijke graslanden,6230,6230_hnk,FALSE,Druk8.4,8.4 Verontreiniging via het oppervlaktewater (incl. overstromingswater),M
(Half-)natuurlijke graslanden,6410,6410_mo,FALSE,Druk101,101 Klimaatverandering in droge perioden,L
(Half-)natuurlijke graslanden,6410,6410_mo,FALSE,Druk3.1,3.1 Eutrofiëring via de lucht,H
(Half-)natuurlijke graslanden,6410,6410_mo,FALSE,Druk3.2,3.2 Eutrofiëring via de bodem,H
(Half-)natuurlijke graslanden,6410,6410_mo,FALSE,Druk3.3,3.3 Eutrofiëring via het grondwater,M
(Half-)natuurlijke graslanden,6410,6410_mo,FALSE,Druk3.4,3.4 Eutrofiëring via het oppervlaktewater (incl. overstromingswater en afspoeling),M
(Half-)natuurlijke graslanden,6410,6410_mo,FALSE,Druk4.2,4.2 Verzuring via het grondwater,M
(Half-)natuurlijke graslanden,6410,6410_mo,FALSE,Druk5.1,5.1 Verdroging via het grondwater,H
(Half-)natuurlijke graslanden,6410,6410_mo,FALSE,Druk61,61 Toename overstromingsduur of -frequentie (incl. getijden),L
(Half-)natuurlijke graslanden,6410,6410_mo,FALSE,Druk8.1,8.1 Verontreiniging via de lucht,L
(Half-)natuurlijke graslanden,6410,6410_mo,FALSE,Druk8.2,8.2 Verontreiniging via de bodem,L
(Half-)natuurlijke graslanden,6410,6410_mo,FALSE,Druk8.3,8.3 Verontreiniging via het grondwater,L
(Half-)natuurlijke graslanden,6410,6410_mo,FALSE,Druk8.4,8.4 Verontreiniging via het oppervlaktewater (incl. overstromingswater),L
(Half-)natuurlijke graslanden,6410,6410_ve,FALSE,Druk3.1,3.1 Eutrofiëring via de lucht,M
(Half-)natuurlijke graslanden,6410,6410_ve,FALSE,Druk3.2,3.2 Eutrofiëring via de bodem,M
(Half-)natuurlijke graslanden,6410,6410_ve,FALSE,Druk3.3,3.3 Eutrofiëring via het grondwater,M
(Half-)natuurlijke graslanden,6410,6410_ve,FALSE,Druk3.4,3.4 Eutrofiëring via het oppervlaktewater (incl. overstromingswater en afspoeling),H
(Half-)natuurlijke graslanden,6410,6410_ve,FALSE,Druk4.2,4.2 Verzuring via het grondwater,M
(Half-)natuurlijke graslanden,6410,6410_ve,FALSE,Druk5.1,5.1 Verdroging via het grondwater,H
(Half-)natuurlijke graslanden,6410,6410_ve,FALSE,Druk61,61 Toename overstromingsduur of -frequentie (incl. getijden),L
(Half-)natuurlijke graslanden,6410,6410_ve,FALSE,Druk8.1,8.1 Verontreiniging via de lucht,L
(Half-)natuurlijke graslanden,6410,6410_ve,FALSE,Druk8.2,8.2 Verontreiniging via de bodem,L
(Half-)natuurlijke graslanden,6410,6410_ve,FALSE,Druk8.3,8.3 Verontreiniging via het grondwater,L
(Half-)natuurlijke graslanden,6410,6410_ve,FALSE,Druk8.4,8.4 Verontreiniging via het oppervlaktewater (incl. overstromingswater),L
(Half-)natuurlijke graslanden,6430,6430_bz,FALSE,Druk101,101 Klimaatverandering in droge perioden,L
(Half-)natuurlijke graslanden,6430,6430_bz,FALSE,Druk3.1,3.1 Eutrofiëring via de lucht,M
(Half-)natuurlijke graslanden,6430,6430_bz,FALSE,Druk3.2,3.2 Eutrofiëring via de bodem,L
(Half-)natuurlijke graslanden,6430,6430_bz,FALSE,Druk3.4,3.4 Eutrofiëring via het oppervlaktewater (incl. overstromingswater en afspoeling),L
(Half-)natuurlijke graslanden,6430,6430_bz,FALSE,Druk4.1,4.1 Verzuring via de lucht,M
(Half-)natuurlijke graslanden,6430,6430_bz,FALSE,Druk5.1,5.1 Verdroging via het grondwater,L
(Half-)natuurlijke graslanden,6430,6430_bz,FALSE,Druk8.1,8.1 Verontreiniging via de lucht,L
(Half-)natuurlijke graslanden,6430,6430_bz,FALSE,Druk8.2,8.2 Verontreiniging via de bodem,L
(Half-)natuurlijke graslanden,6430,6430_bz,FALSE,Druk8.4,8.4 Verontreiniging via het oppervlaktewater (incl. overstromingswater),L
(Half-)natuurlijke graslanden,6430,6430_hf,FALSE,Druk101,101 Klimaatverandering in droge perioden,L
(Half-)natuurlijke graslanden,6430,6430_hf,FALSE,Druk3.2,3.2 Eutrofiëring via de bodem,M
(Half-)natuurlijke graslanden,6430,6430_hf,FALSE,Druk3.3,3.3 Eutrofiëring via het grondwater,M
(Half-)natuurlijke graslanden,6430,6430_hf,FALSE,Druk3.4,3.4 Eutrofiëring via het oppervlaktewater (incl. overstromingswater en afspoeling),H
(Half-)natuurlijke graslanden,6430,6430_hf,FALSE,Druk5.1,5.1 Verdroging via het grondwater,H
(Half-)natuurlijke graslanden,6430,6430_hf,FALSE,Druk61,61 Toename overstromingsduur of -frequentie (incl. getijden),L
(Half-)natuurlijke graslanden,6430,6430_hf,FALSE,Druk8.1,8.1 Verontreiniging via de lucht,L
(Half-)natuurlijke graslanden,6430,6430_hf,FALSE,Druk8.2,8.2 Verontreiniging via de bodem,L
(Half-)natuurlijke graslanden,6430,6430_hf,FALSE,Druk8.3,8.3 Verontreiniging via het grondwater,L
(Half-)natuurlijke graslanden,6430,6430_hf,FALSE,Druk8.4,8.4 Verontreiniging via het oppervlaktewater (incl. overstromingswater),L
(Half-)natuurlijke graslanden,6430,6430_hw,FALSE,Druk12,"12 Toename bodemdynamiek (erosie, omwoeling, verstuiving)",M
(Half-)natuurlijke graslanden,6430,6430_hw,FALSE,Druk3.3,3.3 Eutrofiëring via het grondwater,M
(Half-)natuurlijke graslanden,6430,6430_hw,FALSE,Druk3.4,3.4 Eutrofiëring via het oppervlaktewater (incl. overstromingswater en afspoeling),H
(Half-)natuurlijke graslanden,6430,6430_hw,FALSE,Druk5.1,5.1 Verdroging via het grondwater,H
(Half-)natuurlijke graslanden,6430,6430_hw,FALSE,Druk61,61 Toename overstromingsduur of -frequentie (incl. getijden),M
(Half-)natuurlijke graslanden,6430,6430_hw,FALSE,Druk62,62 Afname overstromingsduur of -frequentie (incl. getijden),H
(Half-)natuurlijke graslanden,6430,6430_hw,FALSE,Druk63,"63 Toename van stroomsnelheid, waterpeil en/of de fluctuatie ervan",M
(Half-)natuurlijke graslanden,6430,6430_hw,FALSE,Druk8.3,8.3 Verontreiniging via het grondwater,L
(Half-)natuurlijke graslanden,6430,6430_hw,FALSE,Druk8.4,8.4 Verontreiniging via het oppervlaktewater (incl. overstromingswater),L
(Half-)natuurlijke graslanden,6430,6430_mr,FALSE,Druk12,"12 Toename bodemdynamiek (erosie, omwoeling, verstuiving)",H
(Half-)natuurlijke graslanden,6430,6430_mr,FALSE,Druk3.4,3.4 Eutrofiëring via het oppervlaktewater (incl. overstromingswater en afspoeling),M
(Half-)natuurlijke graslanden,6430,6430_mr,FALSE,Druk5.1,5.1 Verdroging via het grondwater,H
(Half-)natuurlijke graslanden,6430,6430_mr,FALSE,Druk5.2,5.2 Vernatting via het grondwater,M
(Half-)natuurlijke graslanden,6430,6430_mr,FALSE,Druk61,61 Toename overstromingsduur of -frequentie (incl. getijden),H
(Half-)natuurlijke graslanden,6430,6430_mr,FALSE,Druk62,62 Afname overstromingsduur of -frequentie (incl. getijden),H
(Half-)natuurlijke graslanden,6430,6430_mr,FALSE,Druk63,"63 Toename van stroomsnelheid, waterpeil en/of de fluctuatie ervan",H
(Half-)natuurlijke graslanden,6510,6510_hu,FALSE,Druk3.1,3.1 Eutrofiëring via de lucht,M
(Half-)natuurlijke graslanden,6510,6510_hu,FALSE,Druk3.2,3.2 Eutrofiëring via de bodem,H
(Half-)natuurlijke graslanden,6510,6510_hu,FALSE,Druk3.3,3.3 Eutrofiëring via het grondwater,L
(Half-)natuurlijke graslanden,6510,6510_hu,FALSE,Druk3.4,3.4 Eutrofiëring via het oppervlaktewater (incl. overstromingswater en afspoeling),L
(Half-)natuurlijke graslanden,6510,6510_hu,FALSE,Druk4.1,4.1 Verzuring via de lucht,L
(Half-)natuurlijke graslanden,6510,6510_hu,FALSE,Druk61,61 Toename overstromingsduur of -frequentie (incl. getijden),L
(Half-)natuurlijke graslanden,6510,6510_hu,FALSE,Druk8.1,8.1 Verontreiniging via de lucht,L
(Half-)natuurlijke graslanden,6510,6510_hu,FALSE,Druk8.2,8.2 Verontreiniging via de bodem,L
(Half-)natuurlijke graslanden,6510,6510_hu,FALSE,Druk8.3,8.3 Verontreiniging via het grondwater,L
(Half-)natuurlijke graslanden,6510,6510_hu,FALSE,Druk8.4,8.4 Verontreiniging via het oppervlaktewater (incl. overstromingswater),L
(Half-)natuurlijke graslanden,6510,6510_hua,FALSE,Druk101,101 Klimaatverandering in droge perioden,L
(Half-)natuurlijke graslanden,6510,6510_hua,FALSE,Druk3.1,3.1 Eutrofiëring via de lucht,M
(Half-)natuurlijke graslanden,6510,6510_hua,FALSE,Druk3.2,3.2 Eutrofiëring via de bodem,H
(Half-)natuurlijke graslanden,6510,6510_hua,FALSE,Druk3.3,3.3 Eutrofiëring via het grondwater,M
(Half-)natuurlijke graslanden,6510,6510_hua,FALSE,Druk3.4,3.4 Eutrofiëring via het oppervlaktewater (incl. overstromingswater en afspoeling),H
(Half-)natuurlijke graslanden,6510,6510_hua,FALSE,Druk5.1,5.1 Verdroging via het grondwater,H
(Half-)natuurlijke graslanden,6510,6510_hua,FALSE,Druk61,61 Toename overstromingsduur of -frequentie (incl. getijden),M
(Half-)natuurlijke graslanden,6510,6510_hua,FALSE,Druk62,62 Afname overstromingsduur of -frequentie (incl. getijden),L
(Half-)natuurlijke graslanden,6510,6510_hua,FALSE,Druk8.1,8.1 Verontreiniging via de lucht,L
(Half-)natuurlijke graslanden,6510,6510_hua,FALSE,Druk8.2,8.2 Verontreiniging via de bodem,L
(Half-)natuurlijke graslanden,6510,6510_hua,FALSE,Druk8.3,8.3 Verontreiniging via het grondwater,L
(Half-)natuurlijke graslanden,6510,6510_hua,FALSE,Druk8.4,8.4 Verontreiniging via het oppervlaktewater (incl. overstromingswater),M
(Half-)natuurlijke graslanden,6510,6510_huk,FALSE,Druk101,101 Klimaatverandering in droge perioden,L
(Half-)natuurlijke graslanden,6510,6510_huk,FALSE,Druk3.1,3.1 Eutrofiëring via de lucht,H
(Half-)natuurlijke graslanden,6510,6510_huk,FALSE,Druk3.2,3.2 Eutrofiëring via de bodem,H
(Half-)natuurlijke graslanden,6510,6510_huk,FALSE,Druk3.4,3.4 Eutrofiëring via het oppervlaktewater (incl. overstromingswater en afspoeling),M
(Half-)natuurlijke graslanden,6510,6510_huk,FALSE,Druk4.1,4.1 Verzuring via de lucht,L
(Half-)natuurlijke graslanden,6510,6510_huk,FALSE,Druk8.1,8.1 Verontreiniging via de lucht,L
(Half-)natuurlijke graslanden,6510,6510_huk,FALSE,Druk8.2,8.2 Verontreiniging via de bodem,L
(Half-)natuurlijke graslanden,6510,6510_huk,FALSE,Druk8.4,8.4 Verontreiniging via het oppervlaktewater (incl. overstromingswater),M
(Half-)natuurlijke graslanden,6510,6510_hus,FALSE,Druk101,101 Klimaatverandering in droge perioden,L
(Half-)natuurlijke graslanden,6510,6510_hus,FALSE,Druk3.1,3.1 Eutrofiëring via de lucht,M
(Half-)natuurlijke graslanden,6510,6510_hus,FALSE,Druk3.2,3.2 Eutrofiëring via de bodem,H
(Half-)natuurlijke graslanden,6510,6510_hus,FALSE,Druk3.3,3.3 Eutrofiëring via het grondwater,M
(Half-)natuurlijke graslanden,6510,6510_hus,FALSE,Druk3.4,3.4 Eutrofiëring via het oppervlaktewater (incl. overstromingswater en afspoeling),H
(Half-)natuurlijke graslanden,6510,6510_hus,FALSE,Druk5.1,5.1 Verdroging via het grondwater,H
(Half-)natuurlijke graslanden,6510,6510_hus,FALSE,Druk61,61 Toename overstromingsduur of -frequentie (incl. getijden),M
(Half-)natuurlijke graslanden,6510,6510_hus,FALSE,Druk62,62 Afname overstromingsduur of -frequentie (incl. getijden),L
(Half-)natuurlijke graslanden,6510,6510_hus,FALSE,Druk8.1,8.1 Verontreiniging via de lucht,L
(Half-)natuurlijke graslanden,6510,6510_hus,FALSE,Druk8.2,8.2 Verontreiniging via de bodem,L
(Half-)natuurlijke graslanden,6510,6510_hus,FALSE,Druk8.3,8.3 Verontreiniging via het grondwater,L
(Half-)natuurlijke graslanden,6510,6510_hus,FALSE,Druk8.4,8.4 Verontreiniging via het oppervlaktewater (incl. overstromingswater),M
Moerassen,7140,7140_base,FALSE,Druk101,101 Klimaatverandering in droge perioden,M
Moerassen,7140,7140_base,FALSE,Druk3.1,3.1 Eutrofiëring via de lucht,M
Moerassen,7140,7140_base,FALSE,Druk3.2,3.2 Eutrofiëring via de bodem,L
Moerassen,7140,7140_base,FALSE,Druk3.3,3.3 Eutrofiëring via het grondwater,M
Moerassen,7140,7140_base,FALSE,Druk3.4,3.4 Eutrofiëring via het oppervlaktewater (incl. overstromingswater en afspoeling),L
Moerassen,7140,7140_base,FALSE,Druk5.1,5.1 Verdroging via het grondwater,L
Moerassen,7140,7140_base,FALSE,Druk61,61 Toename overstromingsduur of -frequentie (incl. getijden),L
Moerassen,7140,7140_base,FALSE,Druk8.1,8.1 Verontreiniging via de lucht,L
Moerassen,7140,7140_base,FALSE,Druk8.3,8.3 Verontreiniging via het grondwater,L
Moerassen,7140,7140_base,FALSE,Druk8.4,8.4 Verontreiniging via het oppervlaktewater (incl. overstromingswater),L
Moerassen,7140,7140_meso,FALSE,Druk101,101 Klimaatverandering in droge perioden,M
Moerassen,7140,7140_meso,FALSE,Druk3.1,3.1 Eutrofiëring via de lucht,M
Moerassen,7140,7140_meso,FALSE,Druk3.2,3.2 Eutrofiëring via de bodem,L
Moerassen,7140,7140_meso,FALSE,Druk3.3,3.3 Eutrofiëring via het grondwater,M
Moerassen,7140,7140_meso,FALSE,Druk3.4,3.4 Eutrofiëring via het oppervlaktewater (incl. overstromingswater en afspoeling),H
Moerassen,7140,7140_meso,FALSE,Druk5.1,5.1 Verdroging via het grondwater,H
Moerassen,7140,7140_meso,FALSE,Druk61,61 Toename overstromingsduur of -frequentie (incl. getijden),H
Moerassen,7140,7140_meso,FALSE,Druk8.1,8.1 Verontreiniging via de lucht,L
Moerassen,7140,7140_meso,FALSE,Druk8.3,8.3 Verontreiniging via het grondwater,L
Moerassen,7140,7140_meso,FALSE,Druk8.4,8.4 Verontreiniging via het oppervlaktewater (incl. overstromingswater),L
Moerassen,7140,7140_mrd,FALSE,Druk101,101 Klimaatverandering in droge perioden,M
Moerassen,7140,7140_mrd,FALSE,Druk3.1,3.1 Eutrofiëring via de lucht,M
Moerassen,7140,7140_mrd,FALSE,Druk3.2,3.2 Eutrofiëring via de bodem,M
Moerassen,7140,7140_mrd,FALSE,Druk3.3,3.3 Eutrofiëring via het grondwater,L
Moerassen,7140,7140_mrd,FALSE,Druk3.4,3.4 Eutrofiëring via het oppervlaktewater (incl. overstromingswater en afspoeling),H
Moerassen,7140,7140_mrd,FALSE,Druk5.1,5.1 Verdroging via het grondwater,L
Moerassen,7140,7140_mrd,FALSE,Druk61,61 Toename overstromingsduur of -frequentie (incl. getijden),H
Moerassen,7140,7140_mrd,FALSE,Druk8.1,8.1 Verontreiniging via de lucht,L
Moerassen,7140,7140_mrd,FALSE,Druk8.2,8.2 Verontreiniging via de bodem,L
Moerassen,7140,7140_mrd,FALSE,Druk8.3,8.3 Verontreiniging via het grondwater,L
Moerassen,7140,7140_mrd,FALSE,Druk8.4,8.4 Verontreiniging via het oppervlaktewater (incl. overstromingswater),M
Moerassen,7140,7140_oli,FALSE,Druk101,101 Klimaatverandering in droge perioden,M
Moerassen,7140,7140_oli,FALSE,Druk3.1,3.1 Eutrofiëring via de lucht,M
Moerassen,7140,7140_oli,FALSE,Druk3.2,3.2 Eutrofiëring via de bodem,L
Moerassen,7140,7140_oli,FALSE,Druk3.3,3.3 Eutrofiëring via het grondwater,M
Moerassen,7140,7140_oli,FALSE,Druk3.4,3.4 Eutrofiëring via het oppervlaktewater (incl. overstromingswater en afspoeling),L
Moerassen,7140,7140_oli,FALSE,Druk5.1,5.1 Verdroging via het grondwater,H
Moerassen,7140,7140_oli,FALSE,Druk8.1,8.1 Verontreiniging via de lucht,L
Moerassen,7140,7140_oli,FALSE,Druk8.3,8.3 Verontreiniging via het grondwater,L
Moerassen,7150,7150,TRUE,Druk101,101 Klimaatverandering in droge perioden,M
Moerassen,7150,7150,TRUE,Druk3.1,3.1 Eutrofiëring via de lucht,H
Moerassen,7150,7150,TRUE,Druk3.2,3.2 Eutrofiëring via de bodem,L
Moerassen,7150,7150,TRUE,Druk3.3,3.3 Eutrofiëring via het grondwater,L
Moerassen,7150,7150,TRUE,Druk3.4,3.4 Eutrofiëring via het oppervlaktewater (incl. overstromingswater en afspoeling),M
Moerassen,7150,7150,TRUE,Druk5.1,5.1 Verdroging via het grondwater,H
Moerassen,7150,7150,TRUE,Druk8.1,8.1 Verontreiniging via de lucht,L
Moerassen,7150,7150,TRUE,Druk8.3,8.3 Verontreiniging via het grondwater,L
Moerassen,7210,7210,TRUE,Druk101,101 Klimaatverandering in droge perioden,L
Moerassen,7210,7210,TRUE,Druk3.1,3.1 Eutrofiëring via de lucht,M
Moerassen,7210,7210,TRUE,Druk3.2,3.2 Eutrofiëring via de bodem,L
Moerassen,7210,7210,TRUE,Druk3.3,3.3 Eutrofiëring via het grondwater,M
Moerassen,7210,7210,TRUE,Druk3.4,3.4 Eutrofiëring via het oppervlaktewater (incl. overstromingswater en afspoeling),H
Moerassen,7210,7210,TRUE,Druk5.1,5.1 Verdroging via het grondwater,L
Moerassen,7210,7210,TRUE,Druk64,"64 Afname van stroomsnelheid, waterpeil en/of de fluctuatie ervan",M
Moerassen,7210,7210,TRUE,Druk8.1,8.1 Verontreiniging via de lucht,L
Moerassen,7210,7210,TRUE,Druk8.3,8.3 Verontreiniging via het grondwater,L
Moerassen,7210,7210,TRUE,Druk8.4,8.4 Verontreiniging via het oppervlaktewater (incl. overstromingswater),M
Moerassen,7220,7220,TRUE,Druk3.1,3.1 Eutrofiëring via de lucht,L
Moerassen,7220,7220,TRUE,Druk3.3,3.3 Eutrofiëring via het grondwater,H
Moerassen,7220,7220,TRUE,Druk3.4,3.4 Eutrofiëring via het oppervlaktewater (incl. overstromingswater en afspoeling),L
Moerassen,7220,7220,TRUE,Druk5.1,5.1 Verdroging via het grondwater,H
Moerassen,7220,7220,TRUE,Druk64,"64 Afname van stroomsnelheid, waterpeil en/of de fluctuatie ervan",H
Moerassen,7220,7220,TRUE,Druk8.3,8.3 Verontreiniging via het grondwater,L
Moerassen,7230,7230,TRUE,Druk101,101 Klimaatverandering in droge perioden,L
Moerassen,7230,7230,TRUE,Druk3.1,3.1 Eutrofiëring via de lucht,M
Moerassen,7230,7230,TRUE,Druk3.2,3.2 Eutrofiëring via de bodem,L
Moerassen,7230,7230,TRUE,Druk3.3,3.3 Eutrofiëring via het grondwater,H
Moerassen,7230,7230,TRUE,Druk3.4,3.4 Eutrofiëring via het oppervlaktewater (incl. overstromingswater en afspoeling),L
Moerassen,7230,7230,TRUE,Druk5.1,5.1 Verdroging via het grondwater,M
Moerassen,7230,7230,TRUE,Druk61,61 Toename overstromingsduur of -frequentie (incl. getijden),L
Moerassen,7230,7230,TRUE,Druk8.1,8.1 Verontreiniging via de lucht,M
Moerassen,7230,7230,TRUE,Druk8.2,8.2 Verontreiniging via de bodem,L
Moerassen,7230,7230,TRUE,Druk8.3,8.3 Verontreiniging via het grondwater,L
Moerassen,7230,7230,TRUE,Druk8.4,8.4 Verontreiniging via het oppervlaktewater (incl. overstromingswater),L
Rotsachtige habitats en grotten,8310,8310,TRUE,Druk101,101 Klimaatverandering in droge perioden,M
Rotsachtige habitats en grotten,8310,8310,TRUE,Druk102,102 Klimaatverandering in natte perioden,M
Rotsachtige habitats en grotten,8310,8310,TRUE,Druk5.1,5.1 Verdroging via het grondwater,M
Rotsachtige habitats en grotten,8310,8310,TRUE,Druk8.1,8.1 Verontreiniging via de lucht,L
Rotsachtige habitats en grotten,8310,8310,TRUE,Druk8.2,8.2 Verontreiniging via de bodem,L
Rotsachtige habitats en grotten,8310,8310,TRUE,Druk8.3,8.3 Verontreiniging via het grondwater,L
Bossen en struwelen,9110,9110,TRUE,Druk101,101 Klimaatverandering in droge perioden,M
Bossen en struwelen,9110,9110,TRUE,Druk3.1,3.1 Eutrofiëring via de lucht,H
Bossen en struwelen,9110,9110,TRUE,Druk3.2,3.2 Eutrofiëring via de bodem,S
Bossen en struwelen,9110,9110,TRUE,Druk4.1,4.1 Verzuring via de lucht,H
Bossen en struwelen,9120,9120,TRUE,Druk101,101 Klimaatverandering in droge perioden,M
Bossen en struwelen,9120,9120,TRUE,Druk3.1,3.1 Eutrofiëring via de lucht,H
Bossen en struwelen,9120,9120,TRUE,Druk3.2,3.2 Eutrofiëring via de bodem,S
Bossen en struwelen,9120,9120,TRUE,Druk3.3,3.3 Eutrofiëring via het grondwater,S
Bossen en struwelen,9120,9120,TRUE,Druk3.4,3.4 Eutrofiëring via het oppervlaktewater (incl. overstromingswater en afspoeling),S
Bossen en struwelen,9120,9120,TRUE,Druk4.1,4.1 Verzuring via de lucht,H
Bossen en struwelen,9120,9120,TRUE,Druk5.2,5.2 Vernatting via het grondwater,M
Bossen en struwelen,9130,9130_end,TRUE,Druk101,101 Klimaatverandering in droge perioden,M
Bossen en struwelen,9130,9130_end,TRUE,Druk3.1,3.1 Eutrofiëring via de lucht,H
Bossen en struwelen,9130,9130_end,TRUE,Druk3.2,3.2 Eutrofiëring via de bodem,S
Bossen en struwelen,9130,9130_end,TRUE,Druk3.3,3.3 Eutrofiëring via het grondwater,M
Bossen en struwelen,9130,9130_end,TRUE,Druk3.4,3.4 Eutrofiëring via het oppervlaktewater (incl. overstromingswater en afspoeling),L
Bossen en struwelen,9130,9130_end,TRUE,Druk4.1,4.1 Verzuring via de lucht,H
Bossen en struwelen,9130,9130_end,TRUE,Druk5.1,5.1 Verdroging via het grondwater,L
Bossen en struwelen,9130,9130_fm,TRUE,Druk101,101 Klimaatverandering in droge perioden,M
Bossen en struwelen,9130,9130_fm,TRUE,Druk3.1,3.1 Eutrofiëring via de lucht,H
Bossen en struwelen,9130,9130_fm,TRUE,Druk3.2,3.2 Eutrofiëring via de bodem,S
Bossen en struwelen,9130,9130_fm,TRUE,Druk3.3,3.3 Eutrofiëring via het grondwater,M
Bossen en struwelen,9130,9130_fm,TRUE,Druk3.4,3.4 Eutrofiëring via het oppervlaktewater (incl. overstromingswater en afspoeling),L
Bossen en struwelen,9130,9130_fm,TRUE,Druk4.1,4.1 Verzuring via de lucht,H
Bossen en struwelen,9130,9130_fm,TRUE,Druk5.1,5.1 Verdroging via het grondwater,L
Bossen en struwelen,9150,9150,TRUE,Druk101,101 Klimaatverandering in droge perioden,L
Bossen en struwelen,9150,9150,TRUE,Druk13,"13 Afname bodemdynamiek (erosie, omwoeling, verstuiving)",M
Bossen en struwelen,9150,9150,TRUE,Druk3.1,3.1 Eutrofiëring via de lucht,H
Bossen en struwelen,9150,9150,TRUE,Druk3.2,3.2 Eutrofiëring via de bodem,S
Bossen en struwelen,9150,9150,TRUE,Druk4.1,4.1 Verzuring via de lucht,M
Bossen en struwelen,9160,9160,TRUE,Druk101,101 Klimaatverandering in droge perioden,L
Bossen en struwelen,9160,9160,TRUE,Druk3.1,3.1 Eutrofiëring via de lucht,H
Bossen en struwelen,9160,9160,TRUE,Druk3.2,3.2 Eutrofiëring via de bodem,S
Bossen en struwelen,9160,9160,TRUE,Druk3.3,3.3 Eutrofiëring via het grondwater,M
Bossen en struwelen,9160,9160,TRUE,Druk3.4,3.4 Eutrofiëring via het oppervlaktewater (incl. overstromingswater en afspoeling),L
Bossen en struwelen,9160,9160,TRUE,Druk4.1,4.1 Verzuring via de lucht,H
Bossen en struwelen,9160,9160,TRUE,Druk5.1,5.1 Verdroging via het grondwater,L
Bossen en struwelen,9160,9160,TRUE,Druk5.2,5.2 Vernatting via het grondwater,M
Bossen en struwelen,9190,9190,TRUE,Druk101,101 Klimaatverandering in droge perioden,L
Bossen en struwelen,9190,9190,TRUE,Druk3.1,3.1 Eutrofiëring via de lucht,H
Bossen en struwelen,9190,9190,TRUE,Druk3.2,3.2 Eutrofiëring via de bodem,S
Bossen en struwelen,9190,9190,TRUE,Druk3.3,3.3 Eutrofiëring via het grondwater,L
Bossen en struwelen,9190,9190,TRUE,Druk3.4,3.4 Eutrofiëring via het oppervlaktewater (incl. overstromingswater en afspoeling),S
Bossen en struwelen,9190,9190,TRUE,Druk4.1,4.1 Verzuring via de lucht,H
Bossen en struwelen,9190,9190,TRUE,Druk5.1,5.1 Verdroging via het grondwater,M
Bossen en struwelen,91E0,91E0_sf,FALSE,Druk3.2,3.2 Eutrofiëring via de bodem,L
Bossen en struwelen,91E0,91E0_sf,FALSE,Druk3.3,3.3 Eutrofiëring via het grondwater,L
Bossen en struwelen,91E0,91E0_sf,FALSE,Druk3.4,3.4 Eutrofiëring via het oppervlaktewater (incl. overstromingswater en afspoeling),M
Bossen en struwelen,91E0,91E0_sf,FALSE,Druk5.1,5.1 Verdroging via het grondwater,H
Bossen en struwelen,91E0,91E0_sf,FALSE,Druk61,61 Toename overstromingsduur of -frequentie (incl. getijden),H
Bossen en struwelen,91E0,91E0_sf,FALSE,Druk62,62 Afname overstromingsduur of -frequentie (incl. getijden),H
Bossen en struwelen,91E0,91E0_sf,FALSE,Druk63,"63 Toename van stroomsnelheid, waterpeil en/of de fluctuatie ervan",M
Bossen en struwelen,91E0,91E0_va,FALSE,Druk3.1,3.1 Eutrofiëring via de lucht,M
Bossen en struwelen,91E0,91E0_va,FALSE,Druk3.2,3.2 Eutrofiëring via de bodem,M
Bossen en struwelen,91E0,91E0_va,FALSE,Druk3.3,3.3 Eutrofiëring via het grondwater,H
Bossen en struwelen,91E0,91E0_va,FALSE,Druk3.4,3.4 Eutrofiëring via het oppervlaktewater (incl. overstromingswater en afspoeling),H
Bossen en struwelen,91E0,91E0_va,FALSE,Druk4.1,4.1 Verzuring via de lucht,M
Bossen en struwelen,91E0,91E0_va,FALSE,Druk5.1,5.1 Verdroging via het grondwater,H
Bossen en struwelen,91E0,91E0_va,FALSE,Druk5.2,5.2 Vernatting via het grondwater,H
Bossen en struwelen,91E0,91E0_va,FALSE,Druk61,61 Toename overstromingsduur of -frequentie (incl. getijden),M
Bossen en struwelen,91E0,91E0_va,FALSE,Druk62,62 Afname overstromingsduur of -frequentie (incl. getijden),L
Bossen en struwelen,91E0,91E0_vc,FALSE,Druk3.1,3.1 Eutrofiëring via de lucht,M
Bossen en struwelen,91E0,91E0_vc,FALSE,Druk3.2,3.2 Eutrofiëring via de bodem,M
Bossen en struwelen,91E0,91E0_vc,FALSE,Druk3.3,3.3 Eutrofiëring via het grondwater,H
Bossen en struwelen,91E0,91E0_vc,FALSE,Druk3.4,3.4 Eutrofiëring via het oppervlaktewater (incl. overstromingswater en afspoeling),M
Bossen en struwelen,91E0,91E0_vc,FALSE,Druk4.1,4.1 Verzuring via de lucht,M
Bossen en struwelen,91E0,91E0_vc,FALSE,Druk5.1,5.1 Verdroging via het grondwater,H
Bossen en struwelen,91E0,91E0_vc,FALSE,Druk5.2,5.2 Vernatting via het grondwater,H
Bossen en struwelen,91E0,91E0_vm,FALSE,Druk3.1,3.1 Eutrofiëring via de lucht,M
Bossen en struwelen,91E0,91E0_vm,FALSE,Druk3.2,3.2 Eutrofiëring via de bodem,M
Bossen en struwelen,91E0,91E0_vm,FALSE,Druk3.3,3.3 Eutrofiëring via het grondwater,H
Bossen en struwelen,91E0,91E0_vm,FALSE,Druk3.4,3.4 Eutrofiëring via het oppervlaktewater (incl. overstromingswater en afspoeling),M
Bossen en struwelen,91E0,91E0_vm,FALSE,Druk4.1,4.1 Verzuring via de lucht,M
Bossen en struwelen,91E0,91E0_vm,FALSE,Druk5.1,5.1 Verdroging via het grondwater,H
Bossen en struwelen,91E0,91E0_vm,FALSE,Druk5.2,5.2 Vernatting via het grondwater,H
Bossen en struwelen,91E0,91E0_vm,FALSE,Druk61,61 Toename overstromingsduur of -frequentie (incl. getijden),L
Bossen en struwelen,91E0,91E0_vn,FALSE,Druk3.1,3.1 Eutrofiëring via de lucht,M
Bossen en struwelen,91E0,91E0_vn,FALSE,Druk3.3,3.3 Eutrofiëring via het grondwater,M
Bossen en struwelen,91E0,91E0_vn,FALSE,Druk3.4,3.4 Eutrofiëring via het oppervlaktewater (incl. overstromingswater en afspoeling),M
Bossen en struwelen,91E0,91E0_vn,FALSE,Druk4.1,4.1 Verzuring via de lucht,M
Bossen en struwelen,91E0,91E0_vn,FALSE,Druk5.1,5.1 Verdroging via het grondwater,H
Bossen en struwelen,91E0,91E0_vn,FALSE,Druk5.2,5.2 Vernatting via het grondwater,H
Bossen en struwelen,91E0,91E0_vn,FALSE,Druk61,61 Toename overstromingsduur of -frequentie (incl. getijden),L
Bossen en struwelen,91E0,91E0_vn,FALSE,Druk8.2,8.2 Verontreiniging via de bodem,L
Bossen en struwelen,91E0,91E0_vo,FALSE,Druk3.1,3.1 Eutrofiëring via de lucht,M
Bossen en struwelen,91E0,91E0_vo,FALSE,Druk3.2,3.2 Eutrofiëring via de bodem,M
Bossen en struwelen,91E0,91E0_vo,FALSE,Druk3.3,3.3 Eutrofiëring via het grondwater,H
Bossen en struwelen,91E0,91E0_vo,FALSE,Druk3.4,3.4 Eutrofiëring via het oppervlaktewater (incl. overstromingswater en afspoeling),M
Bossen en struwelen,91E0,91E0_vo,FALSE,Druk4.1,4.1 Verzuring via de lucht,M
Bossen en struwelen,91E0,91E0_vo,FALSE,Druk5.1,5.1 Verdroging via het grondwater,H
Bossen en struwelen,91E0,91E0_vo,FALSE,Druk5.2,5.2 Vernatting via het grondwater,H
Bossen en struwelen,91E0,91E0_vo,FALSE,Druk61,61 Toename overstromingsduur of -frequentie (incl. getijden),L
Bossen en struwelen,91F0,91F0,TRUE,Druk101,101 Klimaatverandering in droge perioden,L
Bossen en struwelen,91F0,91F0,TRUE,Druk3.1,3.1 Eutrofiëring via de lucht,M
Bossen en struwelen,91F0,91F0,TRUE,Druk3.4,3.4 Eutrofiëring via het oppervlaktewater (incl. overstromingswater en afspoeling),H
Bossen en struwelen,91F0,91F0,TRUE,Druk4.1,4.1 Verzuring via de lucht,M
Bossen en struwelen,91F0,91F0,TRUE,Druk5.1,5.1 Verdroging via het grondwater,M
Bossen en struwelen,91F0,91F0,TRUE,Druk61,61 Toename overstromingsduur of -frequentie (incl. getijden),H
Bossen en struwelen,91F0,91F0,TRUE,Druk62,62 Afname overstromingsduur of -frequentie (incl. getijden),H
Zoete en brakke wateren,rbbah,rbbah,TRUE,Druk3.1,3.1 Eutrofiëring via de lucht,S
Zoete en brakke wateren,rbbah,rbbah,TRUE,Druk3.2,3.2 Eutrofiëring via de bodem,L
Zoete en brakke wateren,rbbah,rbbah,TRUE,Druk3.3,3.3 Eutrofiëring via het grondwater,M
Zoete en brakke wateren,rbbah,rbbah,TRUE,Druk3.4,3.4 Eutrofiëring via het oppervlaktewater (incl. overstromingswater en afspoeling),H
Zoete en brakke wateren,rbbah,rbbah,TRUE,Druk5.1,5.1 Verdroging via het grondwater,S
Zoete en brakke wateren,rbbah,rbbah,TRUE,Druk7.1,7.1 Verzoeting via het grondwater,M
Zoete en brakke wateren,rbbah,rbbah,TRUE,Druk7.2,7.2 Verzoeting via het oppervlaktewater (incl. overstromingswater),H
Zoete en brakke wateren,rbbah,rbbah,TRUE,Druk8.2,8.2 Verontreiniging via de bodem,L
Zoete en brakke wateren,rbbah,rbbah,TRUE,Druk8.3,8.3 Verontreiniging via het grondwater,M
Zoete en brakke wateren,rbbah,rbbah,TRUE,Druk8.4,8.4 Verontreiniging via het oppervlaktewater (incl. overstromingswater),M
(Half-)natuurlijke graslanden,rbbha,rbbha,TRUE,Druk3.1,3.1 Eutrofiëring via de lucht,H
(Half-)natuurlijke graslanden,rbbha,rbbha,TRUE,Druk3.2,3.2 Eutrofiëring via de bodem,H
(Half-)natuurlijke graslanden,rbbha,rbbha,TRUE,Druk4.1,4.1 Verzuring via de lucht,M
(Half-)natuurlijke graslanden,rbbhc,rbbhc,TRUE,Druk101,101 Klimaatverandering in droge perioden,L
(Half-)natuurlijke graslanden,rbbhc,rbbhc,TRUE,Druk3.1,3.1 Eutrofiëring via de lucht,L
(Half-)natuurlijke graslanden,rbbhc,rbbhc,TRUE,Druk3.2,3.2 Eutrofiëring via de bodem,H
(Half-)natuurlijke graslanden,rbbhc,rbbhc,TRUE,Druk3.3,3.3 Eutrofiëring via het grondwater,M
(Half-)natuurlijke graslanden,rbbhc,rbbhc,TRUE,Druk3.4,3.4 Eutrofiëring via het oppervlaktewater (incl. overstromingswater en afspoeling),H
(Half-)natuurlijke graslanden,rbbhc,rbbhc,TRUE,Druk4.2,4.2 Verzuring via het grondwater,M
(Half-)natuurlijke graslanden,rbbhc,rbbhc,TRUE,Druk5.1,5.1 Verdroging via het grondwater,H
(Half-)natuurlijke graslanden,rbbhc,rbbhc,TRUE,Druk61,61 Toename overstromingsduur of -frequentie (incl. getijden),M
(Half-)natuurlijke graslanden,rbbhc,rbbhc,TRUE,Druk62,62 Afname overstromingsduur of -frequentie (incl. getijden),L
(Half-)natuurlijke graslanden,rbbhc,rbbhc,TRUE,Druk8.1,8.1 Verontreiniging via de lucht,L
(Half-)natuurlijke graslanden,rbbhc,rbbhc,TRUE,Druk8.2,8.2 Verontreiniging via de bodem,M
(Half-)natuurlijke graslanden,rbbhc,rbbhc,TRUE,Druk8.3,8.3 Verontreiniging via het grondwater,L
(Half-)natuurlijke graslanden,rbbhc,rbbhc,TRUE,Druk8.4,8.4 Verontreiniging via het oppervlaktewater (incl. overstromingswater),L
(Half-)natuurlijke graslanden,rbbhf,rbbhf,TRUE,Druk3.2,3.2 Eutrofiëring via de bodem,L
(Half-)natuurlijke graslanden,rbbhf,rbbhf,TRUE,Druk3.3,3.3 Eutrofiëring via het grondwater,H
(Half-)natuurlijke graslanden,rbbhf,rbbhf,TRUE,Druk3.4,3.4 Eutrofiëring via het oppervlaktewater (incl. overstromingswater en afspoeling),H
(Half-)natuurlijke graslanden,rbbhf,rbbhf,TRUE,Druk5.1,5.1 Verdroging via het grondwater,H
(Half-)natuurlijke graslanden,rbbhf,rbbhf,TRUE,Druk61,61 Toename overstromingsduur of -frequentie (incl. getijden),H
(Half-)natuurlijke graslanden,rbbhf,rbbhf,TRUE,Druk8.2,8.2 Verontreiniging via de bodem,L
(Half-)natuurlijke graslanden,rbbhfl,rbbhfl,TRUE,Druk3.3,3.3 Eutrofiëring via het grondwater,H
(Half-)natuurlijke graslanden,rbbhfl,rbbhfl,TRUE,Druk3.4,3.4 Eutrofiëring via het oppervlaktewater (incl. overstromingswater en afspoeling),M
(Half-)natuurlijke graslanden,rbbhfl,rbbhfl,TRUE,Druk5.1,5.1 Verdroging via het grondwater,H
(Half-)natuurlijke graslanden,rbbhfl,rbbhfl,TRUE,Druk61,61 Toename overstromingsduur of -frequentie (incl. getijden),M
(Half-)natuurlijke graslanden,rbbkam,rbbkam,TRUE,Druk3.1,3.1 Eutrofiëring via de lucht,L
(Half-)natuurlijke graslanden,rbbkam,rbbkam,TRUE,Druk3.2,3.2 Eutrofiëring via de bodem,H
(Half-)natuurlijke graslanden,rbbkam,rbbkam,TRUE,Druk3.3,3.3 Eutrofiëring via het grondwater,L
(Half-)natuurlijke graslanden,rbbkam,rbbkam,TRUE,Druk3.4,3.4 Eutrofiëring via het oppervlaktewater (incl. overstromingswater en afspoeling),M
(Half-)natuurlijke graslanden,rbbkam,rbbkam,TRUE,Druk4.1,4.1 Verzuring via de lucht,L
(Half-)natuurlijke graslanden,rbbkam,rbbkam,TRUE,Druk5.1,5.1 Verdroging via het grondwater,P
(Half-)natuurlijke graslanden,rbbkam,rbbkam,TRUE,Druk61,61 Toename overstromingsduur of -frequentie (incl. getijden),M
(Half-)natuurlijke graslanden,rbbkam,rbbkam,TRUE,Druk8.2,8.2 Verontreiniging via de bodem,M
(Half-)natuurlijke graslanden,rbbkam,rbbkam,TRUE,Druk8.3,8.3 Verontreiniging via het grondwater,L
(Half-)natuurlijke graslanden,rbbkam,rbbkam,TRUE,Druk8.4,8.4 Verontreiniging via het oppervlaktewater (incl. overstromingswater),M
Moerassen,rbbmc,rbbmc,TRUE,Druk101,101 Klimaatverandering in droge perioden,L
Moerassen,rbbmc,rbbmc,TRUE,Druk3.1,3.1 Eutrofiëring via de lucht,L
Moerassen,rbbmc,rbbmc,TRUE,Druk3.2,3.2 Eutrofiëring via de bodem,L
Moerassen,rbbmc,rbbmc,TRUE,Druk3.3,3.3 Eutrofiëring via het grondwater,L
Moerassen,rbbmc,rbbmc,TRUE,Druk3.4,3.4 Eutrofiëring via het oppervlaktewater (incl. overstromingswater en afspoeling),S
Moerassen,rbbmc,rbbmc,TRUE,Druk5.1,5.1 Verdroging via het grondwater,H
Moerassen,rbbmc,rbbmc,TRUE,Druk5.2,5.2 Vernatting via het grondwater,H
Moerassen,rbbmc,rbbmc,TRUE,Druk61,61 Toename overstromingsduur of -frequentie (incl. getijden),L
Moerassen,rbbmc,rbbmc,TRUE,Druk62,62 Afname overstromingsduur of -frequentie (incl. getijden),M
Moerassen,rbbmc,rbbmc,TRUE,Druk8.1,8.1 Verontreiniging via de lucht,L
Moerassen,rbbmc,rbbmc,TRUE,Druk8.3,8.3 Verontreiniging via het grondwater,L
Moerassen,rbbmc,rbbmc,TRUE,Druk8.4,8.4 Verontreiniging via het oppervlaktewater (incl. overstromingswater),L
Moerassen,rbbmr,rbbmr,TRUE,Druk101,101 Klimaatverandering in droge perioden,L
Moerassen,rbbmr,rbbmr,TRUE,Druk3.1,3.1 Eutrofiëring via de lucht,L
Moerassen,rbbmr,rbbmr,TRUE,Druk3.2,3.2 Eutrofiëring via de bodem,L
Moerassen,rbbmr,rbbmr,TRUE,Druk3.3,3.3 Eutrofiëring via het grondwater,M
Moerassen,rbbmr,rbbmr,TRUE,Druk3.4,3.4 Eutrofiëring via het oppervlaktewater (incl. overstromingswater en afspoeling),L
Moerassen,rbbmr,rbbmr,TRUE,Druk5.1,5.1 Verdroging via het grondwater,H
Moerassen,rbbmr,rbbmr,TRUE,Druk61,61 Toename overstromingsduur of -frequentie (incl. getijden),L
Moerassen,rbbmr,rbbmr,TRUE,Druk8.1,8.1 Verontreiniging via de lucht,L
Moerassen,rbbmr,rbbmr,TRUE,Druk8.3,8.3 Verontreiniging via het grondwater,L
Moerassen,rbbmr,rbbmr,TRUE,Druk8.4,8.4 Verontreiniging via het oppervlaktewater (incl. overstromingswater),L
Moerassen,rbbms,rbbms,TRUE,Druk101,101 Klimaatverandering in droge perioden,L
Moerassen,rbbms,rbbms,TRUE,Druk3.1,3.1 Eutrofiëring via de lucht,M
Moerassen,rbbms,rbbms,TRUE,Druk3.2,3.2 Eutrofiëring via de bodem,L
Moerassen,rbbms,rbbms,TRUE,Druk3.3,3.3 Eutrofiëring via het grondwater,H
Moerassen,rbbms,rbbms,TRUE,Druk3.4,3.4 Eutrofiëring via het oppervlaktewater (incl. overstromingswater en afspoeling),M
Moerassen,rbbms,rbbms,TRUE,Druk5.1,5.1 Verdroging via het grondwater,H
Moerassen,rbbms,rbbms,TRUE,Druk61,61 Toename overstromingsduur of -frequentie (incl. getijden),H
Moerassen,rbbms,rbbms,TRUE,Druk8.1,8.1 Verontreiniging via de lucht,L
Moerassen,rbbms,rbbms,TRUE,Druk8.2,8.2 Verontreiniging via de bodem,L
Moerassen,rbbms,rbbms,TRUE,Druk8.3,8.3 Verontreiniging via het grondwater,L
Bossen en struwelen,rbbppm,rbbppm,TRUE,Druk101,101 Klimaatverandering in droge perioden,L
Bossen en struwelen,rbbppm,rbbppm,TRUE,Druk3.1,3.1 Eutrofiëring via de lucht,H
Bossen en struwelen,rbbppm,rbbppm,TRUE,Druk3.2,3.2 Eutrofiëring via de bodem,S
Bossen en struwelen,rbbppm,rbbppm,TRUE,Druk3.4,3.4 Eutrofiëring via het oppervlaktewater (incl. overstromingswater en afspoeling),S
Bossen en struwelen,rbbppm,rbbppm,TRUE,Druk4.1,4.1 Verzuring via de lucht,H
Bossen en struwelen,rbbppm,rbbppm,TRUE,Druk5.1,5.1 Verdroging via het grondwater,M
Bossen en struwelen,rbbsf,rbbsf,TRUE,Druk3.1,3.1 Eutrofiëring via de lucht,M
Bossen en struwelen,rbbsf,rbbsf,TRUE,Druk3.2,3.2 Eutrofiëring via de bodem,M
Bossen en struwelen,rbbsf,rbbsf,TRUE,Druk3.3,3.3 Eutrofiëring via het grondwater,H
Bossen en struwelen,rbbsf,rbbsf,TRUE,Druk3.4,3.4 Eutrofiëring via het oppervlaktewater (incl. overstromingswater en afspoeling),H
Bossen en struwelen,rbbsf,rbbsf,TRUE,Druk5.1,5.1 Verdroging via het grondwater,H
Bossen en struwelen,rbbsf,rbbsf,TRUE,Druk61,61 Toename overstromingsduur of -frequentie (incl. getijden),L
Bossen en struwelen,rbbsf,rbbsf,TRUE,Druk8.2,8.2 Verontreiniging via de bodem,L
Heiden,rbbsg,rbbsg,TRUE,Druk101,101 Klimaatverandering in droge perioden,L
Heiden,rbbsg,rbbsg,TRUE,Druk3.1,3.1 Eutrofiëring via de lucht,L
Heiden,rbbsg,rbbsg,TRUE,Druk3.2,3.2 Eutrofiëring via de bodem,S
Heiden,rbbsg,rbbsg,TRUE,Druk4.1,4.1 Verzuring via de lucht,S
Heiden,rbbsm,rbbsm,TRUE,Druk3.1,3.1 Eutrofiëring via de lucht,L
Heiden,rbbsm,rbbsm,TRUE,Druk3.2,3.2 Eutrofiëring via de bodem,L
Heiden,rbbsm,rbbsm,TRUE,Druk3.3,3.3 Eutrofiëring via het grondwater,H
Heiden,rbbsm,rbbsm,TRUE,Druk3.4,3.4 Eutrofiëring via het oppervlaktewater (incl. overstromingswater en afspoeling),M
Heiden,rbbsm,rbbsm,TRUE,Druk5.1,5.1 Verdroging via het grondwater,H
Heiden,rbbsm,rbbsm,TRUE,Druk5.2,5.2 Vernatting via het grondwater,M
Bossen en struwelen,rbbso,rbbso,TRUE,Druk3.1,3.1 Eutrofiëring via de lucht,H
Bossen en struwelen,rbbso,rbbso,TRUE,Druk3.2,3.2 Eutrofiëring via de bodem,M
Bossen en struwelen,rbbso,rbbso,TRUE,Druk3.3,3.3 Eutrofiëring via het grondwater,H
Bossen en struwelen,rbbso,rbbso,TRUE,Druk3.4,3.4 Eutrofiëring via het oppervlaktewater (incl. overstromingswater en afspoeling),H
Bossen en struwelen,rbbso,rbbso,TRUE,Druk4.1,4.1 Verzuring via de lucht,M
Bossen en struwelen,rbbso,rbbso,TRUE,Druk5.1,5.1 Verdroging via het grondwater,H
Bossen en struwelen,rbbso,rbbso,TRUE,Druk61,61 Toename overstromingsduur of -frequentie (incl. getijden),L
Bossen en struwelen,rbbsp,rbbsp,TRUE,Druk3.1,3.1 Eutrofiëring via de lucht,H
Bossen en struwelen,rbbsp,rbbsp,TRUE,Druk3.2,3.2 Eutrofiëring via de bodem,M
Bossen en struwelen,rbbsp,rbbsp,TRUE,Druk4.1,4.1 Verzuring via de lucht,L
(Half-)natuurlijke graslanden,rbbvos,rbbvos,TRUE,Druk3.1,3.1 Eutrofiëring via de lucht,L
(Half-)natuurlijke graslanden,rbbvos,rbbvos,TRUE,Druk3.2,3.2 Eutrofiëring via de bodem,H
(Half-)natuurlijke graslanden,rbbvos,rbbvos,TRUE,Druk3.3,3.3 Eutrofiëring via het grondwater,L
(Half-)natuurlijke graslanden,rbbvos,rbbvos,TRUE,Druk3.4,3.4 Eutrofiëring via het oppervlaktewater (incl. overstromingswater en afspoeling),H
(Half-)natuurlijke graslanden,rbbvos,rbbvos,TRUE,Druk5.1,5.1 Verdroging via het grondwater,H
(Half-)natuurlijke graslanden,rbbvos,rbbvos,TRUE,Druk61,61 Toename overstromingsduur of -frequentie (incl. getijden),L
(Half-)natuurlijke graslanden,rbbvos,rbbvos,TRUE,Druk62,62 Afname overstromingsduur of -frequentie (incl. getijden),L
(Half-)natuurlijke graslanden,rbbvos,rbbvos,TRUE,Druk8.1,8.1 Verontreiniging via de lucht,L
(Half-)natuurlijke graslanden,rbbvos,rbbvos,TRUE,Druk8.2,8.2 Verontreiniging via de bodem,M
(Half-)natuurlijke graslanden,rbbvos,rbbvos,TRUE,Druk8.3,8.3 Verontreiniging via het grondwater,L
(Half-)natuurlijke graslanden,rbbvos,rbbvos,TRUE,Druk8.4,8.4 Verontreiniging via het oppervlaktewater (incl. overstromingswater),L
(Half-)natuurlijke graslanden,rbbzil,rbbzil,TRUE,Druk101,101 Klimaatverandering in droge perioden,L
(Half-)natuurlijke graslanden,rbbzil,rbbzil,TRUE,Druk3.1,3.1 Eutrofiëring via de lucht,L
(Half-)natuurlijke graslanden,rbbzil,rbbzil,TRUE,Druk3.2,3.2 Eutrofiëring via de bodem,H
(Half-)natuurlijke graslanden,rbbzil,rbbzil,TRUE,Druk3.3,3.3 Eutrofiëring via het grondwater,M
(Half-)natuurlijke graslanden,rbbzil,rbbzil,TRUE,Druk3.4,3.4 Eutrofiëring via het oppervlaktewater (incl. overstromingswater en afspoeling),H
(Half-)natuurlijke graslanden,rbbzil,rbbzil,TRUE,Druk5.1,5.1 Verdroging via het grondwater,H
(Half-)natuurlijke graslanden,rbbzil,rbbzil,TRUE,Druk61,61 Toename overstromingsduur of -frequentie (incl. getijden),L
(Half-)natuurlijke graslanden,rbbzil,rbbzil,TRUE,Druk62,62 Afname overstromingsduur of -frequentie (incl. getijden),M
(Half-)natuurlijke graslanden,rbbzil,rbbzil,TRUE,Druk8.2,8.2 Verontreiniging via de bodem,M
(Half-)natuurlijke graslanden,rbbzil,rbbzil,TRUE,Druk8.3,8.3 Verontreiniging via het grondwater,L
(Half-)natuurlijke graslanden,rbbzil,rbbzil,TRUE,Druk8.4,8.4 Verontreiniging via het oppervlaktewater (incl. overstromingswater),L
