Typeklasse	Hoofdtype	Vegcode	HoofdLogical	Druk	Milieudruk	EffIndActie	Categorie_voorstel	Rang_voorstel	Rang	Categorie
1	1	1	1	1	1	1	3	9	9	3
1	1	1	1	2	2	1	3	9	9	3
1	1	1	1	3	3	1	2	8	8	2
1	1	1	1	4	4	1	1	3	3	1
1	1	1	1	5	5	1	1	1	1	1
1	1	1	1	6	6	1	NA	NA	NA	4
1	1	1	1	7	7	1	NA	NA	NA	4
1	1	1	1	8	8	1	NA	NA	NA	4
1	1	1	1	12	12	1	2	6	6	2
1	1	1	1	18	18	1	1	4	4	1
1	1	1	1	19	19	1	3	9	9	3
1	1	1	1	20	20	1	1	2	2	1
1	1	1	1	21	21	1	NA	NA	NA	4
1	1	1	1	22	22	1	2	7	7	2
1	1	1	1	23	23	1	NA	NA	NA	4
1	1	1	1	28	28	1	NA	NA	NA	4
1	1	1	1	31	31	1	1	5	5	1
1	1	1	1	32	32	1	3	9	9	3
1	1	1	1	33	33	1	NA	NA	NA	4
1	1	1	1	34	34	1	NA	NA	NA	4
1	1	1	1	35	35	1	NA	NA	NA	4
1	2	2	0	1	1	1	3	9	9	3
1	2	2	0	2	2	1	2	7	7	2
1	2	2	0	4	4	1	1	4	4	1
1	2	2	0	5	5	1	NA	NA	NA	4
1	2	2	0	6	6	1	NA	NA	NA	4
1	2	2	0	7	7	1	3	10	10	3
1	2	2	0	8	8	1	3	9	9	3
1	2	2	0	9	9	1	3	9	9	3
1	2	2	0	10	10	1	3	9	9	3
1	2	2	0	11	11	1	3	10	10	3
1	2	2	0	12	12	1	2	8	8	2
1	2	2	0	14	14	1	NA	NA	NA	4
1	2	2	0	15	15	1	NA	NA	NA	4
1	2	2	0	16	16	1	1	3	3	1
1	2	2	0	17	17	1	2	7	7	2
1	2	2	0	18	18	1	2	6	6	2
1	2	2	0	19	19	1	1	1	1	1
1	2	2	0	24	24	1	1	5	5	1
1	2	2	0	25	25	1	1	2	2	1
1	2	2	0	28	28	1	NA	NA	NA	4
1	2	2	0	29	29	1	3	9	9	3
1	2	2	0	30	30	1	3	9	9	3
1	2	2	0	31	31	1	3	9	9	3
1	2	2	0	32	32	1	NA	NA	NA	5
1	2	2	0	35	35	1	NA	NA	NA	4
1	2	3	0	1	1	1	3	7	7	3
1	2	3	0	2	2	1	3	7	7	3
1	2	3	0	3	3	1	3	7	7	3
1	2	3	0	4	4	1	2	6	6	2
1	2	3	0	5	5	1	1	2	2	1
1	2	3	0	6	6	1	3	7	7	3
1	2	3	0	7	7	1	NA	NA	NA	4
1	2	3	0	8	8	1	3	7	7	3
1	2	3	0	9	9	1	3	8	8	3
1	2	3	0	10	10	1	NA	NA	NA	4
1	2	3	0	11	11	1	NA	NA	NA	4
1	2	3	0	12	12	1	3	7	7	3
1	2	3	0	15	15	1	NA	NA	NA	4
1	2	3	0	16	16	1	NA	NA	NA	4
1	2	3	0	17	17	1	NA	NA	NA	4
1	2	3	0	18	18	1	1	3	3	1
1	2	3	0	19	19	1	1	5	5	1
1	2	3	0	20	20	1	1	1	1	1
1	2	3	0	21	21	1	3	7	7	3
1	2	3	0	22	22	1	1	4	4	1
1	2	3	0	23	23	1	NA	NA	NA	4
1	2	3	0	24	24	1	NA	NA	NA	4
1	2	3	0	25	25	1	3	7	7	3
1	2	3	0	28	28	1	NA	NA	NA	4
1	2	3	0	29	29	1	NA	NA	NA	4
1	2	3	0	30	30	1	NA	NA	NA	4
1	2	3	0	31	31	1	3	7	7	3
1	2	3	0	32	32	1	NA	NA	NA	5
1	2	3	0	35	35	1	NA	NA	NA	4
1	2	4	0	1	1	1	3	7	7	3
1	2	4	0	2	2	1	3	7	7	3
1	2	4	0	3	3	1	2	5	5	2
1	2	4	0	4	4	1	1	3	3	1
1	2	4	0	5	5	1	2	5	5	2
1	2	4	0	6	6	1	NA	NA	NA	4
1	2	4	0	7	7	1	2	4	4	2
1	2	4	0	8	8	1	2	6	6	2
1	2	4	0	9	9	1	NA	NA	NA	4
1	2	4	0	10	10	1	NA	NA	NA	4
1	2	4	0	11	11	1	NA	NA	NA	4
1	2	4	0	12	12	1	3	7	7	3
1	2	4	0	15	15	1	NA	NA	NA	4
1	2	4	0	16	16	1	NA	NA	NA	4
1	2	4	0	17	17	1	NA	NA	NA	4
1	2	4	0	18	18	1	NA	NA	NA	4
1	2	4	0	19	19	1	1	2	2	1
1	2	4	0	20	20	1	3	7	7	3
1	2	4	0	21	21	1	2	4	4	2
1	2	4	0	22	22	1	3	8	8	3
1	2	4	0	23	23	1	1	1	1	1
1	2	4	0	24	24	1	NA	NA	NA	4
1	2	4	0	25	25	1	3	7	7	3
1	2	4	0	28	28	1	NA	NA	NA	4
1	2	4	0	29	29	1	NA	NA	NA	4
1	2	4	0	30	30	1	NA	NA	NA	4
1	2	4	0	31	31	1	3	7	7	3
1	2	4	0	32	32	1	NA	NA	NA	5
1	2	4	0	35	35	1	NA	NA	NA	4
1	3	5	1	1	1	1	3	6	7	3
1	3	5	1	2	2	1	3	6	7	3
1	3	5	1	3	3	1	3	6	7	3
1	3	5	1	4	4	1	1	5	5	1
1	3	5	1	5	5	1	1	2	2	1
1	3	5	1	6	6	1	NA	NA	NA	4
1	3	5	1	7	7	1	NA	NA	NA	4
1	3	5	1	8	8	1	3	6	7	3
1	3	5	1	9	9	1	3	7	8	3
1	3	5	1	10	10	1	NA	NA	NA	4
1	3	5	1	11	11	1	NA	NA	NA	4
1	3	5	1	12	12	1	3	6	7	3
1	3	5	1	15	15	1	NA	NA	NA	4
1	3	5	1	16	16	1	NA	NA	NA	4
1	3	5	1	17	17	1	NA	NA	NA	4
1	3	5	1	18	18	1	2	5	6	2
1	3	5	1	19	19	1	1	3	3	1
1	3	5	1	20	20	1	1	1	1	1
1	3	5	1	21	21	1	NA	NA	NA	4
1	3	5	1	22	22	1	1	4	4	1
1	3	5	1	23	23	1	NA	NA	NA	4
1	3	5	1	24	24	1	NA	NA	NA	4
1	3	5	1	25	25	1	3	6	7	3
1	3	5	1	28	28	1	NA	NA	NA	4
1	3	5	1	29	29	1	NA	NA	NA	4
1	3	5	1	30	30	1	NA	NA	NA	4
1	3	5	1	31	31	1	NA	NA	NA	4
1	3	5	1	32	32	1	NA	NA	NA	5
1	3	5	1	35	35	1	NA	NA	NA	4
1	4	6	0	1	1	1	3	7	7	3
1	4	6	0	2	2	1	3	7	7	3
1	4	6	0	3	3	1	3	7	7	3
1	4	6	0	4	4	1	1	4	4	1
1	4	6	0	5	5	1	1	2	2	1
1	4	6	0	6	6	1	NA	NA	NA	4
1	4	6	0	7	7	1	NA	NA	NA	4
1	4	6	0	8	8	1	3	7	7	3
1	4	6	0	9	9	1	3	8	8	3
1	4	6	0	10	10	1	NA	NA	NA	4
1	4	6	0	11	11	1	NA	NA	NA	4
1	4	6	0	12	12	1	3	7	7	3
1	4	6	0	15	15	1	NA	NA	NA	4
1	4	6	0	16	16	1	3	7	7	3
1	4	6	0	17	17	1	3	8	8	3
1	4	6	0	18	18	1	2	6	6	2
1	4	6	0	19	19	1	1	3	3	1
1	4	6	0	20	20	1	1	1	1	1
1	4	6	0	21	21	1	NA	NA	NA	4
1	4	6	0	22	22	1	2	5	5	2
1	4	6	0	23	23	1	NA	NA	NA	4
1	4	6	0	24	24	1	NA	NA	NA	4
1	4	6	0	25	25	1	3	7	7	3
1	4	6	0	28	28	1	NA	NA	NA	4
1	4	6	0	29	29	1	NA	NA	NA	4
1	4	6	0	30	30	1	NA	NA	NA	4
1	4	6	0	31	31	1	NA	NA	NA	4
1	4	6	0	32	32	1	NA	NA	NA	5
1	4	6	0	35	35	1	NA	NA	NA	4
1	4	7	0	1	1	1	2	5	5	2
1	4	7	0	2	2	1	3	7	8	3
1	4	7	0	4	4	1	1	1	1	1
1	4	7	0	5	5	1	NA	NA	NA	4
1	4	7	0	6	6	1	NA	NA	NA	4
1	4	7	0	7	7	1	3	7	8	3
1	4	7	0	8	8	1	2	6	6	2
1	4	7	0	9	9	1	3	7	7	2
1	4	7	0	10	10	1	2	6	6	2
1	4	7	0	11	11	1	3	8	9	3
1	4	7	0	12	12	1	2	5	5	2
1	4	7	0	14	14	1	NA	NA	NA	4
1	4	7	0	15	15	1	NA	NA	NA	4
1	4	7	0	16	16	1	1	2	2	1
1	4	7	0	17	17	1	2	5	5	2
1	4	7	0	18	18	1	2	5	5	2
1	4	7	0	19	19	1	1	4	4	1
1	4	7	0	24	24	1	1	3	3	1
1	4	7	0	25	25	1	1	2	2	1
1	4	7	0	28	28	1	NA	NA	NA	4
1	4	7	0	29	29	1	3	7	8	3
1	4	7	0	30	30	1	3	7	8	3
1	4	7	0	31	31	1	3	7	8	3
1	4	7	0	32	32	1	NA	NA	NA	5
1	4	7	0	35	35	1	NA	NA	NA	4
2	5	8	1	3	3	1	2	3	3	2
2	5	8	1	4	4	1	1	2	2	1
2	5	8	1	5	5	1	1	1	1	1
2	5	8	1	6	6	1	NA	NA	NA	4
2	5	8	1	7	7	1	NA	NA	NA	4
2	5	8	1	8	8	1	NA	NA	NA	4
2	5	8	1	9	9	1	NA	NA	NA	4
2	5	8	1	10	10	1	NA	NA	NA	4
2	5	8	1	11	11	1	NA	NA	NA	4
2	5	8	1	12	12	1	NA	NA	NA	4
2	5	8	1	17	17	1	NA	NA	NA	4
2	5	8	1	18	18	1	NA	NA	NA	4
2	5	8	1	19	19	1	NA	NA	NA	4
2	5	8	1	20	20	1	NA	NA	NA	4
2	5	8	1	21	21	1	NA	NA	NA	4
2	5	8	1	22	22	1	NA	NA	NA	4
2	5	8	1	23	23	1	NA	NA	NA	4
2	5	8	1	24	24	1	NA	NA	NA	4
2	5	8	1	25	25	1	NA	NA	NA	4
2	5	8	1	28	28	1	NA	NA	NA	4
2	5	8	1	29	29	1	NA	NA	NA	4
2	5	8	1	30	30	1	NA	NA	NA	4
2	5	8	1	31	31	1	NA	NA	NA	4
2	5	8	1	32	32	1	NA	NA	NA	5
2	5	8	1	35	35	1	NA	NA	NA	4
2	6	9	1	2	2	1	1	2	2	1
2	6	9	1	4	4	1	1	4	4	1
2	6	9	1	5	5	NA	NA	NA	6	2
2	6	9	1	6	6	1	1	1	1	1
2	6	9	1	7	7	1	NA	NA	NA	4
2	6	9	1	8	8	1	1	3	3	1
2	6	9	1	9	9	1	2	5	5	2
2	6	9	1	10	10	1	NA	NA	NA	4
2	6	9	1	12	12	1	NA	NA	NA	4
2	6	9	1	17	17	1	NA	NA	NA	4
2	6	9	1	18	18	1	NA	NA	NA	4
2	6	9	1	27	27	1	NA	NA	NA	4
2	6	9	1	28	28	NA	NA	NA	7	3
2	6	9	1	29	29	1	NA	NA	NA	4
2	6	9	1	31	31	1	NA	NA	NA	4
2	6	9	1	32	32	1	NA	NA	NA	5
2	6	9	1	35	35	1	NA	NA	NA	4
2	7	10	0	2	2	NA	NA	NA	5	2
2	7	10	0	4	4	NA	NA	NA	5	2
2	7	10	0	5	5	NA	NA	NA	5	2
2	7	10	0	6	6	1	1	4	4	1
2	7	10	0	7	7	1	NA	NA	NA	4
2	7	10	0	8	8	1	1	2	2	1
2	7	10	0	9	9	1	1	1	1	1
2	7	10	0	10	10	1	1	3	3	1
2	7	10	0	11	11	1	NA	NA	NA	4
2	7	10	0	12	12	1	NA	NA	NA	4
2	7	10	0	13	13	1	NA	NA	NA	4
2	7	10	0	14	14	1	NA	NA	NA	5
2	7	10	0	16	16	NA	NA	NA	6	3
2	7	10	0	17	17	1	NA	NA	NA	4
2	7	10	0	18	18	1	NA	NA	NA	4
2	7	10	0	26	26	1	NA	NA	NA	4
2	7	10	0	27	27	1	NA	NA	NA	4
2	7	10	0	28	28	1	NA	NA	NA	4
2	7	10	0	29	29	1	NA	NA	NA	4
2	7	10	0	30	30	1	NA	NA	NA	4
2	7	10	0	31	31	1	NA	NA	NA	4
2	7	10	0	32	32	1	NA	NA	NA	5
2	7	10	0	35	35	1	NA	NA	NA	4
2	7	11	0	2	2	NA	NA	NA	5	2
2	7	11	0	4	4	NA	NA	NA	5	2
2	7	11	0	5	5	NA	NA	NA	5	2
2	7	11	0	6	6	1	1	2	2	1
2	7	11	0	7	7	1	NA	NA	NA	4
2	7	11	0	8	8	1	1	1	1	1
2	7	11	0	9	9	1	1	4	4	1
2	7	11	0	10	10	1	1	3	3	1
2	7	11	0	11	11	1	NA	NA	NA	4
2	7	11	0	12	12	1	NA	NA	NA	4
2	7	11	0	13	13	1	NA	NA	NA	4
2	7	11	0	14	14	1	NA	NA	NA	4
2	7	11	0	16	16	NA	NA	NA	6	3
2	7	11	0	17	17	1	NA	NA	NA	4
2	7	11	0	18	18	1	NA	NA	NA	4
2	7	11	0	26	26	1	NA	NA	NA	4
2	7	11	0	27	27	1	NA	NA	NA	4
2	7	11	0	28	28	1	NA	NA	NA	4
2	7	11	0	29	29	1	NA	NA	NA	4
2	7	11	0	30	30	1	NA	NA	NA	4
2	7	11	0	31	31	1	NA	NA	NA	4
2	7	11	0	32	32	1	NA	NA	NA	5
2	7	11	0	35	35	1	NA	NA	NA	4
2	8	12	1	4	4	1	2	3	3	2
2	8	12	1	5	5	1	2	3	3	2
2	8	12	1	6	6	1	2	3	3	2
2	8	12	1	7	7	1	NA	NA	NA	4
2	8	12	1	8	8	1	1	2	2	1
2	8	12	1	9	9	1	1	1	1	1
2	8	12	1	10	10	1	2	3	3	2
2	8	12	1	12	12	1	NA	NA	NA	4
2	8	12	1	13	13	1	NA	NA	NA	4
2	8	12	1	17	17	1	NA	NA	NA	4
2	8	12	1	18	18	1	NA	NA	NA	4
2	8	12	1	27	27	1	NA	NA	NA	4
2	8	12	1	28	28	1	NA	NA	NA	4
2	8	12	1	29	29	1	NA	NA	NA	4
2	8	12	1	31	31	1	NA	NA	NA	4
2	8	12	1	32	32	1	NA	NA	NA	5
2	8	12	1	35	35	1	NA	NA	NA	4
2	9	13	1	4	4	1	2	1	1	2
2	9	13	1	5	5	1	NA	NA	NA	4
2	9	13	1	6	6	1	NA	NA	NA	4
2	9	13	1	7	7	1	NA	NA	NA	4
2	9	13	1	8	8	1	NA	NA	NA	4
2	9	13	1	9	9	1	NA	NA	NA	4
2	9	13	1	10	10	1	NA	NA	NA	4
2	9	13	1	11	11	1	NA	NA	NA	4
2	9	13	1	12	12	1	NA	NA	NA	4
2	9	13	1	13	13	1	NA	NA	NA	4
2	9	13	1	14	14	1	NA	NA	NA	4
2	9	13	1	16	16	1	2	1	1	2
2	9	13	1	17	17	1	NA	NA	NA	4
2	9	13	1	18	18	1	NA	NA	NA	4
2	9	13	1	26	26	1	NA	NA	NA	4
2	9	13	1	27	27	1	NA	NA	NA	4
2	9	13	1	28	28	1	NA	NA	NA	4
2	9	13	1	29	29	1	NA	NA	NA	4
2	9	13	1	30	30	1	NA	NA	NA	4
2	9	13	1	31	31	1	NA	NA	NA	4
2	9	13	1	32	32	1	NA	NA	NA	5
2	9	13	1	35	35	1	NA	NA	NA	4
2	10	14	1	4	4	1	2	4	4	2
2	10	14	1	5	5	1	NA	NA	NA	4
2	10	14	1	6	6	1	1	1	1	1
2	10	14	1	7	7	1	NA	NA	NA	4
2	10	14	1	8	8	1	1	3	3	1
2	10	14	1	9	9	1	NA	NA	NA	4
2	10	14	1	10	10	1	NA	NA	NA	4
2	10	14	1	11	11	1	NA	NA	NA	4
2	10	14	1	12	12	1	NA	NA	NA	4
2	10	14	1	13	13	1	NA	NA	NA	4
2	10	14	1	14	14	1	NA	NA	NA	4
2	10	14	1	15	15	1	NA	NA	NA	4
2	10	14	1	16	16	1	1	2	2	1
2	10	14	1	17	17	1	NA	NA	NA	4
2	10	14	1	18	18	1	NA	NA	NA	4
2	10	14	1	26	26	1	NA	NA	NA	4
2	10	14	1	27	27	1	NA	NA	NA	4
2	10	14	1	28	28	1	NA	NA	NA	4
2	10	14	1	29	29	1	NA	NA	NA	4
2	10	14	1	30	30	1	NA	NA	NA	4
2	10	14	1	31	31	1	NA	NA	NA	4
2	10	14	1	32	32	1	NA	NA	NA	5
2	10	14	1	35	35	1	NA	NA	NA	4
2	11	15	1	1	1	1	3	4	5	3
2	11	15	1	4	4	1	2	2	3	2
2	11	15	1	5	5	1	NA	NA	NA	4
2	11	15	1	6	6	1	NA	NA	NA	4
2	11	15	1	7	7	1	NA	NA	NA	4
2	11	15	1	8	8	1	1	1	1	1
2	11	15	1	9	9	1	2	1	2	2
2	11	15	1	10	10	1	NA	NA	NA	4
2	11	15	1	11	11	1	NA	NA	NA	4
2	11	15	1	12	12	1	NA	NA	NA	4
2	11	15	1	13	13	1	2	3	4	2
2	11	15	1	14	14	1	NA	NA	NA	4
2	11	15	1	15	15	1	NA	NA	NA	4
2	11	15	1	16	16	1	3	5	6	3
2	11	15	1	17	17	1	NA	NA	NA	4
2	11	15	1	18	18	1	NA	NA	NA	4
2	11	15	1	26	26	1	NA	NA	NA	4
2	11	15	1	27	27	1	NA	NA	NA	4
2	11	15	1	28	28	1	NA	NA	NA	4
2	11	15	1	29	29	1	NA	NA	NA	4
2	11	15	1	30	30	1	NA	NA	NA	4
2	11	15	1	31	31	1	NA	NA	NA	4
2	11	15	1	32	32	1	NA	NA	NA	5
2	11	15	1	35	35	1	NA	NA	NA	4
2	12	16	0	4	4	1	3	4	4	3
2	12	16	0	5	5	1	NA	NA	NA	4
2	12	16	0	6	6	1	NA	NA	NA	4
2	12	16	0	7	7	1	NA	NA	NA	4
2	12	16	0	8	8	1	NA	NA	NA	4
2	12	16	0	9	9	1	3	2	2	3
2	12	16	0	10	10	1	3	3	3	3
2	12	16	0	11	11	1	3	4	4	3
2	12	16	0	12	12	1	NA	NA	NA	4
2	12	16	0	13	13	1	NA	NA	NA	4
2	12	16	0	14	14	1	NA	NA	NA	4
2	12	16	0	15	15	1	NA	NA	NA	4
2	12	16	0	16	16	1	1	1	1	1
2	12	16	0	17	17	1	NA	NA	NA	4
2	12	16	0	20	20	1	NA	NA	NA	4
2	12	16	0	21	21	1	NA	NA	NA	4
2	12	16	0	22	22	1	NA	NA	NA	4
2	12	16	0	23	23	1	NA	NA	NA	4
2	12	16	0	26	26	1	NA	NA	NA	4
2	12	16	0	27	27	1	NA	NA	NA	4
2	12	16	0	28	28	1	NA	NA	NA	4
2	12	16	0	29	29	1	NA	NA	NA	4
2	12	16	0	30	30	1	NA	NA	NA	4
2	12	16	0	31	31	1	NA	NA	NA	4
2	12	16	0	32	32	1	NA	NA	NA	5
2	12	16	0	35	35	1	NA	NA	NA	4
2	12	17	0	1	1	1	2	4	5	2
2	12	17	0	2	2	1	3	5	4	1
2	12	17	0	4	4	1	3	7	7	3
2	12	17	0	5	5	1	NA	NA	NA	4
2	12	17	0	6	6	1	1	2	2	1
2	12	17	0	7	7	1	NA	NA	NA	4
2	12	17	0	8	8	1	1	3	3	1
2	12	17	0	9	9	1	3	7	7	3
2	12	17	0	10	10	1	3	6	6	3
2	12	17	0	11	11	1	3	6	6	3
2	12	17	0	12	12	1	3	8	8	3
2	12	17	0	13	13	1	NA	NA	NA	4
2	12	17	0	14	14	1	3	8	8	3
2	12	17	0	15	15	1	NA	NA	NA	4
2	12	17	0	16	16	1	1	1	1	1
2	12	17	0	17	17	1	NA	NA	NA	4
2	12	17	0	18	18	1	NA	NA	NA	4
2	12	17	0	26	26	1	3	7	7	3
2	12	17	0	27	27	1	NA	NA	NA	4
2	12	17	0	28	28	1	3	7	7	3
2	12	17	0	29	29	1	NA	NA	NA	4
2	12	17	0	30	30	1	NA	NA	NA	4
2	12	17	0	31	31	1	NA	NA	NA	4
2	12	17	0	32	32	1	NA	NA	NA	5
2	12	17	0	35	35	1	NA	NA	NA	4
2	12	18	0	1	1	NA	NA	NA	4	2
2	12	18	0	2	2	1	3	3	2	1
2	12	18	0	4	4	1	3	4	6	3
2	12	18	0	5	5	1	NA	NA	NA	4
2	12	18	0	6	6	1	NA	NA	NA	4
2	12	18	0	7	7	1	NA	NA	NA	4
2	12	18	0	8	8	1	NA	NA	NA	4
2	12	18	0	9	9	1	NA	NA	NA	4
2	12	18	0	10	10	1	2	2	3	2
2	12	18	0	11	11	1	3	3	5	3
2	12	18	0	12	12	1	3	4	6	3
2	12	18	0	13	13	1	NA	NA	NA	4
2	12	18	0	14	14	1	NA	NA	NA	4
2	12	18	0	15	15	1	NA	NA	NA	4
2	12	18	0	16	16	1	1	1	1	1
2	12	18	0	17	17	1	NA	NA	NA	4
2	12	18	0	18	18	1	NA	NA	NA	4
2	12	18	0	19	19	1	NA	NA	NA	4
2	12	18	0	26	26	1	3	4	6	3
2	12	18	0	27	27	1	NA	NA	NA	4
2	12	18	0	28	28	NA	NA	NA	5	3
2	12	18	0	29	29	1	NA	NA	NA	4
2	12	18	0	30	30	1	NA	NA	NA	4
2	12	18	0	31	31	1	NA	NA	NA	4
2	12	18	0	32	32	1	NA	NA	NA	5
2	12	18	0	35	35	1	NA	NA	NA	4
3	13	19	1	2	2	1	3	5	5	3
3	13	19	1	4	4	1	3	5	5	3
3	13	19	1	5	5	1	3	6	6	3
3	13	19	1	6	6	1	2	3	3	2
3	13	19	1	7	7	1	NA	NA	NA	4
3	13	19	1	8	8	1	2	3	3	2
3	13	19	1	9	9	1	1	1	1	1
3	13	19	1	10	10	1	3	5	5	3
3	13	19	1	12	12	1	NA	NA	NA	4
3	13	19	1	13	13	1	2	2	2	2
3	13	19	1	17	17	1	NA	NA	NA	4
3	13	19	1	18	18	1	NA	NA	NA	4
3	13	19	1	27	27	1	NA	NA	NA	4
3	13	19	1	28	28	1	3	4	4	3
3	13	19	1	29	29	1	NA	NA	NA	4
3	13	19	1	31	31	1	NA	NA	NA	4
3	13	19	1	32	32	1	NA	NA	NA	5
3	13	19	1	33	33	1	NA	NA	NA	4
3	13	19	1	35	35	1	NA	NA	NA	4
3	14	20	0	2	2	NA	NA	NA	4	3
3	14	20	0	4	4	1	2	2	2	2
3	14	20	0	5	5	NA	NA	NA	4	3
3	14	20	0	6	6	1	1	1	1	1
3	14	20	0	7	7	1	NA	NA	NA	4
3	14	20	0	8	8	1	2	2	2	2
3	14	20	0	9	9	1	1	1	1	1
3	14	20	0	10	10	1	2	2	2	2
3	14	20	0	12	12	1	NA	NA	NA	4
3	14	20	0	13	13	1	3	3	4	3
3	14	20	0	17	17	1	NA	NA	NA	4
3	14	20	0	18	18	1	NA	NA	NA	4
3	14	20	0	27	27	1	NA	NA	NA	4
3	14	20	0	28	28	NA	NA	NA	3	2
3	14	20	0	29	29	1	NA	NA	NA	4
3	14	20	0	31	31	1	NA	NA	NA	4
3	14	20	0	32	32	1	NA	NA	NA	5
3	14	20	0	33	33	1	NA	NA	NA	4
3	14	20	0	35	35	1	NA	NA	NA	4
3	14	21	0	2	2	NA	NA	NA	4	3
3	14	21	0	4	4	1	3	2	3	3
3	14	21	0	5	5	NA	NA	NA	4	3
3	14	21	0	6	6	1	2	1	1	2
3	14	21	0	7	7	1	NA	NA	NA	4
3	14	21	0	8	8	1	3	2	3	3
3	14	21	0	9	9	1	2	1	1	2
3	14	21	0	10	10	1	2	1	1	2
3	14	21	0	12	12	1	NA	NA	NA	4
3	14	21	0	13	13	1	3	2	3	3
3	14	21	0	17	17	1	NA	NA	NA	4
3	14	21	0	18	18	1	NA	NA	NA	4
3	14	21	0	27	27	1	NA	NA	NA	4
3	14	21	0	28	28	NA	NA	NA	2	2
3	14	21	0	29	29	1	NA	NA	NA	4
3	14	21	0	31	31	1	NA	NA	NA	4
3	14	21	0	32	32	1	NA	NA	NA	5
3	14	21	0	33	33	1	NA	NA	NA	4
3	14	21	0	35	35	1	NA	NA	NA	4
4	15	22	1	4	4	1	3	5	6	3
4	15	22	1	5	5	1	3	6	7	3
4	15	22	1	6	6	1	NA	NA	NA	4
4	15	22	1	7	7	1	2	3	3	2
4	15	22	1	8	8	1	NA	NA	NA	4
4	15	22	1	9	9	1	1	1	1	1
4	15	22	1	10	10	1	2	3	3	2
4	15	22	1	11	11	1	1	1	1	1
4	15	22	1	12	12	1	2	4	4	2
4	15	22	1	13	13	1	1	2	2	1
4	15	22	1	14	14	1	3	6	7	3
4	15	22	1	15	15	1	NA	NA	NA	4
4	15	22	1	16	16	1	3	5	6	3
4	15	22	1	17	17	1	NA	NA	NA	4
4	15	22	1	20	20	1	NA	NA	NA	4
4	15	22	1	21	21	1	NA	NA	NA	4
4	15	22	1	22	22	1	NA	NA	NA	4
4	15	22	1	23	23	1	3	6	7	3
4	15	22	1	26	26	1	NA	NA	NA	4
4	15	22	1	27	27	1	NA	NA	NA	4
4	15	22	1	28	28	1	NA	NA	NA	4
4	15	22	1	29	29	NA	NA	NA	5	3
4	15	22	1	30	30	1	NA	NA	NA	4
4	15	22	1	31	31	1	3	5	6	3
4	15	22	1	32	32	1	NA	NA	NA	5
4	15	22	1	35	35	1	NA	NA	NA	4
4	16	23	0	4	4	1	2	5	5	2
4	16	23	0	5	5	1	3	7	8	3
4	16	23	0	6	6	1	NA	NA	NA	4
4	16	23	0	7	7	1	2	6	6	2
4	16	23	0	8	8	1	NA	NA	NA	4
4	16	23	0	9	9	1	1	1	1	1
4	16	23	0	10	10	1	1	4	4	1
4	16	23	0	11	11	1	1	1	1	1
4	16	23	0	12	12	1	1	2	2	1
4	16	23	0	13	13	1	1	3	3	1
4	16	23	0	14	14	1	3	7	8	3
4	16	23	0	15	15	1	NA	NA	NA	4
4	16	23	0	16	16	1	2	6	6	2
4	16	23	0	17	17	1	NA	NA	NA	4
4	16	23	0	20	20	1	NA	NA	NA	4
4	16	23	0	21	21	1	NA	NA	NA	4
4	16	23	0	22	22	1	NA	NA	NA	4
4	16	23	0	23	23	1	2	6	6	2
4	16	23	0	26	26	1	NA	NA	NA	4
4	16	23	0	27	27	1	NA	NA	NA	4
4	16	23	0	28	28	1	NA	NA	NA	4
4	16	23	0	29	29	NA	NA	NA	7	3
4	16	23	0	30	30	1	3	7	8	3
4	16	23	0	31	31	1	2	6	6	2
4	16	23	0	32	32	1	NA	NA	NA	5
4	16	23	0	35	35	1	NA	NA	NA	4
4	16	24	0	4	4	1	1	1	1	1
4	16	24	0	5	5	1	NA	NA	NA	4
4	16	24	0	6	6	1	NA	NA	NA	4
4	16	24	0	7	7	1	3	7	8	3
4	16	24	0	8	8	1	2	4	4	2
4	16	24	0	9	9	1	1	2	2	1
4	16	24	0	10	10	1	3	7	8	3
4	16	24	0	11	11	1	3	6	7	3
4	16	24	0	12	12	1	2	5	5	2
4	16	24	0	13	13	1	1	3	3	1
4	16	24	0	14	14	1	3	7	8	3
4	16	24	0	15	15	1	NA	NA	NA	4
4	16	24	0	16	16	1	3	7	8	3
4	16	24	0	17	17	1	NA	NA	NA	4
4	16	24	0	20	20	1	NA	NA	NA	4
4	16	24	0	21	21	1	NA	NA	NA	4
4	16	24	0	22	22	1	NA	NA	NA	4
4	16	24	0	23	23	1	NA	NA	NA	4
4	16	24	0	26	26	1	NA	NA	NA	4
4	16	24	0	27	27	1	NA	NA	NA	4
4	16	24	0	28	28	1	NA	NA	NA	4
4	16	24	0	29	29	NA	NA	NA	6	3
4	16	24	0	30	30	1	NA	NA	NA	4
4	16	24	0	31	31	1	3	6	7	3
4	16	24	0	32	32	1	NA	NA	NA	5
4	16	24	0	35	35	1	NA	NA	NA	4
4	17	25	1	4	4	1	NA	NA	NA	4
4	17	25	1	5	5	1	NA	NA	NA	4
4	17	25	1	6	6	1	NA	NA	NA	4
4	17	25	1	7	7	1	NA	NA	NA	4
4	17	25	1	8	8	1	NA	NA	NA	4
4	17	25	1	9	9	1	3	3	3	2
4	17	25	1	10	10	1	2	2	2	2
4	17	25	1	11	11	1	2	2	2	2
4	17	25	1	12	12	1	1	1	1	1
4	17	25	1	13	13	1	NA	NA	NA	4
4	17	25	1	14	14	1	NA	NA	NA	4
4	17	25	1	15	15	1	NA	NA	NA	4
4	17	25	1	16	16	1	NA	NA	NA	4
4	17	25	1	17	17	1	NA	NA	NA	4
4	17	25	1	20	20	1	NA	NA	NA	4
4	17	25	1	21	21	1	NA	NA	NA	4
4	17	25	1	22	22	1	NA	NA	NA	4
4	17	25	1	23	23	1	NA	NA	NA	4
4	17	25	1	26	26	1	NA	NA	NA	4
4	17	25	1	27	27	1	NA	NA	NA	4
4	17	25	1	28	28	1	NA	NA	NA	4
4	17	25	1	29	29	NA	NA	NA	4	3
4	17	25	1	30	30	1	3	3	4	3
4	17	25	1	31	31	1	3	3	4	3
4	17	25	1	32	32	1	NA	NA	NA	5
4	17	25	1	35	35	1	NA	NA	NA	4
4	18	26	1	1	1	1	3	7	8	3
4	18	26	1	2	2	1	3	8	9	3
4	18	26	1	4	4	1	3	8	9	3
4	18	26	1	5	5	1	2	4	4	2
4	18	26	1	6	6	1	NA	NA	NA	4
4	18	26	1	7	7	1	2	6	6	2
4	18	26	1	8	8	1	NA	NA	NA	4
4	18	26	1	9	9	1	2	5	5	2
4	18	26	1	10	10	1	2	6	6	2
4	18	26	1	11	11	1	1	2	2	1
4	18	26	1	12	12	1	1	1	1	1
4	18	26	1	15	15	1	NA	NA	NA	4
4	18	26	1	16	16	1	NA	NA	NA	4
4	18	26	1	17	17	1	NA	NA	NA	4
4	18	26	1	20	20	1	NA	NA	NA	4
4	18	26	1	21	21	1	NA	NA	NA	4
4	18	26	1	22	22	1	NA	NA	NA	4
4	18	26	1	23	23	1	NA	NA	NA	4
4	18	26	1	26	26	1	NA	NA	NA	4
4	18	26	1	27	27	1	NA	NA	NA	4
4	18	26	1	28	28	1	3	8	9	3
4	18	26	1	29	29	NA	NA	NA	7	3
4	18	26	1	30	30	1	2	6	6	2
4	18	26	1	31	31	1	2	3	3	2
4	18	26	1	32	32	1	NA	NA	NA	5
4	18	26	1	35	35	1	NA	NA	NA	4
4	19	27	1	4	4	1	NA	NA	NA	4
4	19	27	1	5	5	1	NA	NA	NA	4
4	19	27	1	6	6	1	NA	NA	NA	4
4	19	27	1	7	7	1	NA	NA	NA	4
4	19	27	1	8	8	1	NA	NA	NA	4
4	19	27	1	9	9	1	1	1	1	1
4	19	27	1	10	10	1	3	5	6	3
4	19	27	1	11	11	1	2	4	4	2
4	19	27	1	12	12	1	NA	NA	NA	4
4	19	27	1	13	13	1	1	2	2	1
4	19	27	1	14	14	1	2	4	4	2
4	19	27	1	15	15	1	NA	NA	NA	4
4	19	27	1	16	16	1	1	3	3	1
4	19	27	1	17	17	1	NA	NA	NA	4
4	19	27	1	20	20	1	NA	NA	NA	4
4	19	27	1	21	21	1	NA	NA	NA	4
4	19	27	1	22	22	1	NA	NA	NA	4
4	19	27	1	23	23	1	NA	NA	NA	4
4	19	27	1	26	26	1	NA	NA	NA	4
4	19	27	1	27	27	1	NA	NA	NA	4
4	19	27	1	28	28	1	NA	NA	NA	4
4	19	27	1	29	29	NA	NA	NA	5	3
4	19	27	1	30	30	NA	NA	NA	5	3
4	19	27	1	31	31	NA	NA	NA	5	3
4	19	27	1	32	32	1	NA	NA	NA	5
4	19	27	1	34	34	1	NA	NA	NA	5
4	19	27	1	35	35	1	NA	NA	NA	4
4	20	28	1	1	1	1	3	6	7	3
4	20	28	1	2	2	1	3	6	7	3
4	20	28	1	4	4	1	2	4	4	2
4	20	28	1	5	5	1	2	4	4	2
4	20	28	1	6	6	1	NA	NA	NA	4
4	20	28	1	7	7	1	3	5	6	3
4	20	28	1	8	8	1	NA	NA	NA	4
4	20	28	1	10	10	NA	NA	NA	5	3
4	20	28	1	11	11	1	1	2	2	1
4	20	28	1	12	12	1	1	1	1	1
4	20	28	1	14	14	1	NA	NA	NA	4
4	20	28	1	15	15	1	NA	NA	NA	4
4	20	28	1	16	16	1	NA	NA	NA	4
4	20	28	1	20	20	1	3	5	6	3
4	20	28	1	21	21	1	2	4	4	2
4	20	28	1	22	22	1	NA	NA	NA	4
4	20	28	1	23	23	1	NA	NA	NA	4
4	20	28	1	26	26	1	NA	NA	NA	4
4	20	28	1	27	27	1	NA	NA	NA	4
4	20	28	1	28	28	1	3	6	7	3
4	20	28	1	29	29	NA	NA	NA	5	3
4	20	28	1	30	30	1	2	4	4	2
4	20	28	1	31	31	1	1	3	3	1
4	20	28	1	32	32	1	NA	NA	NA	5
4	20	28	1	33	33	1	NA	NA	NA	4
4	20	28	1	35	35	1	NA	NA	NA	4
4	21	29	1	1	1	1	2	4	4	2
4	21	29	1	2	2	1	3	5	5	3
4	21	29	1	3	3	1	3	5	5	3
4	21	29	1	4	4	1	1	2	2	1
4	21	29	1	5	5	1	1	2	2	1
4	21	29	1	6	6	1	NA	NA	NA	4
4	21	29	1	7	7	1	NA	NA	NA	4
4	21	29	1	8	8	1	3	5	5	3
4	21	29	1	16	16	1	3	5	5	3
4	21	29	1	17	17	1	3	6	6	3
4	21	29	1	18	18	1	1	3	3	1
4	21	29	1	19	19	1	1	1	1	1
4	21	29	1	20	20	1	1	1	1	1
4	21	29	1	21	21	1	NA	NA	NA	4
4	21	29	1	22	22	1	2	4	4	2
4	21	29	1	23	23	1	NA	NA	NA	4
4	21	29	1	26	26	1	NA	NA	NA	4
4	21	29	1	27	27	1	3	6	6	3
4	21	29	1	28	28	1	NA	NA	NA	4
4	21	29	1	29	29	1	NA	NA	NA	5
4	21	29	1	30	30	1	NA	NA	NA	5
4	21	29	1	31	31	1	NA	NA	NA	4
4	21	29	1	32	32	1	3	5	5	3
4	21	29	1	35	35	1	NA	NA	NA	4
5	22	30	1	1	1	1	3	7	7	3
5	22	30	1	2	2	1	3	8	8	3
5	22	30	1	4	4	1	3	5	5	3
5	22	30	1	5	5	1	NA	NA	NA	4
5	22	30	1	6	6	1	NA	NA	NA	4
5	22	30	1	7	7	1	NA	NA	NA	4
5	22	30	1	8	8	1	3	5	5	3
5	22	30	1	9	9	1	1	1	1	1
5	22	30	1	10	10	1	2	3	3	2
5	22	30	1	11	11	1	3	4	4	3
5	22	30	1	12	12	1	NA	NA	NA	4
5	22	30	1	13	13	1	1	2	2	1
5	22	30	1	14	14	1	3	6	6	3
5	22	30	1	15	15	1	NA	NA	NA	4
5	22	30	1	16	16	1	1	1	1	1
5	22	30	1	17	17	1	NA	NA	NA	4
5	22	30	1	18	18	1	NA	NA	NA	4
5	22	30	1	26	26	1	NA	NA	NA	4
5	22	30	1	27	27	1	NA	NA	NA	4
5	22	30	1	28	28	1	NA	NA	NA	4
5	22	30	1	29	29	1	NA	NA	NA	4
5	22	30	1	30	30	1	NA	NA	NA	4
5	22	30	1	31	31	1	NA	NA	NA	4
5	22	30	1	32	32	1	NA	NA	NA	5
5	22	30	1	33	33	1	NA	NA	NA	4
5	22	30	1	35	35	1	NA	NA	NA	4
5	23	31	1	1	1	1	3	5	4	3
5	23	31	1	2	2	1	3	5	4	3
5	23	31	1	4	4	1	3	5	4	3
5	23	31	1	5	5	1	NA	NA	NA	4
5	23	31	1	6	6	1	NA	NA	NA	4
5	23	31	1	7	7	1	NA	NA	NA	4
5	23	31	1	8	8	1	3	4	3	3
5	23	31	1	9	9	1	1	1	1	1
5	23	31	1	10	10	1	NA	NA	NA	4
5	23	31	1	12	12	1	NA	NA	NA	4
5	23	31	1	13	13	1	1	2	2	1
5	23	31	1	17	17	1	NA	NA	NA	4
5	23	31	1	18	18	1	NA	NA	NA	4
5	23	31	1	27	27	1	NA	NA	NA	4
5	23	31	1	28	28	1	NA	NA	NA	4
5	23	31	1	29	29	1	NA	NA	NA	4
5	23	31	1	31	31	1	NA	NA	NA	4
5	23	31	1	32	32	1	NA	NA	NA	5
5	23	31	1	33	33	1	NA	NA	NA	4
5	23	31	1	35	35	1	NA	NA	NA	4
6	24	32	1	1	1	1	2	5	5	2
6	24	32	1	2	2	1	2	6	6	2
6	24	32	1	4	4	1	3	7	7	3
6	24	32	1	5	5	1	NA	NA	NA	4
6	24	32	1	6	6	1	1	2	2	1
6	24	32	1	7	7	1	NA	NA	NA	4
6	24	32	1	8	8	1	1	1	1	1
6	24	32	1	9	9	1	1	3	3	1
6	24	32	1	10	10	1	3	8	8	3
6	24	32	1	12	12	1	NA	NA	NA	4
6	24	32	1	13	13	1	2	4	4	2
6	24	32	1	17	17	1	NA	NA	NA	4
6	24	32	1	18	18	1	NA	NA	NA	4
6	24	32	1	27	27	1	NA	NA	NA	4
6	24	32	1	28	28	1	NA	NA	NA	4
6	24	32	1	29	29	1	NA	NA	NA	4
6	24	32	1	31	31	1	NA	NA	NA	4
6	24	32	1	32	32	1	NA	NA	NA	5
6	24	32	1	35	35	1	NA	NA	NA	4
7	25	33	1	2	2	1	3	12	13	3
7	25	33	1	4	4	1	1	1	5	2
7	25	33	1	5	5	1	3	12	9	2
7	25	33	1	6	6	1	3	10	7	2
7	25	33	1	7	7	1	2	6	2	1
7	25	33	1	8	8	1	1	1	6	2
7	25	33	1	9	9	1	2	8	8	2
7	25	33	1	10	10	1	2	3	10	3
7	25	33	1	12	12	1	2	4	4	2
7	25	33	1	13	13	1	3	9	11	3
7	25	33	1	15	15	1	3	11	12	3
7	25	33	1	17	17	1	NA	NA	NA	4
7	25	33	1	18	18	1	2	7	3	1
7	25	33	1	19	19	1	2	5	1	1
7	25	33	1	27	27	1	NA	NA	NA	4
7	25	33	1	28	28	1	3	12	13	3
7	25	33	1	29	29	1	3	12	13	3
7	25	33	1	31	31	1	3	12	13	3
7	25	33	1	32	32	1	NA	NA	NA	5
7	25	33	1	35	35	1	NA	NA	NA	4
7	26	34	0	1	1	1	3	7	8	3
7	26	34	0	2	2	1	3	7	8	3
7	26	34	0	4	4	1	1	1	1	1
7	26	34	0	5	5	1	3	8	9	3
7	26	34	0	6	6	1	NA	NA	NA	4
7	26	34	0	7	7	1	3	9	10	3
7	26	34	0	8	8	1	1	2	2	1
7	26	34	0	9	9	1	1	3	3	1
7	26	34	0	10	10	1	1	4	4	1
7	26	34	0	12	12	1	2	5	5	2
7	26	34	0	13	13	1	3	6	7	3
7	26	34	0	17	17	1	3	9	10	3
7	26	34	0	18	18	1	NA	NA	NA	4
7	26	34	0	27	27	1	NA	NA	NA	4
7	26	34	0	28	28	1	3	7	8	3
7	26	34	0	29	29	1	3	8	9	3
7	26	34	0	31	31	1	3	8	6	2
7	26	34	0	32	32	1	NA	NA	NA	5
7	26	34	0	35	35	1	NA	NA	NA	4
7	26	35	0	1	1	1	3	7	8	3
7	26	35	0	2	2	1	3	7	8	3
7	26	35	0	4	4	1	1	1	1	1
7	26	35	0	5	5	1	3	8	9	3
7	26	35	0	6	6	1	NA	NA	NA	4
7	26	35	0	7	7	1	3	9	10	3
7	26	35	0	8	8	1	1	2	2	1
7	26	35	0	9	9	1	1	3	3	1
7	26	35	0	10	10	1	1	4	4	1
7	26	35	0	12	12	1	2	5	5	2
7	26	35	0	13	13	1	3	6	7	3
7	26	35	0	17	17	1	3	9	10	3
7	26	35	0	18	18	1	NA	NA	NA	4
7	26	35	0	27	27	1	NA	NA	NA	4
7	26	35	0	28	28	1	3	7	8	3
7	26	35	0	29	29	1	3	8	9	3
7	26	35	0	31	31	1	3	8	6	2
7	26	35	0	32	32	1	NA	NA	NA	5
7	26	35	0	35	35	1	NA	NA	NA	4
7	27	36	0	1	1	1	3	7	7	3
7	27	36	0	2	2	1	3	7	7	3
7	27	36	0	4	4	1	2	4	4	2
7	27	36	0	5	5	1	3	7	7	3
7	27	36	0	6	6	1	NA	NA	NA	4
7	27	36	0	7	7	1	3	8	8	3
7	27	36	0	8	8	1	1	3	3	1
7	27	36	0	9	9	1	1	1	1	1
7	27	36	0	10	10	1	1	2	2	1
7	27	36	0	12	12	1	3	7	7	3
7	27	36	0	13	13	1	2	5	5	2
7	27	36	0	17	17	1	3	8	8	3
7	27	36	0	18	18	1	NA	NA	NA	4
7	27	36	0	27	27	1	NA	NA	NA	4
7	27	36	0	28	28	1	3	6	6	3
7	27	36	0	29	29	1	3	6	6	3
7	27	36	0	31	31	1	3	7	7	3
7	27	36	0	32	32	1	NA	NA	NA	5
7	27	36	0	35	35	1	NA	NA	NA	4
7	27	37	0	1	1	1	3	8	9	3
7	27	37	0	2	2	1	3	9	10	3
7	27	37	0	4	4	1	2	3	4	2
7	27	37	0	5	5	1	3	10	11	3
7	27	37	0	6	6	1	NA	NA	NA	4
7	27	37	0	7	7	1	3	12	13	3
7	27	37	0	8	8	1	1	1	1	1
7	27	37	0	9	9	1	1	2	2	1
7	27	37	0	10	10	1	1	2	2	1
7	27	37	0	11	11	1	1	2	2	1
7	27	37	0	12	12	1	3	5	5	2
7	27	37	0	13	13	1	3	7	8	3
7	27	37	0	14	14	1	3	8	6	2
7	27	37	0	15	15	1	3	10	11	3
7	27	37	0	16	16	1	2	4	3	1
7	27	37	0	17	17	1	3	9	10	3
7	27	37	0	18	18	1	3	11	12	3
7	27	37	0	26	26	1	NA	NA	NA	4
7	27	37	0	27	27	1	NA	NA	NA	4
7	27	37	0	28	28	1	3	9	10	3
7	27	37	0	29	29	1	3	9	10	3
7	27	37	0	30	30	1	3	9	10	3
7	27	37	0	31	31	1	3	6	7	3
7	27	37	0	32	32	1	NA	NA	NA	5
7	27	37	0	35	35	1	NA	NA	NA	4
7	27	38	0	1	1	1	3	7	7	3
7	27	38	0	2	2	1	3	7	7	3
7	27	38	0	4	4	1	2	4	4	2
7	27	38	0	5	5	1	3	7	7	3
7	27	38	0	6	6	1	NA	NA	NA	4
7	27	38	0	7	7	1	3	8	8	3
7	27	38	0	8	8	1	1	2	2	1
7	27	38	0	9	9	1	1	1	1	1
7	27	38	0	10	10	1	1	3	3	1
7	27	38	0	12	12	1	3	7	7	3
7	27	38	0	13	13	1	2	5	5	2
7	27	38	0	17	17	1	3	8	8	3
7	27	38	0	18	18	1	NA	NA	NA	4
7	27	38	0	27	27	1	NA	NA	NA	4
7	27	38	0	28	28	1	3	6	6	3
7	27	38	0	29	29	1	3	6	6	3
7	27	38	0	31	31	1	3	7	7	3
7	27	38	0	32	32	1	NA	NA	NA	5
7	27	38	0	35	35	1	NA	NA	NA	4
7	27	39	0	1	1	1	3	6	7	3
7	27	39	0	2	2	1	3	6	7	3
7	27	39	0	4	4	1	1	1	1	1
7	27	39	0	5	5	1	3	6	7	3
7	27	39	0	6	6	1	NA	NA	NA	4
7	27	39	0	7	7	1	3	8	9	3
7	27	39	0	8	8	1	1	2	2	1
7	27	39	0	9	9	1	1	3	3	1
7	27	39	0	10	10	1	1	4	4	1
7	27	39	0	12	12	1	2	5	5	2
7	27	39	0	13	13	1	3	6	7	3
7	27	39	0	17	17	1	3	8	9	3
7	27	39	0	18	18	1	NA	NA	NA	4
7	27	39	0	27	27	1	NA	NA	NA	4
7	27	39	0	28	28	1	3	6	7	3
7	27	39	0	29	29	1	3	7	8	3
7	27	39	0	31	31	1	3	7	6	2
7	27	39	0	32	32	1	NA	NA	NA	5
7	27	39	0	35	35	1	NA	NA	NA	4
7	28	40	0	1	1	1	3	10	10	3
7	28	40	0	2	2	1	3	10	10	3
7	28	40	0	4	4	1	1	3	3	1
7	28	40	0	5	5	1	3	11	11	3
7	28	40	0	6	6	1	NA	NA	NA	4
7	28	40	0	7	7	1	3	11	11	3
7	28	40	0	8	8	1	1	2	2	1
7	28	40	0	9	9	1	1	3	3	1
7	28	40	0	10	10	1	2	5	4	1
7	28	40	0	11	11	1	2	4	5	2
7	28	40	0	12	12	1	2	7	7	2
7	28	40	0	13	13	1	3	9	9	3
7	28	40	0	14	14	1	2	6	6	2
7	28	40	0	16	16	1	1	1	1	1
7	28	40	0	17	17	1	3	9	9	3
7	28	40	0	18	18	1	3	8	8	3
7	28	40	0	26	26	1	NA	NA	NA	4
7	28	40	0	27	27	1	NA	NA	NA	4
7	28	40	0	28	28	1	3	11	11	3
7	28	40	0	29	29	1	3	11	11	3
7	28	40	0	30	30	1	3	12	12	3
7	28	40	0	31	31	1	3	10	10	3
7	28	40	0	32	32	1	NA	NA	NA	5
7	28	40	0	35	35	1	NA	NA	NA	4
7	28	41	0	4	4	1	2	4	4	2
7	28	41	0	5	5	1	NA	NA	NA	4
7	28	41	0	6	6	1	NA	NA	NA	4
7	28	41	0	7	7	1	NA	NA	NA	4
7	28	41	0	8	8	1	1	2	2	1
7	28	41	0	9	9	1	2	5	5	2
7	28	41	0	10	10	1	2	5	5	2
7	28	41	0	11	11	1	2	6	6	2
7	28	41	0	12	12	1	1	3	3	1
7	28	41	0	13	13	1	3	8	10	3
7	28	41	0	14	14	1	3	8	7	2
7	28	41	0	16	16	1	1	1	1	1
7	28	41	0	17	17	1	3	8	10	3
7	28	41	0	18	18	1	3	7	9	3
7	28	41	0	26	26	1	NA	NA	NA	4
7	28	41	0	27	27	1	NA	NA	NA	4
7	28	41	0	28	28	NA	NA	NA	8	3
7	28	41	0	29	29	NA	NA	NA	8	3
7	28	41	0	30	30	1	3	9	11	3
7	28	41	0	31	31	1	3	9	11	3
7	28	41	0	32	32	1	NA	NA	NA	5
7	28	41	0	35	35	1	NA	NA	NA	4
7	29	42	0	1	1	1	3	5	5	3
7	29	42	0	2	2	1	3	5	5	3
7	29	42	0	4	4	1	2	1	1	2
7	29	42	0	5	5	1	3	5	5	3
7	29	42	0	6	6	1	NA	NA	NA	4
7	29	42	0	7	7	1	3	6	6	3
7	29	42	0	8	8	1	3	4	4	3
7	29	42	0	9	9	1	2	2	2	2
7	29	42	0	10	10	1	3	5	5	3
7	29	42	0	12	12	1	3	5	5	3
7	29	42	0	13	13	1	2	3	3	2
7	29	42	0	14	14	1	3	5	5	3
7	29	42	0	15	15	1	3	5	5	3
7	29	42	0	16	16	1	3	6	6	3
7	29	42	0	17	17	1	3	6	6	3
7	29	42	0	18	18	1	NA	NA	NA	4
7	29	42	0	19	19	1	NA	NA	NA	4
7	29	42	0	26	26	1	NA	NA	NA	4
7	29	42	0	27	27	1	NA	NA	NA	4
7	29	42	0	28	28	1	3	6	6	3
7	29	42	0	29	29	1	3	5	5	3
7	29	42	0	30	30	1	NA	NA	NA	4
7	29	42	0	31	31	1	3	6	6	3
7	29	42	0	32	32	1	NA	NA	NA	5
7	29	42	0	35	35	1	NA	NA	NA	4
7	29	43	0	1	1	1	3	12	11	3
7	29	43	0	2	2	1	3	12	11	3
7	29	43	0	4	4	1	1	1	1	1
7	29	43	0	5	5	1	3	12	11	3
7	29	43	0	6	6	1	NA	NA	NA	4
7	29	43	0	7	7	1	3	7	7	3
7	29	43	0	8	8	1	2	4	4	2
7	29	43	0	10	10	2	2	5	5	2
7	29	43	0	11	11	2	2	6	6	2
7	29	43	0	12	12	2	1	3	3	1
7	29	43	0	14	14	1	3	11	10	3
7	29	43	0	15	15	1	3	12	11	3
7	29	43	0	16	16	1	1	2	2	1
7	29	43	0	17	17	1	3	13	12	3
7	29	43	0	18	18	1	3	9	9	3
7	29	43	0	19	19	1	NA	NA	NA	4
7	29	43	0	26	26	1	NA	NA	NA	4
7	29	43	0	27	27	1	NA	NA	NA	4
7	29	43	0	28	28	1	3	13	12	3
7	29	43	0	29	29	1	3	12	11	3
7	29	43	0	30	30	1	3	13	12	3
7	29	43	0	31	31	1	3	8	8	3
7	29	43	0	32	32	1	NA	NA	NA	5
7	29	43	0	35	35	1	NA	NA	NA	4
7	29	44	0	4	4	1	2	6	6	2
7	29	44	0	5	5	1	2	4	4	2
7	29	44	0	6	6	1	NA	NA	NA	4
7	29	44	0	7	7	1	3	7	8	3
7	29	44	0	8	8	1	NA	NA	NA	4
7	29	44	0	11	11	2	2	4	4	2
7	29	44	0	12	12	2	1	3	3	1
7	29	44	0	14	14	1	NA	NA	NA	5
7	29	44	0	15	15	1	NA	NA	NA	5
7	29	44	0	16	16	1	1	1	1	1
7	29	44	0	17	17	1	3	7	8	3
7	29	44	0	18	18	1	2	5	5	2
7	29	44	0	19	19	1	1	2	2	1
7	29	44	0	20	20	1	2	4	4	2
7	29	44	0	21	21	1	NA	NA	NA	4
7	29	44	0	22	22	1	3	8	9	3
7	29	44	0	23	23	1	NA	NA	NA	4
7	29	44	0	26	26	1	NA	NA	NA	4
7	29	44	0	27	27	1	3	8	9	3
7	29	44	0	28	28	1	NA	NA	NA	4
7	29	44	0	29	29	1	NA	NA	NA	4
7	29	44	0	30	30	NA	NA	NA	7	3
7	29	44	0	31	31	NA	NA	NA	7	3
7	29	44	0	32	32	1	NA	NA	NA	5
7	29	44	0	35	35	1	NA	NA	NA	4
7	29	45	0	4	4	1	2	5	5	2
7	29	45	0	5	5	1	1	3	3	1
7	29	45	0	6	6	1	NA	NA	NA	4
7	29	45	0	7	7	1	NA	NA	NA	4
7	29	45	0	8	8	1	NA	NA	NA	4
7	29	45	0	12	12	2	2	5	5	2
7	29	45	0	14	14	1	NA	NA	NA	5
7	29	45	0	15	15	1	NA	NA	NA	5
7	29	45	0	16	16	1	1	2	2	1
7	29	45	0	17	17	1	2	5	5	2
7	29	45	0	18	18	1	1	4	4	1
7	29	45	0	19	19	1	1	1	1	1
7	29	45	0	20	20	1	1	3	3	1
7	29	45	0	21	21	1	NA	NA	NA	4
7	29	45	0	22	22	1	3	6	6	3
7	29	45	0	23	23	1	NA	NA	NA	4
7	29	45	0	26	26	1	NA	NA	NA	4
7	29	45	0	27	27	1	3	6	6	3
7	29	45	0	28	28	1	NA	NA	NA	4
7	29	45	0	29	29	1	NA	NA	NA	4
7	29	45	0	30	30	1	NA	NA	NA	4
7	29	45	0	31	31	1	NA	NA	NA	4
7	29	45	0	32	32	1	NA	NA	NA	5
7	29	45	0	35	35	1	NA	NA	NA	4
7	30	46	0	2	2	1	3	8	8	3
7	30	46	0	4	4	1	1	2	2	1
7	30	46	0	5	5	1	NA	NA	NA	4
7	30	46	0	6	6	1	NA	NA	NA	4
7	30	46	0	7	7	1	NA	NA	NA	4
7	30	46	0	8	8	1	2	3	3	2
7	30	46	0	9	9	1	2	3	3	2
7	30	46	0	10	10	1	1	1	1	1
7	30	46	0	11	11	1	3	8	8	3
7	30	46	0	12	12	1	3	7	7	3
7	30	46	0	13	13	1	3	6	6	3
7	30	46	0	14	14	1	NA	NA	NA	5
7	30	46	0	15	15	1	NA	NA	NA	5
7	30	46	0	17	17	1	NA	NA	NA	4
7	30	46	0	18	18	1	3	4	4	3
7	30	46	0	26	26	1	NA	NA	NA	4
7	30	46	0	27	27	1	NA	NA	NA	4
7	30	46	0	28	28	1	3	5	5	3
7	30	46	0	29	29	1	3	6	6	3
7	30	46	0	30	30	1	3	8	8	3
7	30	46	0	31	31	1	3	8	8	3
7	30	46	0	32	32	1	NA	NA	NA	5
7	30	46	0	35	35	1	NA	NA	NA	4
7	30	47	0	1	1	1	3	11	12	3
7	30	47	0	2	2	1	3	13	14	3
7	30	47	0	4	4	1	2	6	6	2
7	30	47	0	5	5	1	NA	NA	NA	4
7	30	47	0	6	6	1	NA	NA	NA	4
7	30	47	0	7	7	1	3	11	12	3
7	30	47	0	8	8	1	1	2	2	1
7	30	47	0	9	9	1	2	7	7	2
7	30	47	0	10	10	1	1	4	4	1
7	30	47	0	11	11	1	3	10	8	2
7	30	47	0	12	12	1	1	1	1	1
7	30	47	0	13	13	1	3	12	13	3
7	30	47	0	14	14	1	3	11	12	3
7	30	47	0	15	15	1	NA	NA	NA	4
7	30	47	0	16	16	1	1	3	3	1
7	30	47	0	17	17	1	3	12	13	3
7	30	47	0	18	18	1	2	7	7	2
7	30	47	0	19	19	1	3	8	9	3
7	30	47	0	20	20	1	3	9	10	3
7	30	47	0	26	26	1	NA	NA	NA	4
7	30	47	0	27	27	1	NA	NA	NA	4
7	30	47	0	28	28	1	3	11	12	3
7	30	47	0	29	29	1	3	12	13	3
7	30	47	0	30	30	1	3	10	11	3
7	30	47	0	31	31	1	2	5	5	2
7	30	47	0	32	32	1	NA	NA	NA	5
7	30	47	0	35	35	1	NA	NA	NA	4
7	30	48	0	1	1	1	3	7	8	3
7	30	48	0	2	2	1	3	7	8	3
7	30	48	0	4	4	1	1	4	4	1
7	30	48	0	5	5	1	3	7	8	3
7	30	48	0	6	6	1	NA	NA	NA	4
7	30	48	0	7	7	1	NA	NA	NA	4
7	30	48	0	8	8	1	1	1	1	1
7	30	48	0	9	9	1	1	3	3	1
7	30	48	0	10	10	1	1	2	2	1
7	30	48	0	12	12	1	3	5	5	2
7	30	48	0	13	13	1	3	6	7	3
7	30	48	0	15	15	1	3	7	8	3
7	30	48	0	17	17	1	NA	NA	NA	4
7	30	48	0	18	18	1	NA	NA	NA	4
7	30	48	0	27	27	1	NA	NA	NA	4
7	30	48	0	28	28	1	3	6	7	3
7	30	48	0	29	29	1	3	7	8	3
7	30	48	0	31	31	NA	NA	NA	6	2
7	30	48	0	32	32	1	NA	NA	NA	5
7	30	48	0	35	35	1	NA	NA	NA	4
7	30	49	0	1	1	1	3	11	12	3
7	30	49	0	2	2	1	3	11	12	3
7	30	49	0	4	4	1	2	5	5	2
7	30	49	0	5	5	1	NA	NA	NA	4
7	30	49	0	6	6	1	NA	NA	NA	4
7	30	49	0	7	7	1	NA	NA	NA	4
7	30	49	0	8	8	1	1	1	1	1
7	30	49	0	9	9	1	2	6	6	2
7	30	49	0	10	10	1	1	2	2	1
7	30	49	0	11	11	1	3	8	8	2
7	30	49	0	12	12	1	1	4	4	1
7	30	49	0	13	13	1	3	10	11	3
7	30	49	0	14	14	1	3	10	11	3
7	30	49	0	15	15	1	3	11	12	3
7	30	49	0	16	16	1	1	3	3	1
7	30	49	0	17	17	1	3	10	11	3
7	30	49	0	18	18	1	2	7	7	2
7	30	49	0	19	19	1	3	11	12	3
7	30	49	0	26	26	1	NA	NA	NA	4
7	30	49	0	27	27	1	NA	NA	NA	4
7	30	49	0	28	28	1	3	9	10	3
7	30	49	0	29	29	1	3	10	11	3
7	30	49	0	30	30	1	3	10	11	3
7	30	49	0	31	31	1	3	9	9	2
7	30	49	0	32	32	1	NA	NA	NA	5
7	30	49	0	35	35	1	NA	NA	NA	4
8	31	50	0	1	1	1	3	5	4	2
8	31	50	0	4	4	1	3	5	7	3
8	31	50	0	5	5	1	NA	NA	NA	4
8	31	50	0	6	6	1	NA	NA	NA	4
8	31	50	0	7	7	1	3	6	8	3
8	31	50	0	8	8	1	1	1	1	1
8	31	50	0	9	9	1	1	2	2	2
8	31	50	0	10	10	1	3	5	7	3
8	31	50	0	11	11	1	2	3	3	2
8	31	50	0	12	12	1	3	4	6	3
8	31	50	0	13	13	1	NA	NA	NA	4
8	31	50	0	14	14	1	NA	NA	NA	4
8	31	50	0	15	15	1	NA	NA	NA	4
8	31	50	0	16	16	1	1	1	5	3
8	31	50	0	17	17	1	NA	NA	NA	4
8	31	50	0	18	18	1	3	5	7	3
8	31	50	0	19	19	1	NA	NA	NA	4
8	31	50	0	22	22	1	3	6	8	3
8	31	50	0	26	26	1	NA	NA	NA	4
8	31	50	0	27	27	1	NA	NA	NA	4
8	31	50	0	28	28	1	3	4	6	3
8	31	50	0	29	29	1	NA	NA	NA	4
8	31	50	0	30	30	1	3	5	7	3
8	31	50	0	31	31	1	3	4	6	3
8	31	50	0	32	32	1	NA	NA	NA	5
8	31	50	0	35	35	1	NA	NA	NA	4
8	31	51	0	1	1	1	2	8	7	2
8	31	51	0	4	4	1	NA	NA	NA	4
8	31	51	0	5	5	1	NA	NA	NA	4
8	31	51	0	6	6	1	NA	NA	NA	4
8	31	51	0	7	7	1	3	13	12	3
8	31	51	0	8	8	1	1	3	5	2
8	31	51	0	9	9	1	1	4	6	2
8	31	51	0	10	10	1	3	11	10	3
8	31	51	0	11	11	1	1	2	4	2
8	31	51	0	12	12	1	2	6	3	1
8	31	51	0	13	13	1	2	7	8	3
8	31	51	0	14	14	1	3	12	11	3
8	31	51	0	15	15	1	NA	NA	NA	4
8	31	51	0	16	16	1	1	1	1	1
8	31	51	0	17	17	1	NA	NA	NA	4
8	31	51	0	18	18	1	2	5	2	1
8	31	51	0	19	19	1	NA	NA	NA	4
8	31	51	0	22	22	1	3	13	12	3
8	31	51	0	26	26	1	NA	NA	NA	4
8	31	51	0	27	27	1	NA	NA	NA	4
8	31	51	0	28	28	1	3	10	9	3
8	31	51	0	29	29	1	NA	NA	NA	4
8	31	51	0	30	30	1	3	10	9	3
8	31	51	0	31	31	1	3	12	11	3
8	31	51	0	32	32	1	NA	NA	NA	5
8	31	51	0	35	35	1	NA	NA	NA	4
8	31	52	0	1	1	1	3	13	9	2
8	31	52	0	4	4	1	2	6	4	2
8	31	52	0	5	5	1	NA	NA	NA	4
8	31	52	0	6	6	1	NA	NA	NA	4
8	31	52	0	7	7	1	2	9	7	2
8	31	52	0	8	8	1	2	4	3	2
8	31	52	0	9	9	1	2	7	5	2
8	31	52	0	10	10	1	2	10	8	2
8	31	52	0	11	11	1	3	11	10	3
8	31	52	0	12	12	1	1	1	1	1
8	31	52	0	13	13	1	3	12	11	3
8	31	52	0	14	14	1	NA	NA	NA	4
8	31	52	0	15	15	1	NA	NA	NA	4
8	31	52	0	16	16	1	3	11	10	3
8	31	52	0	17	17	1	NA	NA	NA	4
8	31	52	0	18	18	1	1	3	2	1
8	31	52	0	19	19	1	NA	NA	NA	4
8	31	52	0	20	20	1	NA	NA	NA	4
8	31	52	0	21	21	1	NA	NA	NA	4
8	31	52	0	22	22	1	3	12	11	3
8	31	52	0	23	23	1	NA	NA	NA	4
8	31	52	0	26	26	1	3	13	12	3
8	31	52	0	27	27	1	3	14	13	3
8	31	52	0	28	28	1	3	11	10	3
8	31	52	0	29	29	1	3	14	13	3
8	31	52	0	30	30	1	3	13	12	3
8	31	52	0	31	31	1	2	8	6	2
8	31	52	0	32	32	1	NA	NA	NA	5
8	31	52	0	35	35	1	NA	NA	NA	4
8	31	53	0	1	1	1	2	5	5	2
8	31	53	0	4	4	1	3	9	9	3
8	31	53	0	5	5	1	NA	NA	NA	4
8	31	53	0	6	6	1	NA	NA	NA	4
8	31	53	0	7	7	1	3	10	10	3
8	31	53	0	8	8	1	1	3	3	2
8	31	53	0	9	9	1	1	2	2	2
8	31	53	0	10	10	1	3	8	8	3
8	31	53	0	11	11	1	2	4	4	2
8	31	53	0	12	12	1	3	7	7	3
8	31	53	0	13	13	1	3	6	6	3
8	31	53	0	14	14	1	3	9	9	3
8	31	53	0	16	16	1	1	1	1	1
8	31	53	0	17	17	1	NA	NA	NA	4
8	31	53	0	18	18	1	NA	NA	NA	4
8	31	53	0	19	19	1	NA	NA	NA	4
8	31	53	0	20	20	1	3	9	9	3
8	31	53	0	21	21	1	3	9	9	3
8	31	53	0	26	26	1	NA	NA	NA	4
8	31	53	0	27	27	1	NA	NA	NA	4
8	31	53	0	28	28	1	3	7	7	3
8	31	53	0	29	29	1	NA	NA	NA	4
8	31	53	0	30	30	1	3	7	7	3
8	31	53	0	31	31	1	NA	NA	NA	4
8	31	53	0	32	32	1	NA	NA	NA	5
8	31	53	0	35	35	1	NA	NA	NA	4
8	32	54	1	1	1	NA	NA	NA	4	2
8	32	54	1	4	4	1	3	5	6	3
8	32	54	1	5	5	1	NA	NA	NA	4
8	32	54	1	6	6	1	NA	NA	NA	4
8	32	54	1	7	7	1	NA	NA	NA	4
8	32	54	1	8	8	1	3	4	5	3
8	32	54	1	9	9	1	1	2	2	1
8	32	54	1	10	10	1	3	5	6	3
8	32	54	1	11	11	1	3	6	7	3
8	32	54	1	12	12	1	2	3	3	2
8	32	54	1	13	13	1	3	7	8	3
8	32	54	1	16	16	1	1	1	1	1
8	32	54	1	17	17	1	3	7	8	3
8	32	54	1	18	18	1	NA	NA	NA	4
8	32	54	1	19	19	1	NA	NA	NA	4
8	32	54	1	26	26	1	NA	NA	NA	4
8	32	54	1	27	27	1	NA	NA	NA	4
8	32	54	1	28	28	1	3	5	6	3
8	32	54	1	29	29	1	NA	NA	NA	4
8	32	54	1	30	30	1	3	7	8	3
8	32	54	1	31	31	1	NA	NA	NA	4
8	32	54	1	32	32	1	NA	NA	NA	5
8	32	54	1	35	35	1	NA	NA	NA	4
8	33	55	1	1	1	1	3	7	9	3
8	33	55	1	4	4	1	2	4	4	2
8	33	55	1	5	5	1	NA	NA	NA	4
8	33	55	1	6	6	1	NA	NA	NA	4
8	33	55	1	7	7	1	3	8	10	3
8	33	55	1	8	8	1	2	3	3	2
8	33	55	1	9	9	1	3	6	6	2
8	33	55	1	10	10	1	3	7	9	3
8	33	55	1	11	11	1	2	2	2	2
8	33	55	1	12	12	1	1	1	1	1
8	33	55	1	14	14	1	3	8	10	3
8	33	55	1	15	15	1	NA	NA	NA	4
8	33	55	1	16	16	1	1	1	7	3
8	33	55	1	18	18	1	NA	NA	NA	4
8	33	55	1	19	19	1	NA	NA	NA	4
8	33	55	1	20	20	1	NA	NA	NA	4
8	33	55	1	21	21	1	3	5	5	2
8	33	55	1	22	22	1	NA	NA	NA	4
8	33	55	1	23	23	1	NA	NA	NA	4
8	33	55	1	26	26	1	NA	NA	NA	4
8	33	55	1	27	27	1	NA	NA	NA	4
8	33	55	1	28	28	1	3	6	8	3
8	33	55	1	29	29	1	NA	NA	NA	4
8	33	55	1	30	30	1	3	6	8	3
8	33	55	1	31	31	1	2	4	4	2
8	33	55	1	32	32	1	NA	NA	NA	5
8	33	55	1	35	35	1	NA	NA	NA	4
8	34	56	1	4	4	1	2	4	4	2
8	34	56	1	5	5	1	3	5	7	3
8	34	56	1	6	6	1	NA	NA	NA	4
8	34	56	1	7	7	1	2	4	4	2
8	34	56	1	8	8	1	NA	NA	NA	4
8	34	56	1	9	9	1	3	5	7	3
8	34	56	1	10	10	1	NA	NA	NA	4
8	34	56	1	11	11	1	1	2	2	1
8	34	56	1	12	12	1	2	4	6	3
8	34	56	1	14	14	1	NA	NA	NA	4
8	34	56	1	15	15	1	NA	NA	NA	4
8	34	56	1	16	16	1	1	1	1	1
8	34	56	1	17	17	1	NA	NA	NA	4
8	34	56	1	20	20	1	3	5	7	3
8	34	56	1	21	21	1	1	3	3	1
8	34	56	1	22	22	1	NA	NA	NA	4
8	34	56	1	23	23	1	NA	NA	NA	4
8	34	56	1	26	26	1	NA	NA	NA	4
8	34	56	1	27	27	1	NA	NA	NA	4
8	34	56	1	28	28	1	NA	NA	NA	4
8	34	56	1	29	29	1	NA	NA	NA	4
8	34	56	1	30	30	NA	NA	NA	5	3
8	34	56	1	31	31	1	NA	NA	NA	4
8	34	56	1	32	32	1	NA	NA	NA	5
8	34	56	1	35	35	1	NA	NA	NA	4
8	35	57	1	1	1	1	3	6	5	3
8	35	57	1	2	2	1	3	7	6	3
8	35	57	1	4	4	1	NA	NA	NA	4
8	35	57	1	5	5	1	3	7	6	3
8	35	57	1	6	6	1	NA	NA	NA	4
8	35	57	1	7	7	1	NA	NA	NA	4
8	35	57	1	8	8	1	1	3	3	2
8	35	57	1	9	9	1	2	4	4	2
8	35	57	1	10	10	1	3	6	5	3
8	35	57	1	11	11	1	1	1	1	1
8	35	57	1	12	12	1	3	6	5	3
8	35	57	1	13	13	1	3	7	7	3
8	35	57	1	14	14	1	3	7	6	3
8	35	57	1	15	15	1	3	7	6	3
8	35	57	1	16	16	1	1	2	2	2
8	35	57	1	17	17	1	3	6	5	3
8	35	57	1	18	18	1	3	7	6	3
8	35	57	1	26	26	1	NA	NA	NA	4
8	35	57	1	27	27	1	NA	NA	NA	4
8	35	57	1	28	28	1	2	4	4	2
8	35	57	1	29	29	1	3	7	6	3
8	35	57	1	30	30	1	3	6	5	3
8	35	57	1	31	31	1	3	6	5	3
8	35	57	1	32	32	1	NA	NA	NA	5
8	35	57	1	35	35	1	NA	NA	NA	4
9	36	58	1	1	1	1	2	5	5	2
9	36	58	1	2	2	1	2	5	5	2
9	36	58	1	4	4	1	1	1	1	1
9	36	58	1	5	5	1	3	9	8	3
9	36	58	1	6	6	1	NA	NA	NA	4
9	36	58	1	7	7	1	3	9	8	3
9	36	58	1	8	8	1	1	3	3	1
9	36	58	1	16	16	1	2	6	6	2
9	36	58	1	18	18	1	NA	NA	NA	4
9	36	58	1	28	28	1	3	9	8	3
9	36	58	1	29	29	1	3	7	7	3
9	36	58	1	30	30	1	3	7	7	3
9	36	58	1	33	33	1	1	3	3	1
9	36	58	1	34	34	1	1	2	2	1
9	36	58	1	35	35	1	2	4	4	2
10	37	59	1	1	1	1	2	4	4	2
10	37	59	1	2	2	1	3	5	5	3
10	37	59	1	4	4	1	2	4	4	2
10	37	59	1	5	5	1	NA	NA	NA	4
10	37	59	1	6	6	1	NA	NA	NA	4
10	37	59	1	7	7	1	NA	NA	NA	4
10	37	59	1	8	8	1	1	3	3	1
10	37	59	1	9	9	1	1	2	2	1
10	37	59	1	10	10	1	NA	NA	NA	4
10	37	59	1	12	12	1	NA	NA	NA	4
10	37	59	1	13	13	2	1	1	1	1
10	37	59	1	15	15	1	NA	NA	NA	4
10	37	59	1	17	17	1	3	5	5	3
10	37	59	1	18	18	1	NA	NA	NA	4
10	37	59	1	27	27	1	NA	NA	NA	4
10	37	59	1	28	28	1	NA	NA	NA	4
10	37	59	1	29	29	1	NA	NA	NA	4
10	37	59	1	31	31	1	NA	NA	NA	4
10	37	59	1	32	32	1	NA	NA	NA	5
10	37	59	1	35	35	1	NA	NA	NA	4
10	38	60	1	1	1	1	2	4	4	2
10	38	60	1	2	2	1	3	5	6	3
10	38	60	1	4	4	1	2	4	4	2
10	38	60	1	5	5	1	NA	NA	NA	4
10	38	60	1	6	6	1	NA	NA	NA	4
10	38	60	1	7	7	1	NA	NA	NA	4
10	38	60	1	8	8	1	1	3	3	1
10	38	60	1	9	9	1	1	2	2	1
10	38	60	1	10	10	1	NA	NA	NA	4
10	38	60	1	11	11	1	NA	NA	NA	4
10	38	60	1	12	12	1	NA	NA	NA	4
10	38	60	1	13	13	1	1	1	1	1
10	38	60	1	14	14	1	NA	NA	NA	4
10	38	60	1	15	15	1	NA	NA	NA	4
10	38	60	1	17	17	1	3	5	5	2
10	38	60	1	18	18	1	NA	NA	NA	4
10	38	60	1	26	26	1	NA	NA	NA	4
10	38	60	1	27	27	1	NA	NA	NA	4
10	38	60	1	28	28	1	NA	NA	NA	4
10	38	60	1	29	29	1	NA	NA	NA	4
10	38	60	1	30	30	1	NA	NA	NA	4
10	38	60	1	31	31	1	NA	NA	NA	4
10	38	60	1	32	32	1	NA	NA	NA	5
10	38	60	1	35	35	1	NA	NA	NA	4
10	39	61	1	1	1	1	2	4	4	2
10	39	61	1	2	2	1	3	5	5	3
10	39	61	1	4	4	1	2	4	4	2
10	39	61	1	5	5	1	NA	NA	NA	4
10	39	61	1	6	6	1	NA	NA	NA	4
10	39	61	1	7	7	1	NA	NA	NA	4
10	39	61	1	8	8	1	1	3	3	1
10	39	61	1	9	9	1	1	2	2	1
10	39	61	1	10	10	1	NA	NA	NA	4
10	39	61	1	11	11	1	2	4	4	2
10	39	61	1	12	12	1	3	5	5	3
10	39	61	1	13	13	1	1	1	1	1
10	39	61	1	14	14	1	NA	NA	NA	4
10	39	61	1	16	16	1	3	5	5	3
10	39	61	1	17	17	1	NA	NA	NA	4
10	39	61	1	18	18	1	NA	NA	NA	4
10	39	61	1	26	26	1	NA	NA	NA	4
10	39	61	1	27	27	1	NA	NA	NA	4
10	39	61	1	28	28	1	NA	NA	NA	4
10	39	61	1	29	29	1	NA	NA	NA	4
10	39	61	1	30	30	1	NA	NA	NA	4
10	39	61	1	31	31	1	NA	NA	NA	4
10	39	61	1	32	32	1	NA	NA	NA	5
10	39	61	1	33	33	1	NA	NA	NA	5
10	39	61	1	34	34	1	NA	NA	NA	5
10	39	61	1	35	35	1	NA	NA	NA	4
10	39	62	1	1	1	1	2	4	4	2
10	39	62	1	2	2	1	3	5	5	3
10	39	62	1	4	4	1	2	4	4	2
10	39	62	1	5	5	1	NA	NA	NA	4
10	39	62	1	6	6	1	NA	NA	NA	4
10	39	62	1	7	7	1	NA	NA	NA	4
10	39	62	1	8	8	1	1	3	3	1
10	39	62	1	9	9	1	1	2	2	1
10	39	62	1	10	10	1	NA	NA	NA	4
10	39	62	1	11	11	1	2	4	4	2
10	39	62	1	12	12	1	3	5	5	3
10	39	62	1	13	13	1	1	1	1	1
10	39	62	1	14	14	1	NA	NA	NA	4
10	39	62	1	16	16	1	3	5	5	3
10	39	62	1	17	17	1	NA	NA	NA	4
10	39	62	1	18	18	1	NA	NA	NA	4
10	39	62	1	26	26	1	NA	NA	NA	4
10	39	62	1	27	27	1	NA	NA	NA	4
10	39	62	1	28	28	1	NA	NA	NA	4
10	39	62	1	29	29	1	NA	NA	NA	4
10	39	62	1	30	30	1	NA	NA	NA	4
10	39	62	1	31	31	1	NA	NA	NA	4
10	39	62	1	32	32	1	NA	NA	NA	5
10	39	62	1	33	33	1	NA	NA	NA	5
10	39	62	1	34	34	1	NA	NA	NA	5
10	39	62	1	35	35	1	NA	NA	NA	4
10	40	63	1	1	1	1	3	4	4	3
10	40	63	1	4	4	1	2	3	3	2
10	40	63	1	5	5	1	NA	NA	NA	4
10	40	63	1	6	6	1	2	3	3	2
10	40	63	1	7	7	1	NA	NA	NA	4
10	40	63	1	8	8	1	1	2	2	1
10	40	63	1	9	9	1	1	1	1	1
10	40	63	1	10	10	1	NA	NA	NA	4
10	40	63	1	13	13	1	2	3	3	2
10	40	63	1	17	17	1	NA	NA	NA	4
10	40	63	1	18	18	1	NA	NA	NA	4
10	40	63	1	28	28	1	NA	NA	NA	4
10	40	63	1	29	29	1	NA	NA	NA	4
10	40	63	1	32	32	1	NA	NA	NA	5
10	40	63	1	33	33	1	NA	NA	NA	5
10	40	63	1	34	34	1	NA	NA	NA	5
10	40	63	1	35	35	1	NA	NA	NA	4
10	41	64	1	1	1	1	3	5	6	3
10	41	64	1	4	4	1	2	4	4	2
10	41	64	1	5	5	1	NA	NA	NA	4
10	41	64	1	6	6	1	NA	NA	NA	4
10	41	64	1	7	7	1	NA	NA	NA	4
10	41	64	1	8	8	1	1	3	3	1
10	41	64	1	9	9	1	1	2	2	1
10	41	64	1	10	10	1	NA	NA	NA	4
10	41	64	1	11	11	1	2	4	4	2
10	41	64	1	12	12	1	3	5	6	3
10	41	64	1	13	13	1	1	1	1	1
10	41	64	1	14	14	1	NA	NA	NA	4
10	41	64	1	16	16	1	3	5	6	3
10	41	64	1	17	17	1	NA	NA	5	2
10	41	64	1	18	18	1	NA	NA	NA	4
10	41	64	1	26	26	1	NA	NA	NA	4
10	41	64	1	27	27	1	NA	NA	NA	4
10	41	64	1	28	28	1	NA	NA	NA	4
10	41	64	1	29	29	1	NA	NA	NA	4
10	41	64	1	30	30	1	NA	NA	NA	4
10	41	64	1	31	31	1	NA	NA	NA	4
10	41	64	1	32	32	1	NA	NA	NA	5
10	41	64	1	35	35	1	NA	NA	NA	4
10	42	65	1	1	1	1	3	5	6	3
10	42	65	1	4	4	1	2	4	4	2
10	42	65	1	5	5	1	3	5	6	3
10	42	65	1	6	6	1	NA	NA	NA	4
10	42	65	1	7	7	1	NA	NA	NA	4
10	42	65	1	8	8	1	1	3	3	1
10	42	65	1	9	9	1	1	1	1	1
10	42	65	1	10	10	1	NA	NA	NA	4
10	42	65	1	11	11	1	3	5	6	3
10	42	65	1	12	12	1	NA	NA	NA	4
10	42	65	1	13	13	1	1	2	2	1
10	42	65	1	14	14	1	NA	NA	NA	4
10	42	65	1	15	15	1	NA	NA	NA	4
10	42	65	1	16	16	1	2	4	4	2
10	42	65	1	17	17	1	NA	NA	5	3
10	42	65	1	18	18	1	NA	NA	NA	4
10	42	65	1	26	26	1	NA	NA	NA	4
10	42	65	1	27	27	1	NA	NA	NA	4
10	42	65	1	28	28	1	NA	NA	NA	4
10	42	65	1	29	29	1	NA	NA	NA	4
10	42	65	1	30	30	1	NA	NA	NA	4
10	42	65	1	31	31	1	NA	NA	NA	4
10	42	65	1	32	32	1	NA	NA	NA	5
10	42	65	1	35	35	1	NA	NA	NA	4
10	43	66	0	4	4	1	2	6	6	2
10	43	66	0	5	5	1	3	8	9	3
10	43	66	0	6	6	1	NA	NA	NA	4
10	43	66	0	7	7	1	2	4	4	2
10	43	66	0	8	8	1	3	7	8	3
10	43	66	0	10	10	NA	NA	NA	7	3
10	43	66	0	11	11	1	3	7	8	3
10	43	66	0	12	12	1	2	4	4	2
10	43	66	0	14	14	1	NA	NA	NA	4
10	43	66	0	15	15	1	NA	NA	NA	4
10	43	66	0	16	16	1	1	3	3	1
10	43	66	0	17	17	1	3	9	10	3
10	43	66	0	18	18	1	1	2	2	1
10	43	66	0	19	19	1	1	1	1	1
10	43	66	0	20	20	1	2	5	5	2
10	43	66	0	21	21	1	3	11	12	3
10	43	66	0	22	22	1	3	12	13	3
10	43	66	0	23	23	1	NA	NA	NA	4
10	43	66	0	26	26	1	NA	NA	NA	4
10	43	66	0	27	27	1	3	10	11	3
10	43	66	0	28	28	1	NA	NA	NA	4
10	43	66	0	29	29	1	NA	NA	NA	4
10	43	66	0	30	30	1	NA	NA	NA	4
10	43	66	0	31	31	1	NA	NA	NA	4
10	43	66	0	32	32	1	NA	NA	NA	5
10	43	66	0	35	35	1	NA	NA	NA	4
10	43	67	0	4	4	1	2	6	6	2
10	43	67	0	5	5	1	NA	NA	NA	4
10	43	67	0	6	6	1	NA	NA	NA	4
10	43	67	0	7	7	1	2	4	4	2
10	43	67	0	8	8	1	2	5	5	2
10	43	67	0	9	9	1	2	6	6	2
10	43	67	0	10	10	NA	NA	NA	6	2
10	43	67	0	11	11	1	1	1	1	1
10	43	67	0	12	12	1	1	2	2	1
10	43	67	0	13	13	1	2	6	6	2
10	43	67	0	14	14	1	NA	NA	NA	4
10	43	67	0	15	15	1	NA	NA	NA	4
10	43	67	0	16	16	1	1	2	2	1
10	43	67	0	17	17	1	1	3	3	1
10	43	67	0	18	18	1	2	6	6	2
10	43	67	0	19	19	1	3	7	7	3
10	43	67	0	20	20	1	3	7	7	3
10	43	67	0	21	21	1	3	7	7	3
10	43	67	0	26	26	1	NA	NA	NA	4
10	43	67	0	27	27	1	NA	NA	NA	4
10	43	67	0	28	28	1	NA	NA	NA	4
10	43	67	0	29	29	1	NA	NA	NA	4
10	43	67	0	30	30	1	NA	NA	NA	4
10	43	67	0	31	31	1	NA	NA	NA	4
10	43	67	0	32	32	1	NA	NA	NA	5
10	43	67	0	35	35	1	NA	NA	NA	4
10	43	68	0	4	4	1	2	5	5	2
10	43	68	0	5	5	1	NA	NA	NA	4
10	43	68	0	6	6	1	NA	NA	NA	4
10	43	68	0	7	7	1	2	4	4	2
10	43	68	0	8	8	1	2	4	4	2
10	43	68	0	9	9	1	2	5	5	2
10	43	68	0	10	10	NA	NA	NA	6	2
10	43	68	0	11	11	1	1	1	1	1
10	43	68	0	12	12	1	2	3	3	2
10	43	68	0	13	13	2	2	5	5	2
10	43	68	0	14	14	1	NA	NA	NA	4
10	43	68	0	15	15	1	NA	NA	NA	4
10	43	68	0	16	16	1	1	2	2	1
10	43	68	0	17	17	1	1	1	1	1
10	43	68	0	18	18	1	NA	NA	NA	4
10	43	68	0	26	26	1	NA	NA	NA	4
10	43	68	0	27	27	1	NA	NA	NA	4
10	43	68	0	28	28	1	NA	NA	NA	4
10	43	68	0	29	29	1	NA	NA	NA	4
10	43	68	0	30	30	1	NA	NA	NA	4
10	43	68	0	31	31	1	NA	NA	NA	4
10	43	68	0	32	32	1	NA	NA	NA	5
10	43	68	0	35	35	1	NA	NA	NA	4
10	43	69	0	4	4	1	2	5	5	2
10	43	69	0	5	5	1	NA	NA	NA	4
10	43	69	0	6	6	1	NA	NA	NA	4
10	43	69	0	7	7	1	2	5	5	2
10	43	69	0	8	8	1	2	4	4	2
10	43	69	0	9	9	1	2	5	5	2
10	43	69	0	10	10	NA	NA	NA	6	2
10	43	69	0	11	11	1	1	2	2	1
10	43	69	0	12	12	1	2	3	3	2
10	43	69	0	13	13	1	2	5	5	2
10	43	69	0	14	14	1	NA	NA	NA	4
10	43	69	0	15	15	1	NA	NA	NA	4
10	43	69	0	16	16	1	1	1	1	1
10	43	69	0	17	17	1	1	1	1	1
10	43	69	0	18	18	1	3	6	7	3
10	43	69	0	19	19	1	NA	NA	NA	4
10	43	69	0	26	26	1	NA	NA	NA	4
10	43	69	0	27	27	1	NA	NA	NA	4
10	43	69	0	28	28	1	NA	NA	NA	4
10	43	69	0	29	29	1	NA	NA	NA	4
10	43	69	0	30	30	1	NA	NA	NA	4
10	43	69	0	31	31	1	NA	NA	NA	4
10	43	69	0	32	32	1	NA	NA	NA	5
10	43	69	0	35	35	1	NA	NA	NA	4
10	43	70	0	4	4	1	2	6	6	2
10	43	70	0	5	5	1	NA	NA	NA	4
10	43	70	0	6	6	1	NA	NA	NA	4
10	43	70	0	7	7	1	2	6	6	2
10	43	70	0	8	8	1	2	5	5	2
10	43	70	0	9	9	1	2	6	6	2
10	43	70	0	10	10	1	NA	NA	NA	4
10	43	70	0	11	11	1	2	4	4	2
10	43	70	0	12	12	1	2	3	3	2
10	43	70	0	13	13	1	2	6	6	2
10	43	70	0	14	14	1	NA	NA	NA	4
10	43	70	0	15	15	1	NA	NA	NA	4
10	43	70	0	16	16	1	1	1	1	1
10	43	70	0	17	17	1	1	2	2	1
10	43	70	0	18	18	1	3	7	7	3
10	43	70	0	19	19	1	NA	NA	NA	4
10	43	70	0	26	26	1	NA	NA	NA	4
10	43	70	0	27	27	1	NA	NA	NA	4
10	43	70	0	28	28	1	NA	NA	NA	4
10	43	70	0	29	29	1	3	7	7	3
10	43	70	0	30	30	1	NA	NA	NA	4
10	43	70	0	31	31	1	NA	NA	NA	4
10	43	70	0	32	32	1	NA	NA	NA	5
10	43	70	0	35	35	1	NA	NA	NA	4
10	43	71	0	4	4	1	2	4	4	2
10	43	71	0	5	5	1	NA	NA	NA	4
10	43	71	0	6	6	1	NA	NA	NA	4
10	43	71	0	7	7	1	2	4	4	2
10	43	71	0	8	8	1	2	3	3	2
10	43	71	0	9	9	1	2	2	2	2
10	43	71	0	10	10	NA	NA	NA	5	2
10	43	71	0	11	11	1	1	1	1	1
10	43	71	0	12	12	1	2	2	2	2
10	43	71	0	13	13	1	2	4	4	2
10	43	71	0	14	14	1	NA	NA	NA	4
10	43	71	0	16	16	1	1	1	1	1
10	43	71	0	17	17	1	1	1	1	1
10	43	71	0	18	18	1	3	5	6	3
10	43	71	0	26	26	1	NA	NA	NA	4
10	43	71	0	27	27	1	NA	NA	NA	4
10	43	71	0	28	28	1	NA	NA	NA	4
10	43	71	0	29	29	1	NA	NA	NA	4
10	43	71	0	30	30	1	NA	NA	NA	4
10	43	71	0	31	31	1	NA	NA	NA	4
10	43	71	0	32	32	1	NA	NA	NA	5
10	43	71	0	35	35	1	NA	NA	NA	4
10	44	72	1	1	1	1	3	6	6	3
10	44	72	1	4	4	1	2	5	5	2
10	44	72	1	5	5	1	NA	NA	NA	4
10	44	72	1	6	6	1	NA	NA	NA	4
10	44	72	1	7	7	1	1	4	4	1
10	44	72	1	8	8	1	1	4	4	1
10	44	72	1	9	9	1	2	5	5	2
10	44	72	1	10	10	1	NA	NA	NA	4
10	44	72	1	12	12	1	1	1	1	1
10	44	72	1	13	13	2	2	5	5	2
10	44	72	1	14	14	1	NA	NA	NA	5
10	44	72	1	15	15	1	NA	NA	NA	4
10	44	72	1	16	16	1	2	5	5	2
10	44	72	1	17	17	1	3	6	6	3
10	44	72	1	18	18	1	1	2	2	1
10	44	72	1	19	19	1	1	3	3	1
10	44	72	1	26	26	1	NA	NA	NA	4
10	44	72	1	27	27	1	NA	NA	NA	4
10	44	72	1	28	28	1	NA	NA	NA	4
10	44	72	1	29	29	1	NA	NA	NA	4
10	44	72	1	30	30	1	NA	NA	NA	4
10	44	72	1	31	31	1	NA	NA	NA	4
10	44	72	1	32	32	1	NA	NA	NA	5
10	44	72	1	35	35	1	NA	NA	NA	4
4	45	73	1	4	4	1	NA	NA	NA	4
4	45	73	1	5	5	1	NA	NA	NA	4
4	45	73	1	6	6	1	NA	NA	NA	4
4	45	73	1	7	7	1	NA	NA	NA	4
4	45	73	1	8	8	1	NA	NA	NA	4
4	45	73	1	9	9	1	NA	NA	NA	4
4	45	73	1	10	10	NA	NA	NA	4	3
4	45	73	1	11	11	1	2	3	3	2
4	45	73	1	12	12	1	1	1	1	1
4	45	73	1	14	14	1	NA	NA	NA	4
4	45	73	1	15	15	1	NA	NA	NA	4
4	45	73	1	16	16	1	NA	NA	NA	4
4	45	73	1	20	20	1	NA	NA	NA	4
4	45	73	1	21	21	1	NA	NA	NA	4
4	45	73	1	22	22	1	NA	NA	NA	4
4	45	73	1	23	23	1	NA	NA	NA	4
4	45	73	1	24	24	1	2	3	3	2
4	45	73	1	25	25	1	1	2	2	1
4	45	73	1	28	28	1	NA	NA	NA	4
4	45	73	1	29	29	NA	NA	NA	4	3
4	45	73	1	30	30	1	2	3	3	2
4	45	73	1	31	31	1	2	3	3	2
4	45	73	1	32	32	1	NA	NA	NA	5
4	45	73	1	33	33	1	NA	NA	NA	5
4	45	73	1	34	34	1	NA	NA	NA	5
4	45	73	1	35	35	1	NA	NA	NA	4
7	60	88	1	4	4	NA	NA	NA	1	1
7	60	88	1	5	5	1	NA	NA	NA	4
7	60	88	1	6	6	1	NA	NA	NA	4
7	60	88	1	7	7	1	NA	NA	NA	4
7	60	88	1	8	8	NA	NA	NA	3	3
7	60	88	1	9	9	NA	NA	NA	1	1
7	60	88	1	10	10	NA	NA	NA	1	1
7	60	88	1	12	12	1	NA	NA	NA	4
7	60	88	1	13	13	NA	NA	NA	2	2
7	60	88	1	17	17	1	NA	NA	NA	4
7	60	88	1	18	18	1	NA	NA	NA	4
7	60	88	1	27	27	1	NA	NA	NA	4
7	60	88	1	28	28	1	NA	NA	NA	4
7	60	88	1	29	29	1	NA	NA	NA	4
7	60	88	1	31	31	1	NA	NA	NA	4
7	60	88	1	32	32	1	NA	NA	NA	5
7	60	88	1	35	35	1	NA	NA	NA	4
7	46	74	1	1	1	1	3	9	11	3
7	46	74	1	2	2	1	3	10	12	3
7	46	74	1	4	4	1	2	5	5	2
7	46	74	1	5	5	1	NA	NA	NA	4
7	46	74	1	6	6	1	NA	NA	NA	4
7	46	74	1	7	7	1	NA	NA	NA	4
7	46	74	1	8	8	1	1	3	3	1
7	46	74	1	9	9	1	3	8	10	3
7	46	74	1	10	10	1	1	4	4	1
7	46	74	1	11	11	1	2	5	5	2
7	46	74	1	12	12	1	1	2	2	1
7	46	74	1	13	13	1	3	11	13	3
7	46	74	1	14	14	1	3	11	8	2
7	46	74	1	15	15	1	NA	NA	NA	4
7	46	74	1	16	16	1	1	1	1	1
7	46	74	1	17	17	1	3	7	9	3
7	46	74	1	18	18	1	2	6	6	2
7	46	74	1	19	19	1	3	10	12	3
7	46	74	1	26	26	1	NA	NA	NA	4
7	46	74	1	27	27	1	NA	NA	NA	4
7	46	74	1	28	28	1	3	10	12	3
7	46	74	1	29	29	1	3	9	7	2
7	46	74	1	30	30	1	3	9	11	3
7	46	74	1	31	31	1	3	9	11	3
7	46	74	1	32	32	1	NA	NA	NA	5
7	46	74	1	33	33	1	NA	NA	NA	5
7	46	74	1	34	34	1	NA	NA	NA	5
7	46	74	1	35	35	1	NA	NA	NA	4
7	47	75	1	4	4	1	1	3	3	1
7	47	75	1	5	5	1	NA	NA	NA	4
7	47	75	1	6	6	1	NA	NA	NA	4
7	47	75	1	7	7	1	NA	NA	NA	4
7	47	75	1	8	8	1	2	4	4	2
7	47	75	1	10	10	1	3	5	6	3
7	47	75	1	11	11	1	1	1	1	1
7	47	75	1	12	12	1	1	3	3	1
7	47	75	1	14	14	1	NA	NA	NA	4
7	47	75	1	15	15	1	NA	NA	NA	4
7	47	75	1	16	16	1	1	2	2	1
7	47	75	1	17	17	1	3	7	7	3
7	47	75	1	18	18	1	1	2	2	1
7	47	75	1	19	19	1	NA	NA	NA	4
7	47	75	1	28	28	1	NA	NA	NA	4
7	47	75	1	29	29	NA	NA	NA	5	3
7	47	75	1	30	30	1	NA	NA	NA	4
7	47	75	1	31	31	1	NA	NA	NA	4
7	47	75	1	32	32	1	NA	NA	NA	5
7	47	75	1	33	33	1	NA	NA	NA	5
7	47	75	1	34	34	1	NA	NA	NA	5
7	47	75	1	35	35	1	NA	NA	NA	4
7	61	89	1	4	4	NA	NA	NA	1	1
7	61	89	1	5	5	1	NA	NA	NA	4
7	61	89	1	6	6	1	NA	NA	NA	4
7	61	89	1	7	7	1	NA	NA	NA	4
7	61	89	1	8	8	NA	NA	NA	2	2
7	61	89	1	10	10	1	NA	NA	NA	4
7	61	89	1	11	11	NA	NA	NA	1	1
7	61	89	1	12	12	NA	NA	NA	2	2
7	61	89	1	16	16	NA	NA	NA	1	1
7	61	89	1	17	17	NA	NA	NA	3	3
7	61	89	1	18	18	NA	NA	NA	2	2
7	61	89	1	19	19	1	NA	NA	NA	4
7	61	89	1	26	26	1	NA	NA	NA	4
7	61	89	1	27	27	1	NA	NA	NA	4
7	61	89	1	28	28	1	NA	NA	NA	4
7	61	89	1	29	29	1	NA	NA	NA	4
7	61	89	1	30	30	1	NA	NA	NA	4
7	61	89	1	31	31	1	NA	NA	NA	4
7	61	89	1	32	32	1	NA	NA	NA	5
7	61	89	1	33	33	1	NA	NA	NA	5
7	61	89	1	34	34	1	NA	NA	NA	5
7	61	89	1	35	35	1	NA	NA	NA	4
7	48	76	1	4	4	1	1	2	2	1
7	48	76	1	5	5	1	NA	NA	NA	4
7	48	76	1	6	6	1	NA	NA	NA	4
7	48	76	1	7	7	1	NA	NA	NA	4
7	48	76	1	8	8	1	2	4	4	2
7	48	76	1	9	9	1	3	6	7	3
7	48	76	1	10	10	1	1	1	1	1
7	48	76	1	11	11	1	3	7	8	3
7	48	76	1	12	12	1	2	5	5	2
7	48	76	1	13	13	1	3	8	9	3
7	48	76	1	14	14	1	NA	NA	NA	5
7	48	76	1	15	15	1	NA	NA	NA	5
7	48	76	1	16	16	1	NA	NA	NA	5
7	48	76	1	18	18	1	2	5	5	2
7	48	76	1	26	26	1	NA	NA	NA	4
7	48	76	1	27	27	1	NA	NA	NA	4
7	48	76	1	28	28	1	NA	NA	NA	4
7	48	76	1	29	29	1	2	3	3	2
7	48	76	1	30	30	NA	NA	NA	6	3
7	48	76	1	31	31	2	2	5	5	2
7	48	76	1	32	32	1	NA	NA	NA	5
7	48	76	1	33	33	1	NA	NA	NA	5
7	48	76	1	34	34	1	NA	NA	NA	5
7	48	76	1	35	35	1	NA	NA	NA	4
8	49	77	1	1	1	1	3	9	8	3
8	49	77	1	4	4	1	2	6	4	2
8	49	77	1	5	5	1	NA	NA	NA	4
8	49	77	1	6	6	1	NA	NA	NA	4
8	49	77	1	7	7	1	3	8	7	3
8	49	77	1	8	8	1	2	3	5	3
8	49	77	1	9	9	1	3	9	8	3
8	49	77	1	10	10	1	3	8	7	3
8	49	77	1	11	11	1	3	7	6	3
8	49	77	1	12	12	1	NA	NA	NA	4
8	49	77	1	13	13	1	NA	NA	NA	5
8	49	77	1	14	14	1	NA	NA	NA	4
8	49	77	1	15	15	1	NA	NA	NA	4
8	49	77	1	16	16	1	1	1	1	1
8	49	77	1	17	17	1	2	5	2	1
8	49	77	1	18	18	1	3	9	8	3
8	49	77	1	19	19	1	2	4	3	2
8	49	77	1	26	26	1	NA	NA	NA	4
8	49	77	1	27	27	1	NA	NA	NA	4
8	49	77	1	28	28	1	3	8	7	3
8	49	77	1	29	29	1	NA	NA	NA	4
8	49	77	1	30	30	1	3	8	7	3
8	49	77	1	31	31	1	3	8	7	3
8	49	77	1	32	32	1	NA	NA	NA	5
8	49	77	1	33	33	1	NA	NA	NA	5
8	49	77	1	34	34	1	NA	NA	NA	5
8	49	77	1	35	35	1	NA	NA	NA	4
8	50	78	1	1	1	1	3	7	7	3
8	50	78	1	4	4	1	2	3	3	2
8	50	78	1	5	5	1	NA	NA	NA	4
8	50	78	1	6	6	1	NA	NA	NA	4
8	50	78	1	7	7	1	3	6	6	3
8	50	78	1	8	8	1	2	2	2	2
8	50	78	1	9	9	1	3	7	7	3
8	50	78	1	10	10	1	3	6	6	3
8	50	78	1	11	11	1	2	4	4	2
8	50	78	1	12	12	1	3	5	5	3
8	50	78	1	14	14	1	NA	NA	NA	4
8	50	78	1	15	15	1	NA	NA	NA	4
8	50	78	1	16	16	1	1	1	1	1
8	50	78	1	18	18	1	3	7	7	3
8	50	78	1	19	19	1	NA	NA	NA	4
8	50	78	1	28	28	1	3	6	6	3
8	50	78	1	29	29	1	NA	NA	NA	4
8	50	78	1	30	30	1	3	6	6	3
8	50	78	1	31	31	1	3	6	6	3
8	50	78	1	32	32	1	NA	NA	NA	5
8	50	78	1	33	33	1	NA	NA	NA	5
8	50	78	1	34	34	1	NA	NA	NA	5
8	50	78	1	35	35	1	NA	NA	NA	4
8	51	79	1	1	1	1	3	10	10	3
8	51	79	1	4	4	1	2	6	6	2
8	51	79	1	5	5	1	NA	NA	NA	4
8	51	79	1	6	6	1	NA	NA	NA	4
8	51	79	1	7	7	1	3	10	10	3
8	51	79	1	8	8	1	1	3	4	2
8	51	79	1	9	9	1	2	8	7	2
8	51	79	1	10	10	1	2	7	8	3
8	51	79	1	11	11	1	1	2	2	1
8	51	79	1	12	12	1	2	4	5	2
8	51	79	1	13	13	1	3	9	9	3
8	51	79	1	14	14	1	3	9	9	3
8	51	79	1	15	15	1	NA	NA	NA	5
8	51	79	1	16	16	1	1	1	1	1
8	51	79	1	17	17	1	3	9	9	3
8	51	79	1	18	18	1	2	5	3	1
8	51	79	1	26	26	1	NA	NA	NA	4
8	51	79	1	27	27	1	NA	NA	NA	4
8	51	79	1	28	28	1	3	9	9	3
8	51	79	1	29	29	1	3	10	10	3
8	51	79	1	30	30	1	3	9	9	3
8	51	79	1	32	32	1	NA	NA	NA	5
8	51	79	1	33	33	1	NA	NA	NA	5
8	51	79	1	34	34	1	NA	NA	NA	5
8	51	79	1	35	35	1	NA	NA	NA	4
10	52	80	1	1	1	1	3	5	7	3
10	52	80	1	4	4	1	2	4	4	2
10	52	80	1	5	5	1	3	5	7	3
10	52	80	1	6	6	1	NA	NA	NA	4
10	52	80	1	7	7	1	NA	NA	NA	4
10	52	80	1	8	8	1	1	3	3	1
10	52	80	1	9	9	1	1	1	1	1
10	52	80	1	10	10	1	NA	NA	NA	4
10	52	80	1	11	11	1	NA	NA	NA	4
10	52	80	1	12	12	1	NA	NA	NA	4
10	52	80	1	13	13	1	1	2	2	1
10	52	80	1	14	14	1	NA	NA	NA	4
10	52	80	1	15	15	1	NA	NA	NA	4
10	52	80	1	16	16	1	NA	NA	5	2
10	52	80	1	17	17	1	NA	NA	6	3
10	52	80	1	18	18	1	NA	NA	NA	4
10	52	80	1	26	26	1	NA	NA	NA	4
10	52	80	1	27	27	1	NA	NA	NA	4
10	52	80	1	28	28	1	NA	NA	NA	4
10	52	80	1	29	29	1	NA	NA	NA	4
10	52	80	1	30	30	1	NA	NA	NA	4
10	52	80	1	31	31	1	NA	NA	NA	4
10	52	80	1	32	32	1	NA	NA	NA	5
10	52	80	1	35	35	1	NA	NA	NA	4
10	53	81	1	4	4	1	2	6	6	2
10	53	81	1	5	5	1	NA	NA	NA	4
10	53	81	1	6	6	1	NA	NA	NA	4
10	53	81	1	7	7	1	1	4	4	1
10	53	81	1	8	8	1	1	5	5	1
10	53	81	1	9	9	2	2	6	6	2
10	53	81	1	10	10	NA	NA	NA	6	2
10	53	81	1	11	11	1	1	2	2	1
10	53	81	1	12	12	1	1	3	3	1
10	53	81	1	15	15	1	NA	NA	NA	4
10	53	81	1	16	16	1	1	1	1	1
10	53	81	1	18	18	1	3	7	7	3
10	53	81	1	19	19	1	NA	NA	NA	4
10	53	81	1	26	26	1	NA	NA	NA	4
10	53	81	1	27	27	1	NA	NA	NA	4
10	53	81	1	28	28	1	NA	NA	NA	4
10	53	81	1	29	29	1	3	7	7	3
10	53	81	1	30	30	1	NA	NA	NA	4
10	53	81	1	31	31	1	NA	NA	NA	4
10	53	81	1	32	32	1	NA	NA	NA	5
10	53	81	1	33	33	1	NA	NA	NA	5
10	53	81	1	34	34	1	NA	NA	NA	5
10	53	81	1	35	35	1	NA	NA	NA	4
5	54	82	1	1	1	1	3	2	2	3
5	54	82	1	4	4	1	3	2	2	3
5	54	82	1	5	5	1	NA	NA	NA	4
5	54	82	1	6	6	1	NA	NA	NA	4
5	54	82	1	7	7	1	NA	NA	NA	4
5	54	82	1	8	8	1	2	1	1	2
5	54	82	1	9	9	1	3	2	2	3
5	54	82	1	10	10	1	NA	NA	NA	4
5	54	82	1	12	12	1	NA	NA	NA	4
5	54	82	1	13	13	1	NA	NA	NA	4
5	54	82	1	17	17	1	NA	NA	NA	4
5	54	82	1	18	18	1	NA	NA	NA	4
5	54	82	1	27	27	1	NA	NA	NA	4
5	54	82	1	28	28	1	NA	NA	NA	4
5	54	82	1	29	29	1	NA	NA	NA	4
5	54	82	1	31	31	1	NA	NA	NA	4
5	54	82	1	32	32	1	NA	NA	NA	5
5	54	82	1	33	33	1	NA	NA	NA	4
5	54	82	1	35	35	1	NA	NA	NA	4
5	55	83	1	4	4	1	2	4	4	2
5	55	83	1	5	5	1	NA	NA	NA	4
5	55	83	1	6	6	1	NA	NA	NA	4
5	55	83	1	7	7	1	NA	NA	NA	4
5	55	83	1	8	8	1	3	5	6	3
5	55	83	1	9	9	1	3	5	6	3
5	55	83	1	10	10	1	3	5	6	3
5	55	83	1	11	11	1	1	2	2	1
5	55	83	1	12	12	1	2	3	3	2
5	55	83	1	13	13	1	NA	NA	NA	5
5	55	83	1	16	16	1	1	1	1	1
5	55	83	1	17	17	1	NA	NA	5	2
5	55	83	1	18	18	1	NA	NA	NA	4
5	55	83	1	26	26	1	NA	NA	NA	4
5	55	83	1	27	27	1	NA	NA	NA	4
5	55	83	1	28	28	1	NA	NA	NA	4
5	55	83	1	29	29	1	NA	NA	NA	4
5	55	83	1	30	30	1	NA	NA	NA	4
5	55	83	1	32	32	1	NA	NA	NA	5
5	55	83	1	33	33	1	NA	NA	NA	5
5	55	83	1	34	34	1	NA	NA	NA	5
5	55	83	1	35	35	1	NA	NA	NA	4
10	56	84	1	4	4	1	2	5	5	2
10	56	84	1	5	5	1	NA	NA	NA	4
10	56	84	1	6	6	1	NA	NA	NA	4
10	56	84	1	7	7	1	2	5	5	2
10	56	84	1	8	8	1	1	4	4	1
10	56	84	1	9	9	1	1	4	4	1
10	56	84	1	10	10	NA	NA	NA	6	2
10	56	84	1	11	11	1	1	1	1	1
10	56	84	1	12	12	1	1	3	3	1
10	56	84	1	13	13	1	2	5	5	2
10	56	84	1	16	16	1	1	2	2	1
10	56	84	1	18	18	1	3	6	7	3
10	56	84	1	26	26	1	NA	NA	NA	4
10	56	84	1	27	27	1	NA	NA	NA	4
10	56	84	1	28	28	1	NA	NA	NA	4
10	56	84	1	29	29	1	NA	NA	NA	4
10	56	84	1	30	30	1	NA	NA	NA	4
10	56	84	1	32	32	1	NA	NA	NA	5
10	56	84	1	33	33	1	NA	NA	NA	5
10	56	84	1	34	34	1	NA	NA	NA	5
10	56	84	1	35	35	1	NA	NA	NA	4
10	57	85	1	4	4	1	3	4	4	3
10	57	85	1	5	5	1	NA	NA	NA	4
10	57	85	1	6	6	1	NA	NA	NA	4
10	57	85	1	7	7	1	NA	NA	NA	4
10	57	85	1	8	8	1	1	2	2	1
10	57	85	1	9	9	1	1	1	1	1
10	57	85	1	10	10	1	2	3	3	2
10	57	85	1	11	11	1	NA	NA	NA	4
10	57	85	1	12	12	1	NA	NA	NA	4
10	57	85	1	13	13	1	3	4	4	3
10	57	85	1	16	16	1	NA	NA	NA	4
10	57	85	1	17	17	1	NA	NA	NA	4
10	57	85	1	18	18	1	NA	NA	NA	4
10	57	85	1	26	26	1	NA	NA	NA	4
10	57	85	1	27	27	1	NA	NA	NA	4
10	57	85	1	28	28	1	NA	NA	NA	4
10	57	85	1	29	29	1	NA	NA	NA	4
10	57	85	1	30	30	1	NA	NA	NA	4
10	57	85	1	31	31	1	NA	NA	NA	4
10	57	85	1	32	32	1	NA	NA	NA	5
10	57	85	1	33	33	1	NA	NA	NA	5
10	57	85	1	34	34	1	NA	NA	NA	5
10	57	85	1	35	35	1	NA	NA	NA	4
7	58	86	1	4	4	1	2	5	5	2
7	58	86	1	5	5	1	NA	NA	NA	4
7	58	86	1	6	6	1	NA	NA	NA	4
7	58	86	1	7	7	1	NA	NA	NA	4
7	58	86	1	8	8	1	1	4	4	1
7	58	86	1	9	9	1	3	8	8	3
7	58	86	1	10	10	1	1	2	2	1
7	58	86	1	11	11	1	3	7	7	3
7	58	86	1	12	12	1	1	3	3	1
7	58	86	1	13	13	1	3	9	9	3
7	58	86	1	14	14	1	3	9	9	3
7	58	86	1	15	15	1	NA	NA	NA	4
7	58	86	1	16	16	1	1	1	1	1
7	58	86	1	17	17	1	3	9	9	3
7	58	86	1	18	18	1	3	9	9	3
7	58	86	1	19	19	1	3	8	8	3
7	58	86	1	26	26	1	NA	NA	NA	4
7	58	86	1	27	27	1	NA	NA	NA	4
7	58	86	1	28	28	1	3	9	9	3
7	58	86	1	29	29	1	3	6	6	2
7	58	86	1	30	30	1	3	9	9	3
7	58	86	1	31	31	1	3	8	8	3
7	58	86	1	32	32	1	NA	NA	NA	5
7	58	86	1	35	35	1	NA	NA	NA	4
7	59	87	1	1	1	1	3	11	12	3
7	59	87	1	2	2	1	3	11	12	3
7	59	87	1	4	4	1	1	4	4	1
7	59	87	1	5	5	1	NA	NA	NA	4
7	59	87	1	6	6	1	NA	NA	NA	4
7	59	87	1	7	7	1	NA	NA	NA	4
7	59	87	1	8	8	1	1	5	5	1
7	59	87	1	9	9	1	3	8	9	3
7	59	87	1	10	10	1	1	3	3	1
7	59	87	1	11	11	1	2	6	6	2
7	59	87	1	12	12	1	1	1	1	1
7	59	87	1	15	15	1	NA	NA	NA	4
7	59	87	1	16	16	1	1	2	2	1
7	59	87	1	17	17	1	3	9	10	3
7	59	87	1	18	18	1	3	10	11	3
7	59	87	1	19	19	1	2	7	7	2
7	59	87	1	28	28	1	NA	NA	NA	5
7	59	87	1	29	29	1	3	11	8	2
7	59	87	1	30	30	1	3	11	12	3
7	59	87	1	31	31	1	3	11	12	3
7	59	87	1	32	32	1	NA	NA	NA	5
7	59	87	1	33	33	1	NA	NA	NA	5
7	59	87	1	34	34	1	NA	NA	NA	5
7	59	87	1	35	35	1	NA	NA	NA	4
