;Gebied;Labo_ID_db;Datum;VEGID_INBOVEG;id_n2khab;system_type;habitattype;sbz;geometry;AfstandBron;Kalktuf;Schaduw;Periode;pH_veld;pH_labo;EC_veld_25grC;EC_labo_25grC;Buffercapaciteit_TAP;Buffercapaciteit_TAM;HCO3;CO3;OH;SO4;Cl;PO4;NO2;NO3;NH4;Ca;K;Mg;Na;Mn;Al;Fe;SO4_S;PO4_P;NO2_N;NO3_N;NH4_N
1;Feelbos 1;B_11_0377;19/04/2011;Feelbos 1;16;rivulet;7220;1;c(3.5379533, 50.7719859);A;4;4;Lente;NB;8;871;860,1;0,005;5,692;347,212;0,5;0,5;78,91024221;43,11714738;0,1;0,1;52,68384202;0,05;157,5247224;2,712103095;9,968252912;17,8137081;NB;NB;0,05;26,33853211;0,032615786;0,0304414;11,90111187;0,038825905
2;Wolfsputten;B_11_0378;19/04/2011;Wolfsputten;39;NA;gh;1;c(4.2518896, 50.8531852);A;2;4;Lente;NB;8,19;786;779,6;0,005;7,946;484,706;0,5;0,5;13,85755091;25,65347301;0,1;0,1;0,745347091;0,05;147,3143288;1,289068271;14,8847479;14,25003092;NB;NB;0,05;4,625350772;0,032615786;0,0304414;0,16837153;0,038825905
3;Enamebos;B_11_0379;19/04/2011;Ename 2;40;mire;7220;1;c(3.6494108, 50.8537526);B;5;4;Lente;NB;8,03;947;943,2;0,005;6,14;374,54;0,5;0,5;83,73216199;52,76769445;0,1;0,1;65,8716545;0,05;176,284479;1,768821114;17,2685091;14,19755271;NB;NB;0,05;27,94798464;0,032615786;0,0304414;14,88019664;0,038825905
4;Raspaille;B_11_0380;19/04/2011;Raspaille;81;NA;gh;1;c(3.941509, 50.774071);C;2;5;Lente;NB;8,18;706;702,3;0,005;4,461;272,121;0,5;0,5;102,0844665;31,31802796;0,1;0,1;9,456307827;0,05;122,8653027;3,667112646;11,18227238;12,42107508;NB;NB;0,05;34,07358695;0,032615786;0,0304414;2,136149776;0,038825905
5;Wijngaardbos 1;B_11_0381;19/04/2011;Wijngaardbos 1;32;rivulet;7220;1;c(5.4758737, 50.8171063);B;5;4;Lente;7.83;7,96;959;927,1;0,005;7,282;444,202;0,5;0,5;66,49773809;42,96586794;0,1;0,1;37,83736101;0,05;160,6786902;1,002398993;20,69391973;20,96958545;NB;NB;0,05;22,1955067;0,032615786;0,0304414;8,547339164;0,038825905
6;Steenputbeek 1;B_11_0382;19/04/2011;Steenputbeek 1;2;rivulet;7220;1;c(4.278431, 50.7137719);C;3;5;Lente;NB;8,1;722;713,2;0,005;5,485;334,585;0,5;0,5;77,83322803;25,13608529;0,1;0,1;10,45599508;0,05;132,400987;0,963107654;10,05512047;12,32609509;NB;NB;0,05;25,97904807;0,032615786;0,0304414;2,361975938;0,038825905
7;Steenputbeek 2;B_11_0383;19/04/2011;Steenputbeek 2;1;rivulet;7220;1;c(4.2756496, 50.7077746);B;4;5;Lente;NB;7,93;728;793,8;0,005;6,067;370,087;0,5;0,5;68,51801436;34,28853631;0,1;0,1;17,5776777;0,05;148,5847248;0,955624312;12,48904889;13,23084489;NB;NB;0,05;22,86983123;0,032615786;0,0304414;3,970741325;0,038825905
8;Zammelen;B_11_0384;19/04/2011;Zammelen;30;mire;7220;1;c(5.4040874, 50.8131411);B;4;4;Lente;7.65;7,79;1268;1300;0,005;7,684;468,724;0,5;0,5;167,4010734;74,52148417;0,1;2,014142616;85,21537992;0,207136586;186,2517796;30,22093038;26,86696654;54,76217646;NB;NB;0,05;55,87485761;0,032615786;0,613133216;19,24988252;0,160845306
9;Duling;B_11_0385;19/04/2011;Duling;3;NA;7230;1;c(4.3043239, 50.7155098);C;3;1;Lente;NB;7,55;826;817,5;0,005;5,603;341,783;0,5;0,5;79,66408874;50,18961413;0,1;0,1;4,711585174;0,05;125,905645;5,319328906;9,473763176;37,1109435;NB;NB;0,05;26,59014978;0,032615786;0,0304414;1,064332062;0,038825905
10;Galmaarden 2;B_11_0386;19/04/2011;GeenVegOpn;80;rivulet;7220;1;c(3.9409292, 50.7623351);B;2;5;Lente;NB;8,12;844;837,4;0,005;5,729;349,469;0,5;0,5;110,3930555;30,97225659;0,1;0,1;26,21909766;0,05;153,4527216;1,638428081;12,87279527;16,43510623;NB;NB;0,05;36,84681425;0,032615786;0,0304414;5,922810531;0,038825905
11;Mater-Kerkgate;B_11_0387;19/04/2011;Kerkgate;73;mire;7220;0;c(3.676738, 50.8490249);B;3;2;Lente;NB;7,2;1065;1056;0,005;6,955;424,255;0,5;0,5;178,2192278;46,67364621;0,1;0,1;0,298965282;0,05;207,0594794;5,015079838;14,19836819;18,53764169;NB;NB;0,12071;59,48572357;0,032615786;0,0304414;0,067535304;0,038825905
12;Hornebeek;B_11_0388;19/04/2011;Hornebeek;58;rivulet;7220;0;c(5.2384528, 50.7216672);A;2;3;Lente;7.20;7,44;975;969,6;0,005;6,441;392,901;0,5;0,5;92,42455633;57,48994593;0,1;0,1;48,92740097;0,05;173,1788017;1,443655421;19,73162818;12,54681931;NB;NB;0,05;30,84931787;0,032615786;0,0304414;11,05254382;0,038825905
13;Meldertkerkhof;B_11_0389;19/04/2011;Meldertkerkhof;64;NA;gh;0;c(4.8424642, 50.7896387);B;3;1;Lente;7.55;7,94;969;983,5;0,005;7,384;450,424;0,5;0,5;102,0960282;44,4001757;0,1;0,1;20,07607425;0,05;189,4243902;9,904244237;14,48923558;27,42113804;NB;NB;0,05;34,07744599;0,032615786;0,0304414;4,535121138;0,038825905
14;Kwinten;B_11_0390;19/04/2011;Kwinten 1;72;rivulet;7220;1;c(5.8125166, 50.7513399);B;5;3;Lente;8.15;7,91;689;667,3;0,005;4,675;285,175;0,5;0,5;43,72141589;20,93714412;0,1;0,1;62,18300478;0,130182748;129,9822922;1,357607101;2,613589162;6,220995309;NB;NB;0,05;14,59326298;0,032615786;0,0304414;14,04694244;0,101089259
15;Kwinten;B_11_0391;19/04/2011;Kwinten 2;72;rivulet;7220;1;c(5.8125166, 50.7513399);B;3;2;Lente;8.20;8,21;731;710;0,005;4,672;284,992;0,5;0,5;32,53288917;13,556979;0,1;0,1;121,255692;0,155668048;139,0929114;0,87354081;2,486684207;6,377305901;NB;NB;0,05;10,85877476;0,032615786;0,0304414;27,39127407;0,120879056
16;KwintenHolleWeg;B_11_0392;19/04/2011;KwintenHolleWeg;10;mire;7220;1;c(5.8176321, 50.750045);C;4;3;Lente;8.17;8,12;699;714,9;0,005;5,205;317,505;0,5;0,5;42,13922056;19,4337991;0,246072306;0,1;74,01891175;0,05;142,2486107;2,740179536;2,568880423;7,166507602;NB;NB;0,05;14,0651604;0,080258417;0,0304414;16,72063607;0,038825905
17;Fonteinbeek;B_11_0393;19/04/2011;Fonteinbeek;61;rivulet;7220;0;c(4.8444083, 50.8099866);B;3;3;Lente;8.00;7,85;860;856,2;0,005;6,468;394,548;0,5;0,5;72,89874779;31,64202022;0,1;0,1;38,34407937;0,05;141,4176763;4,676342291;23,27037579;13,30431979;NB;NB;0,05;24,3320253;0,032615786;0,0304414;8,661805225;0,038825905
18;Keiberg;B_11_0394;19/04/2011;Riksingen 1;25;NA;gh;1;c(5.4532161, 50.8011706);B;3;1;Lente;7.70;7,87;881;867,6;0,005;6,81;415,41;0,5;0,5;65,35370654;35,20282679;0,1;0,1;32,26849594;0,139994216;150,5306847;0,231048347;22,79656816;10,16568191;NB;NB;0,05;21,81365372;0,032615786;0,0304414;7,289350307;0,108708041
19;Boterhoek 2;B_11_0395;19/04/2011;Boterhoek 2;82;NA;gh;1;c(3.7769282, 50.835381);C;3;4;Lente;NB;7,57;977;974,3;0,005;5,919;361,059;0,5;0,5;72,48226544;49,78091858;0,1;0,1;112,7685736;0,05;161,7390023;0,556640423;21,18368548;19,09371265;NB;NB;0,05;24,1930125;0,032615786;0,0304414;25,47406109;0,038825905
20;Boterhoek 1;B_11_0397;19/04/2011;Boterhoek 1;35;rivulet;7220;1;c(3.7758523, 50.8379);A;4;2;Lente;NB;7,28;807;810,9;0,005;6,645;405,345;0,5;0,5;70,30796459;29,25321494;0,1;0,1;0,1;0,05;140,3991466;5,971024925;17,68192397;11,21154433;NB;NB;0,05;23,4672779;0,032615786;0,0304414;0,022589681;0,038825905
21;Zevenbronnen;B_11_0398;19/04/2011;Zevenbronnen;59;NA;gh;0;c(5.1082177, 50.7152034);B;3;3;Lente;7.26;7,51;994;985,6;0,005;6,131;373,991;0,5;0,5;102,8851454;75,26712408;0,1;0,1;24,12206326;0,05;166,7354526;0,581202133;26,14657327;13,62762753;NB;NB;0,05;34,34083624;0,032615786;0,0304414;5,44909715;0,038825905
22;Mabroek;B_11_0399;19/04/2011;Mabroek;75;rivulet;7220;0;c(5.9012548, 50.7274686);B;5;5;Lente;7.94;7,98;655;659;0,005;4,316;263,276;0,5;0,5;78,25191015;17,76604853;0,1;0,1;42,92158603;0,111573089;129,0479288;1,460031158;3,336090372;5,617433873;NB;NB;0,05;26,11879511;0,032615786;0,0304414;9,695849378;0,086638522
23;Krindaal;B_11_0400;19/04/2011;Krindaal 1;8;rivulet;7220;1;c(5.8320205, 50.745719);B;4;5;Lente;8.06;8,14;651;658,9;0,005;5,204;317,444;0,5;0,5;42,67183405;22,30395559;0,1;0,1;30,08150871;0,05;133,8999519;1,890756037;2,4446487;7,113951327;NB;NB;0,05;14,24293526;0,032615786;0,0304414;6,795316867;0,038825905
24;Krindaal;B_11_0401;19/04/2011;Krindaal 2;8;rivulet;7220;1;c(5.8320205, 50.745719);B;4;4;Lente;7.56;7,74;769;668,1;0,005;5,174;315,614;0,5;0,5;36,77334714;22,01373355;0,1;0,1;40,80935136;0,05;130,4122991;1,536273001;2,576787411;6,697788189;NB;NB;0,05;12,27414791;0,032615786;0,0304414;9,218702305;0,038825905
25;Korbeek-Lo;B_11_0402;19/04/2011;SalveMater;42;NA;gh;1;c(4.7557433, 50.8585849);B;3;5;Lente;7.77;7,83;1119;1120;0,005;7,885;480,985;0,5;0,5;58,9249993;50,5780014;0,1;0,1;127,7281498;0,05;222,5524726;6,182139019;6,433163784;22,62683892;NB;NB;0,05;19,66789029;0,032615786;0,0304414;28,85338164;0,038825905
26;Noorbeek;B_11_0403;19/04/2011;Noorbeek;15;mire;7220;1;c(5.7980832, 50.7651284);B;5;4;Lente;7.96;8,04;802;728,6;0,005;5,024;306,464;0,5;0,5;52,08376796;17,78331138;0,1;0,1;86,79587922;0,05;144,5214367;1,489101016;3,104272695;7,378077992;NB;NB;0,05;17,38443523;0,032615786;0,0304414;19,60691227;0,038825905
27;Feelbos 1;B_11_0404;19/04/2011;Feelbos 2;16;rivulet;7220;1;c(3.5379533, 50.7719859);B;5;4;Lente;NB;8,26;827;814,2;0,005;5,024;306,464;0,5;0,5;85,75092582;43,88902956;0,1;0,1;54,12461303;0,05;144,7906333;3,53045157;9,964143207;17,55659038;NB;NB;0,05;28,62180435;0,032615786;0,0304414;12,22657744;0,038825905
28;Zoet Water 1;B_11_0405;19/04/2011;ZoetWater 1;33;NA;gh;1;c(4.6624837, 50.8225531);B;3;4;Lente;7.56;7,67;545;550,7;0,005;3,459;210,999;0,5;0,5;65,70347023;21,73400951;0,1;0,1;24,52499659;0,05;92,22102205;1,731588042;2,514019737;14,54003013;NB;NB;0,05;21,93039727;0,032615786;0,0304414;5,540118502;0,038825905
29;Molenbeemd;B_11_0406;19/04/2011;Molenbeemd;71;rivulet;7220;0;c(5.5163576, 50.8210239);B;4;4;Lente;8.04;7,92;679;797,4;0,005;6,509;397,049;0,5;0,5;52,10919883;33,59840818;0,1;0,1;21,02215234;0,05;135,4642567;4,187783656;20,99084332;11,04952989;NB;NB;0,05;17,39292351;0,032615786;0,0304414;4,74883716;0,038825905
30;Hornebeek;B_11_1036;6/09/2011;Hornebeek;58;rivulet;7220;0;c(5.2384528, 50.7216672);A;2;3;Zomer;6.97;6,96;1016;960;0,005;6,278;382,958;0,5;0,5;91,68085714;58,07155926;0,05;0,05;39,62713023;0,267980296;164,5380357;1,576128006;20,18946927;12,1249494;NB;NB;0,05;30,60108716;0,016307893;0,0152207;8,951642322;0,208091548
31;Keiberg 2;B_11_1037;6/09/2011;Riksingen 2;NA;NA;NA;NA;c(NA, NA);B;1;1;Zomer;6.76;6,7;828;833,5;0,005;4,993;304,573;0,5;0,5;77,42666667;31,58030087;0,05;0,05;79,83241369;0,27816092;134,1844643;2,481216458;18,75317296;14,15940269;NB;NB;0,05;25,84334668;0,016307893;0,0152207;18,03388761;0,215996987
32;Grootbos;B_11_1038;6/09/2011;Grootbos 1;28;rivulet;7220;1;c(5.54892, 50.8094526);A;2;4;Zomer;6.91;6,97;896;894,6;0,005;7,503;457,683;0,5;0,5;38,71352381;40,73470218;0,05;0,05;29,28199619;0,23045977;154,4436607;3,760683761;19,95342447;10,92367202;NB;NB;0,05;12,92173692;0,016307893;0,0152207;6,61470954;0,178956181
33;Haren;B_11_1039;6/09/2011;Haren;23;rivulet;7220;1;c(5.4038378, 50.7914714);B;4;4;Zomer;7.05;7,09;823;830,7;0,005;6,601;402,661;0,5;0,5;63,65219048;29,00691197;0,05;0,05;26,84584208;0,21182266;146,0682143;1,322997416;17,50867469;9,858048846;NB;NB;0,05;21,24572446;0,016307893;0,0152207;6,064390097;0,164484128
34;Mabroek;B_11_1041;6/09/2011;Mabroek;75;rivulet;7220;0;c(5.9012548, 50.7274686);A;2;5;Zomer;6.80;6,89;698;697,1;0,005;4,718;287,798;0,5;0,5;84,09857143;17,61955874;0,05;0,05;32,93305337;0,183908046;135,6422321;1,631584178;3,573;5,374443395;NB;NB;0,05;28,07028419;0,016307893;0,0152207;7,439471711;0,142807925
35;Wijngaardbos 1;B_11_1042;6/09/2011;Wijngaardbos 1;32;rivulet;7220;1;c(5.4758737, 50.8171063);A;1;5;Zomer;7.03;7,12;858;862,7;0,005;6,76;412,36;0,5;0,5;60,69990476;33,37853222;0,05;0,05;34,52170516;0,290229885;146,1511607;1,116974757;17,72133858;16,67242387;NB;NB;0,05;20,26031534;0,016307893;0,0152207;7,798343083;0,225368757
36;Kwinten;B_11_1043;6/09/2011;GeenVegOpn;72;rivulet;7220;1;c(5.8125166, 50.7513399);A;3;5;Zomer;7.38;7,48;714;719,1;0,005;5,247;320,067;0,5;0,5;42,6387619;21,23948044;0,05;0,05;54,93188144;0,193678161;138,75;1,608030213;2,844769231;6,377187064;NB;NB;0,05;14,2318965;0,016307893;0,0152207;12,4089368;0,150394596
37;Bois de Bilande;B_11_1044;6/09/2011;Bilande 1;9;rivulet;7220;1;c(4.5772421, 50.7547578);A;3;4;Zomer;7.10;7,06;663;603,3;0,005;4,172;254,492;0,5;0,5;43,20380952;21,6743149;0,05;0,05;38,32335563;0,263382594;92,45178571;1,292784735;13,16327053;15,09000135;NB;NB;0,05;14,42049717;0,016307893;0,0152207;8,657123799;0,20452135
38;Zoet Water 2;B_11_1045;6/09/2011;Zoetwater 2;31;mire;7220;1;c(4.6564796, 50.8214077);B;4;5;Zomer;7.47;7,5;480;471,4;0,005;2,750333333;167,7703333;0,5;0,5;51,53975238;15,24551738;0,05;0,05;27,78123932;0,05;75,29017857;1,736303477;3,714231154;11,60499556;NB;NB;0,05;17,2028546;0,016307893;0,0152207;6,275693349;0,038825905
39;Rodebos;B_11_1046;6/09/2011;Rodebos;12;NA;gh;1;c(4.61783, 50.7699246);B;2;5;Zomer;7.88;7,89;595;579,8;0,005;3,293;200,873;0,5;0,5;45,25190476;38,20024395;0,05;0,05;33,70857952;0,184482759;84,41;4,610912343;13,04794951;13,95277291;NB;NB;0,05;15,10410706;0,016307893;0,0152207;7,614660595;0,1432542
40;Keizersbron;B_11_1047;6/09/2011;Keizersbron;26;NA;gh;1;c(4.4538638, 50.8091474);A;2;3;Zomer;7.13;7,23;711;719,7;0,005;6,562;400,282;0,5;0,5;30,65838095;25,04389308;0,05;0,05;4,058401289;0,217816092;123,3852679;1,446531505;15,53415151;11,86677461;NB;NB;0,05;10,23310446;0,016307893;0,0152207;0,916779906;0,169138136
41;Krindaal;B_11_1048;6/09/2011;Krindaal 1;8;rivulet;7220;1;c(5.8320205, 50.745719);A;3;5;Zomer;7.10;7,3;687;691,3;0,005;5,421;330,681;0,5;0,5;45,91352381;22,66770372;0,05;0,05;23,31832609;0,204269294;136,1308036;2,140429338;2,738307692;6,967840597;NB;NB;0,05;15,32494119;0,016307893;0,0152207;5,267535486;0,158618803
42;Fonteinbeek;B_11_1049;6/09/2011;Fonteinbeek;61;rivulet;7220;0;c(4.8444083, 50.8099866);B;3;3;Zomer;7.99;7,95;818;795,8;0,005;5,847;356,667;0,5;0,5;75,24961905;28,55326286;0,05;0,05;30,38869085;0,273070608;123,4173214;5,13514773;22,78631111;13,5785544;NB;NB;0,05;25,11669528;0,016307893;0,0152207;6,864708334;0,212044267
43;Overijse Fluxys;B_11_1050;6/09/2011;OverijseFluxys2;66;rivulet;7220;0;c(4.512619, 50.7318744);A;4;5;Zomer;6.85;6,95;830;837,7;0,005;3,898;237,778;0,5;0,5;77,08961905;68,86918073;0,05;0,05;63,55261487;0,05;107,76125;2,904492149;14,79248271;44,60124444;NB;NB;0,05;25,73084748;0,016307893;0,0152207;14,35633299;0,038825905
44;Liefdesbron;B_11_1051;6/09/2011;GeenVegOpn;11;NA;gh;1;c(3.4986447, 50.7633765);A;1;5;Zomer;7.06;7,21;731;696;0,005;4,646;283,406;0,5;0,5;90,8187619;24,82735734;0,05;0,05;10,54094438;0,270279146;119,4823214;2,259292387;8,995971216;15,90338686;NB;NB;0,05;30,31333842;0,016307893;0,0152207;2,381165714;0,209876647
45;Kluisbos centraal;B_11_1052;6/09/2011;GeenVegOpn;55;NA;gh;1;c(3.5043517, 50.7642217);A;1;5;Zomer;7.65;7,69;456;451,6;0,005;2,781;169,641;0,5;0,5;52,66438095;23,5167717;0,05;0,05;0,909224083;0,05;67,67794643;1,988442539;5,297866667;13,21946667;NB;NB;0,05;17,57823129;0,016307893;0,0152207;0,20539082;0,038825905
46;Kemmelberg;B_11_1053;6/09/2011;GeenVegOpn;51;NA;gh;1;c(2.8182477, 50.7742871);A;1;5;Zomer;7.06;7,23;597;520,8;0,005;0,994;60,634;0,5;0,5;104,1905714;15,82090171;0,05;0,140700029;71,69715318;0,251067323;57,47214286;14,16385497;7,826180108;23,51671111;NB;NB;0,05;34,77655922;0,016307893;0,042831059;16,19615821;0,194958319
47;Monteberg zuid;B_11_1054;6/09/2011;GeenVegOpn;50;NA;gh;1;c(2.8078273, 50.7707775);A;1;5;Zomer;6.39;6,69;639;612;0,005;1,551;94,611;0,5;0,5;76,16209524;42,8303517;0,05;0,05;94,09707505;0,239901478;81,14232143;3,987278871;10,24037633;24,08284444;NB;NB;0,05;25,42126009;0,016307893;0,0152207;21,25622912;0,186287838
48;Brandersbos;B_11_1055;6/09/2011;GeenVegOpn;47;NA;gh;1;c(2.7679206, 50.7965566);A;1;5;Zomer;7.44;7,49;1038;1012;0,005;5,699;347,639;0,5;0,5;189,9420952;38,95913804;0,05;0,05;34,81009815;0,448078818;166,4833929;3,040151063;22,612608;22,84862222;NB;NB;2,00851;63,39856316;0,016307893;0,0152207;7,863490139;0,347941309
49;Hellegat;B_11_1056;6/09/2011;GeenVegOpn;48;NA;gh;1;c(2.7583155, 50.7863608);A;1;5;Zomer;7.64;7,78;588;539,6;0,005;3,497;213,317;0,5;0,5;38,27238095;26,88585078;0,05;0,05;26,08174227;0,333908046;90,53205357;1,785231564;1,949076923;20,19448567;NB;NB;0,05;12,77449297;0,016307893;0,0152207;5,891782387;0,259285639
50;Baneberg;B_11_1057;6/09/2011;GeenVegOpn;49;NA;gh;1;c(2.7579657, 50.7803359);A;1;5;Zomer;7.87;7,92;831;793,9;0,005;3,009;183,549;0,5;0,5;86,58914286;57,73825981;0,05;0,05;84,5411397;0,05;103,37;8,934663063;15,78379637;30,08231111;NB;NB;0,05;28,90158306;0,016307893;0,0152207;19,0975738;0,038825905
51;Poelbos;B_11_1059;6/09/2011;GeenVegOpn;68;rivulet;7220;0;c(4.3123264, 50.882499);A;2;4;Zomer;8.24;8,07;869;857;0,005;5,592;341,112;0,5;0,5;69,25066667;79,4496849;0,05;0,05;3,046437814;0,234400657;137,729375;3,890180879;18,87743648;17,26469662;NB;NB;0,05;23,11437472;0,016307893;0,0152207;0,688180585;0,182016351
52;Galmaarden 1;B_11_1060;6/09/2011;Galmaarden 3;79;rivulet;7220;1;c(3.9413906, 50.7622864);A;2;5;Zomer;7.85;7,92;972;959,7;0,005;7,264;443,104;0,5;0,5;118,300381;35,39215288;0,05;0,05;15,23922067;0,246059113;172,7325893;5,751700997;19,70862346;12,38069536;NB;NB;0,05;39,48610846;0,016307893;0,0152207;3,44249134;0,191069353
53;Steenputbeek 1;B_11_1061;6/09/2011;Steenputbeek 1;2;rivulet;7220;1;c(4.278431, 50.7137719);C;3;5;Zomer;8.13;8,1;723;721,2;0,005;5,636;343,796;0,5;0,5;79,04304762;23,86176143;0,05;0,05;4,133990918;0,227996716;131,2391071;1,457364341;11,44072099;11,79993703;NB;NB;0,05;26,38285969;0,016307893;0,0152207;0,933855362;0,177043575
54;Karkool;B_11_1062;6/09/2011;Karkool;78;NA;gh;1;c(3.9337441, 50.7673633);C;1;5;Zomer;7.23;7,49;799;794,1;0,005;4,51;275,11;0,5;0,5;134,9560952;42,63346209;0,05;0,05;1,456341789;0,314203612;131,4480357;6,060956287;14,48415267;16,71335402;NB;NB;0,05;45,04542565;0,016307893;0,0152207;0,328982965;0,24398479
55;Boterhoek 1;B_11_1063;6/09/2011;Boterhoek 1;35;rivulet;7220;1;c(3.7758523, 50.8379);A;4;2;Zomer;6.97;7,2;766;793;0,005;6,608;403,088;0,5;0,5;65,76828571;28,70359829;0,05;0,05;0,180614152;0,233004926;133,6148214;6,107745363;17,81886775;10,96945981;NB;NB;0,05;21,95203128;0,016307893;0,0152207;0,040800161;0,180932541
56;Mater-Kerkgate;B_11_1064;6/09/2011;Kerkgate;73;mire;7220;0;c(3.676738, 50.8490249);B;3;2;Zomer;7.25;7,57;1088;1046;0,005;6,906;421,266;0,5;0,5;175,6647619;46,98759911;0,05;0,433439398;0,154445928;0,28045977;193,6009091;4,841923758;14,72830162;18,06791706;NB;NB;0,05;58,6330981;0,016307893;0,131945022;0,034888842;0,217782086
57;Feelbos 1;B_11_1065;6/09/2011;Feelbos 1;16;rivulet;7220;1;c(3.5379533, 50.7719859);A;4;4;Zomer;7.81;7,93;893;867,9;0,005;5,786;352,946;0,5;0,5;80,71342857;42,93128685;0,05;0,05;46,63137849;0,266420361;155,1444643;2,568077917;10,57283249;16,0381415;NB;NB;0,05;26,94039672;0,016307893;0,0152207;10,53387966;0,206880231
58;Terrijst2;B_11_1755;16/11/2011;GeenVegOpn;52;NA;gh;1;c(3.6903594, 50.7850215);A;1;5;Najaar;6.61;6,63;569;561,2;0,005;2,011;122,671;0,5;0,5;98,30331707;34,600822;0,05;0,05;35,33817866;0,05;84,44937028;2,004213135;10,27692572;15,98466012;0.050;0.050;0,05;32,81152105;0,016307893;0,0152207;7,982781843;0,038825905
59;Enamebos;B_11_1756;16/11/2011;Ename 1;40;mire;7220;1;c(3.6494108, 50.8537526);A;3;5;Najaar;7.64;7,62;1030;1017;0,005;6,822333333;416,1623333;0,5;0,5;100,951122;51,71667631;0,05;0,05;61,40315698;0,05;206,2210579;1,804460967;18,94747073;13,16212152;0.050;0.050;0,05;33,69530105;0,016307893;0,0152207;13,87077731;0,038825905
60;Moen;B_11_1757;16/11/2011;Moen;20;mire;7220;1;c(3.3758827, 50.785436);B;3;1;Najaar;8.10;8,02;956;926,5;0,005;4,912;299,632;0,5;0,5;200,0502439;45,0864665;0,05;0,05;0,12949827;0,05;133,4141058;24,51322083;25,77188392;27,3203008;0.050;0.050;0,05;66,77244456;0,016307893;0,0152207;0,029253246;0,038825905
61;Burreken 1;B_11_1758;16/11/2011;GeenVegOpn;54;NA;gh;1;c(3.709748, 50.8021705);A;1;5;Najaar;7.71;7,73;862;842,5;0,005;5,216;318,176;0,5;0,5;78,32468293;59,32680707;0,225787438;0,05;33,65880312;0,05;138,0703275;11,09306385;19,66672861;20,95468217;0.050;0.050;0,495996;26,14308509;0,073642348;0,0152207;7,603416265;0,038825905
62;Feelbos 1;B_11_1759;17/11/2011;Feelbos 1;16;rivulet;7220;1;c(3.5379533, 50.7719859);A;4;4;Najaar;7.92;7,93;878;965;0,005;5,798;353,678;0,5;0,5;90,93385366;39,65707672;0,05;0,05;49,5366869;0,05;176,0768766;2,538042131;10,14793957;16,14798476;0.050;0.050;0,05;30,35175356;0,016307893;0,0152207;11,19017957;0,038825905
63;Boterhoek 1;B_11_1760;17/11/2011;Boterhoek 1;35;rivulet;7220;1;c(3.7758523, 50.8379);A;4;2;Najaar;7.01;7,17;790;785,2;0,005;6,638;404,918;0,5;0,5;74,32731707;26,95429978;0,136268189;0,05;0,108737024;0,05;148,009471;6,460451055;17,42616601;10,97533587;0.050;0.050;0,05;24,80885083;0,044444941;0,0152207;0,024563347;0,038825905
64;Galmaarden 1;B_11_1761;17/11/2011;Galmaarden 3;79;rivulet;7220;1;c(3.9413906, 50.7622864);A;2;5;Najaar;7.86;7,9;987;974,3;0,005;7,478;456,158;0,5;0,5;127,3669268;32,56005572;0,05;0,05;19,91000867;0,05;204,0462469;4,124163569;20,52800846;12,27732103;0.050;0.050;0,05;42,51232538;0,016307893;0,0152207;4,497607453;0,038825905
65;Feelbos 1;B_11_1762;17/11/2011;Feelbos 2;16;rivulet;7220;1;c(3.5379533, 50.7719859);B;5;4;Najaar;8.28;8,14;854;839,3;0,005;5,251;320,311;0,5;0,5;101,7729756;43,55027612;0,05;0,05;40,49297485;0,05;167,3448866;3,772614622;10,19265019;16,6545017;0.050;0.050;0,05;33,96961803;0,016307893;0,0152207;9,147233859;0,038825905
66;Terrijst1;B_11_1763;16/11/2011;GeenVegOpn;53;NA;gh;1;c(3.6911066, 50.7815703);A;1;5;Najaar;6.80;6,98;632;621,3;0,005;2,757;168,177;0,5;0,5;103,8799024;43,87917251;0,05;0,05;12,81314831;0,05;98,40120907;3,671375465;12,48615657;13,50401043;0.050;0.050;0,05;34,67286463;0,016307893;0,0152207;2,894449333;0,038825905
67;Borgloon;B_11_1764;16/11/2011;Borgloon;27;rivulet;7220;1;c(5.351446, 50.8065654);A;5;2;Najaar;7.61;7,82;1091;1079;0,005;7,932;483,852;0,5;0,5;121,6508293;47,15018588;0,05;0,05;39,38955768;0,05;208,711738;3,384510533;24,66688584;23,29035492;0.050;0.050;0,05;40,60441564;0,016307893;0,0152207;8,89797544;0,038825905
68;Neervelp;B_11_1765;16/11/2011;Molensteen;63;NA;gh;0;c(4.807209, 50.8168089);A;3;4;Najaar;7.09;7,35;948;950,1;0,005;7,333;447,313;0,5;0,5;72,46585366;25,97898908;0,05;0,05;73,11476149;0,05;177,6007053;0,9755886;24,29890939;15,07248847;0.050;0.050;0,05;24,1875346;0,016307893;0,0152207;16,51639141;0,038825905
69;Neerlanden;B_11_1766;16/11/2011;Neerlanden;60;NA;gh;0;c(5.0810467, 50.7807142);A;3;4;Najaar;7.00;7,31;821;820,1;0,005;5,157;314,577;0,5;0,5;91,96107317;43,07453873;0,05;0,05;38,61075455;0,05;140,8444332;5,796158612;18,66125413;18,42259876;0.050;0.050;0,05;30,69461721;0,016307893;0,0152207;8,722046298;0,038825905
70;Lombergbos;B_11_1767;16/11/2011;GeenVegOpn;46;NA;gh;1;c(4.1025604, 50.7803258);A;1;5;Najaar;7.58;7,68;746;733,1;0,005;5,552;338,672;0,5;0,5;66,07502439;38,52148665;0,05;0,05;5,717849089;0,05;139,5925441;2,119206939;10,1899058;15,73671546;0.050;0.050;0,121107;22,05441402;0,016307893;0,0152207;1,291643871;0,038825905
71;Mater-Kerkgate;B_11_1768;17/11/2011;Kerkgate;73;mire;7220;0;c(3.676738, 50.8490249);B;3;2;Najaar;7.01;7,27;1056;1051;0,005;6,922;422,242;0,5;0,5;191,5880976;44,90666719;0,05;0,05;0,05;0,05;222,64;5,309665428;13,9091208;17,74964909;0.050;0.050;0,330627;63,94796314;0,016307893;0,0152207;0,011294841;0,038825905
72;Meldertbos;B_11_1770;16/11/2011;Meldertbos 1;19;NA;gh;1;c(4.8326443, 50.7821618);C;2;4;Najaar;7.45;7,78;931;924,1;0,005;6,193;377,773;0,5;0,5;90,58809756;30,04306159;0,05;0,05;85,96444059;0,05;178,5729975;1,860842627;19,27656837;11,35973531;0.050;0.050;0,05;30,23634765;0,016307893;0,0152207;19,41909293;0,038825905
73;Kwinten;B_11_1771;16/11/2011;GeenVegOpn;72;rivulet;7220;1;c(5.8125166, 50.7513399);A;3;5;Najaar;7.61;7,91;717;712,4;0,005;5,306;323,666;0,5;0,5;51,17619512;20,64118296;0,05;0,05;55,28159584;0,05;155,6122922;1,719950434;2,544998311;6,363444957;0.050;0.050;0,05;17,08150705;0,016307893;0,0152207;12,48793617;0,038825905
74;Hornebeek;B_11_1772;16/11/2011;Hornebeek;58;rivulet;7220;0;c(5.2384528, 50.7216672);A;2;3;Najaar;6.95;7,39;966;967,6;0,005;6,31;384,91;0,5;0,5;104,7219512;55,42831079;0,05;0,05;41,96305291;0,05;185,8478589;1,621561338;19,60852475;12,23160217;0.050;0.050;0,05;34,9539223;0,016307893;0,0152207;9,479319803;0,038825905
75;Kwinten;B_11_1773;16/11/2011;Kwinten 1;72;rivulet;7220;1;c(5.8125166, 50.7513399);B;5;3;Najaar;8.17;7,97;691;674,9;0,005;4,922;300,242;0,5;0,5;52,40253659;19,63814973;0,05;0,05;53,27136167;0,05;150,5514358;1,656133829;2,634850166;6,056446762;0.050;0.050;0,05;17,49083331;0,016307893;0,0152207;12,03383068;0,038825905
76;Wijngaardbos 1;B_11_1774;16/11/2011;Wijngaardbos 1;32;rivulet;7220;1;c(5.4758737, 50.8171063);A;1;5;Najaar;6.97;7,44;864;868,6;0,005;6,89;420,29;0,5;0,5;70,48614634;31,2690908;0,05;0,05;34,66074588;0,05;164,031335;1,156629492;17,24881005;16,77030279;0.050;0.050;0,05;23,52675112;0,016307893;0,0152207;7,829751938;0,038825905
77;Steenputbeek 1;B_11_1775;17/11/2011;Steenputbeek 1;2;rivulet;7220;1;c(4.278431, 50.7137719);C;3;5;Najaar;8.08;8,13;694;683;0,005;5,316;324,276;0,5;0,5;78,79892683;22,3587481;0,11007552;0,05;8,641873374;0,05;136,9662469;1,107187113;9,333428625;11,48806898;0.050;0.050;0,05;26,30137745;0,035901996;0,0152207;1,95217163;0,038825905
78;Klein-Gelmen;B_11_1777;17/11/2011;GeenVegOpn;70;NA;gh;1;c(5.2861004, 50.7732902);A;2;5;Najaar;6.92;7,36;1006;1004;0,005;6,524;397,964;0,5;0,5;101,5828293;53,70388535;0,05;0,05;55,52627927;0,05;206,377733;3,886864932;11,16965166;16,6858833;0.050;0.050;0,05;33,90615129;0,016307893;0,0152207;12,54320938;0,038825905
79;Mabroek;B_11_1779;16/11/2011;Mabroek;75;rivulet;7220;0;c(5.9012548, 50.7274686);A;2;5;Najaar;6.77;7,28;713;711,4;0,005;4,878;297,558;0,5;0,5;92,74058537;17,11650352;0,163344999;0,05;32,57880312;0,05;151,404131;1,719702602;3,197606524;5,417585723;0.050;0.050;0,05;30,95480152;0,053276255;0,0152207;7,35944771;0,038825905
80;Aardgat;B_11_1780;17/11/2011;Aardgat;62;NA;gh;0;c(4.9126524, 50.8134516);B;3;1;Najaar;7.69;7,93;1135;1119;0,005;6,824;416,264;0,5;0,5;147,9503415;74,99877387;0,05;0,05;40,02442324;0,05;212,8541058;1,915489467;27,83780236;16,47814317;0.050;0.050;0,05;49,38262399;0,016307893;0,0152207;9,041389546;0,038825905
81;Krindaal;B_11_1781;16/11/2011;Krindaal 1;8;rivulet;7220;1;c(5.8320205, 50.745719);A;3;5;Najaar;7.95;8,04;717;716,1;0,005;5,739;350,079;0,5;0,5;51,45434146;24,95178867;0,05;0,05;30,46501301;0,05;160,0915869;4,080049566;2,885875597;7,380689793;0.050;0.050;0,05;17,17434628;0,016307893;0,0152207;6,881949266;0,038825905
82;Krindaal;B_11_1782;16/11/2011;Krindaal 2;8;rivulet;7220;1;c(5.8320205, 50.745719);B;4;4;Najaar;7.45;7,89;651;651,3;0,005;5,162;314,882;0,5;0,5;44,97970732;19,68437198;0,05;0,05;28,45529922;0,05;141,1977834;1,834324659;2,712348598;6,703128133;0.050;0.050;0,05;15,01325344;0,016307893;0,0152207;6,427961331;0,038825905
83;Fonteinbeek;B_11_1783;16/11/2011;Fonteinbeek;61;rivulet;7220;0;c(4.8444083, 50.8099866);B;3;3;Najaar;7.36;7,85;924;918;0,005;7,669;467,809;0,5;0,5;81,54204878;21,87305253;0,05;0,05;33,63028621;0,05;172,0771788;6,504052117;22,13896314;12,56827752;0.050;0.050;0,05;27,21697222;0,016307893;0,0152207;7,596974386;0,038825905
84;Wijngaardbos 1;B_12_0347;28/02/2012;Wijngaardbos 1;32;rivulet;7220;1;c(5.4758737, 50.8171063);A;1;5;Lente;7.09;7,04;874;870,7;0,005;6,829;416,569;0,5;0,5;62,88417476;32,47022493;0,025;0,05;33,9046;0,05;157,9518384;1,209442717;16,15582111;17,23977247;NB;NB;0,05;20,98937742;0,008153947;0,0152207;7,658940996;0,038825905
85;Wijngaardbos 1;B_12_0348;28/02/2012;Wijngaardbos 1;32;rivulet;7220;1;c(5.4758737, 50.8171063);B;5;4;Lente;7.97;7,9;875;869,1;0,005;6,853;418,033;0,5;0,5;67,70514563;33,61301536;0,025;0,05;29,1038;0,05;158,8728081;1,16817588;16,48010647;17,33813557;NB;NB;0,05;22,59851323;0,008153947;0,0152207;6,574455589;0,038825905
86;Wijngaardbos 2;B_12_0349;28/02/2012;Wijngaardbos 2;83;rivulet;7220;1;c(5.4808115, 50.8167466);C;5;4;Lente;8.21;8,07;727;715;0,005;4,92;300,12;0,5;0,5;67,24728155;33,33370605;0,025;0,05;26,7659;0,05;114,5028687;1,281975042;16,07474977;17,32810055;NB;NB;0,05;22,4456881;0,008153947;0,0152207;6,046331436;0,038825905
87;Wijngaardbos 2;B_12_0350;28/02/2012;Wijngaardbos 2;83;rivulet;7220;1;c(5.4808115, 50.8167466);D;3;4;Lente;8.26;8,09;703;693,9;0,005;4,772;291,092;0,5;0,5;67,5638835;33,26809648;0,025;0,05;25,7752;0,05;108,9285657;1,384241114;15,84861508;17,15114633;NB;NB;0,05;22,55136298;0,008153947;0,0152207;5,822535466;0,038825905
88;Hornebeek;B_12_0351;28/02/2012;Hornebeek;58;rivulet;7220;0;c(5.2384528, 50.7216672);A;2;3;Lente;7.25;7,33;985;978,7;0,005;6,374;388,814;0,5;0,5;94,90980583;56,23401075;0,025;0,05;41,2728;0,05;179,5366465;1,453709961;18,29051488;12,2943938;NB;NB;0,05;31,6788404;0,008153947;0,0152207;9,323393874;0,038825905
89;Hornebeek;B_12_0352;28/02/2012;Hornebeek;58;rivulet;7220;0;c(5.2384528, 50.7216672);B;4;3;Lente;8.02;7,96;979;971,9;0,005;6,323;385,703;0,5;0,5;98,8631068;57,26728746;0,025;0,05;37,9039;0,05;179,7379394;1,394963283;18,14711509;12,37209071;NB;NB;0,05;32,99836675;0,008153947;0,0152207;8,562370109;0,038825905
90;Mabroek;B_12_0353;28/02/2012;Mabroek;75;rivulet;7220;0;c(5.9012548, 50.7274686);A;2;5;Lente;6.68;6,8;597;590,1;0,005;3,479;212,219;0,5;0,5;70,21524272;14,1193;0,089237668;0,05;44,8974;0,05;112,0900202;1,421543452;2,269238852;5,329193472;NB;NB;0,05;23,43632935;0,029105567;0,0152207;10,14217945;0,038825905
91;Mabroek;B_12_0354;28/02/2012;Mabroek;75;rivulet;7220;0;c(5.9012548, 50.7274686);C;5;5;Lente;7.99;7,93;604;593,2;0,005;3,618;220,698;0,5;0,5;70,44417476;14,3931;0,068497758;0,05;41,2851;0,05;114,5552323;1,467946119;2,269575085;5,319357162;NB;NB;0,05;23,51274191;0,022341082;0,0152207;9,326172404;0,038825905
92;Mabroek;B_12_0355;28/02/2012;Mabroek;75;rivulet;7220;0;c(5.9012548, 50.7274686);B;5;5;Lente;7.57;7,61;604;594,3;0,005;3,585;218,685;0,5;0,5;70,92679612;14,4111;0,101008969;0,05;42,9999;0,05;114,1714747;1,570933009;2,343798596;5,381157008;NB;NB;0,05;23,67383048;0,032944869;0,0152207;9,713540255;0,038825905
93;Mabroek;B_12_0356;28/02/2012;Mabroek;75;rivulet;7220;0;c(5.9012548, 50.7274686);D;4;4;Lente;8.17;8,03;600;591;0,005;3,648;222,528;0,5;0,5;70,64339806;14,4696;0,084753363;0,05;41,2608;0,05;114,6349091;1,517412263;2,31429412;5,277031223;NB;NB;0,05;23,57923834;0,027642976;0,0152207;9,320683112;0,038825905
94;Hornebeek;B_12_0357;28/02/2012;GeenVegOpn;58;rivulet;7220;0;c(5.2384528, 50.7216672);C;4;3;Lente;8.03;7,96;957;950,8;0,005;6,072;370,392;0,5;0,5;99,73669903;57,1201839;0,025;0,05;35,7338;0,05;172,7336566;1,514709195;18,20511825;12,49787625;NB;NB;0,05;33,28995295;0,008153947;0,0152207;8,072151441;0,038825905
95;Kwinten;B_12_0358;28/02/2012;GeenVegOpn;72;rivulet;7220;1;c(5.8125166, 50.7513399);A;3;5;Lente;7.09;7,22;725;726,5;0,005;5,318;324,398;0,5;0,5;44,05135922;18,7213;0,025;0,05;55,9543;0,05;148,7709091;1,531558319;1,968057832;6,009389205;NB;NB;0,05;14,70339093;0,008153947;0,0152207;12,63989789;0,038825905
96;Kwinten;B_12_0359;28/02/2012;Kwinten 1;72;rivulet;7220;1;c(5.8125166, 50.7513399);B;5;3;Lente;7.90;7,88;723;716;0,005;5,306;323,666;0,5;0,5;44,8423301;18,9739;0,025;0,05;54,3628;0,05;148,4542222;1,581114565;1,953767915;6,035321295;NB;NB;0,05;14,9673999;0,008153947;0,0152207;12,28038312;0,038825905
97;Kwinten;B_12_0360;28/02/2012;Kwinten 1;72;rivulet;7220;1;c(5.8125166, 50.7513399);C;5;2;Lente;8.10;8,01;714;693,1;0,005;5,048;307,928;0,5;0,5;44,83194175;18,7417;0,025;0,05;53,126;0,05;142,8862222;1,624003244;1,960912874;6,060657244;NB;NB;0,05;14,96393249;0,008153947;0,0152207;12,00099395;0,038825905
98;Kwinten;B_12_0361;28/02/2012;Kwinten 1;72;rivulet;7220;1;c(5.8125166, 50.7513399);D;2;1;Lente;8.10;7,92;698;680,5;0,005;4,913;299,693;0,5;0,5;44,69378641;18,6158;0,025;0,05;52,998;0,05;138,112;1,541829977;1,958895473;6,031446385;NB;NB;0,05;14,91781923;0,008153947;0,0152207;11,97207915;0,038825905
99;Enamebos;B_12_0363;1/03/2012;Ename 2;40;mire;7220;1;c(3.6494108, 50.8537526);B;5;4;Lente;7.84;7,8;1013;1007;0,005;6,693;408,273;0,5;0,5;91,67679612;51,0377897;0,025;0,05;58,0523;0,05;189,60472;1,922889044;14,9055;13,45130193;NB;NB;0,05;30,59973168;0,008153947;0,0152207;13,1138294;0,038825905
100;Enamebos;B_12_0364;1/03/2012;Ename 2;40;mire;7220;1;c(3.6494108, 50.8537526);C;5;4;Lente;7.94;7,88;968;961,6;0,005;6,168;376,248;0,5;0,5;93,39699029;52,12487032;0,025;0,05;57,6939;0,05;176,85944;2,302686671;15,1314;13,74836017;NB;NB;0,05;31,17389529;0,008153947;0,0152207;13,03286799;0,038825905
101;Enamebos;B_12_0365;1/03/2012;Ename 3;40;mire;7220;1;c(3.6494108, 50.8537526);D;4;5;Lente;7.80;7,82;848;843,1;0,005;4,577;279,197;0,5;0,5;92,10223301;51,92691244;0,025;0,05;53,0935;0,05;139,02856;1,909630147;14,8623;13,71357583;NB;NB;0,05;30,74173331;0,008153947;0,0152207;11,9936523;0,038825905
102;Feelbos 1;B_12_0366;1/03/2012;Feelbos 1;16;rivulet;7220;1;c(3.5379533, 50.7719859);A;4;4;Lente;6.95;7,12;833;833,2;0,005;5,122;312,442;0,5;0,5;82,60524272;37,74155279;0,025;0,05;52,7321;0,05;145,9392;3,249825541;8,3383;16,65255416;NB;NB;0,05;27,57184336;0,008153947;0,0152207;11,91201319;0,038825905
103;Feelbos 1;B_12_0367;1/03/2012;Feelbos 2;16;rivulet;7220;1;c(3.5379533, 50.7719859);B;5;4;Lente;7.55;7,64;846;846,5;0,005;5,221;318,481;0,5;0,5;88,5623301;40,96645934;0,057809214;0,05;45,3059;0,05;150,7352;3,202896022;7,9853;16,54899622;NB;NB;0,05;29,56019029;0,01885493;0,0152207;10,2344583;0,038825905
104;Feelbos 1;B_12_0368;1/03/2012;Feelbos 2;16;rivulet;7220;1;c(3.5379533, 50.7719859);C;5;4;Lente;8.16;8,1;840;837,5;0,005;5,24;319,64;0,5;0,5;90,15912621;41,75203641;0,069049895;0,05;43,3099;0,05;149,0108;3,338712491;8,0478;16,80252435;NB;NB;0,05;30,09316629;0,022521166;0,0152207;9,783568266;0,038825905
105;Feelbos 1;B_12_0369;1/03/2012;Feelbos 2;16;rivulet;7220;1;c(3.5379533, 50.7719859);D;4;4;Lente;8.20;8,09;821;815,4;0,005;4,953;302,133;0,5;0,5;90,41436893;41,70140526;0,025;0,05;43,1632;0,05;144,94928;3,29239358;8,0966;16,87010535;NB;NB;0,05;30,17836079;0,008153947;0,0152207;9,750429204;0,038825905
106;Galmaarden 1;B_12_0370;1/03/2012;Galmaarden 3;79;rivulet;7220;1;c(3.9413906, 50.7622864);A;2;5;Lente;7.51;7,61;900;896,5;0,005;6,079;370,819;0,5;0,5;114,8218447;33,31390818;0,025;0,05;24,9491;0,05;169,86464;3,12709351;9,4214;14,90399523;NB;NB;0,05;38,32504828;0,008153947;0,0152207;5,635922111;0,038825905
107;Galmaarden 1;B_12_0371;1/03/2012;Galmaarden 2;79;rivulet;7220;1;c(3.9413906, 50.7622864);B;3;5;Lente;7.92;7,91;878;876,1;0,005;6,315;385,215;0,5;0,5;108,3563107;30,35853805;0,025;0,05;17,8346;0,05;166,80384;3,937718074;10,2173;13,91293977;NB;NB;0,05;36,16699288;0,008153947;0,0152207;4,028779254;0,038825905
108;Galmaarden 1;B_12_0372;1/03/2012;Galmaarden 2;79;rivulet;7220;1;c(3.9413906, 50.7622864);C;3;5;Lente;8.08;8,01;922;919,2;0,005;6,815;415,715;0,5;0,5;108,9483495;31,34495202;0,025;0,05;23,3058;0,05;173,9224;3,172540126;14,6668;12,17123832;NB;NB;0,05;36,36460264;0,008153947;0,0152207;5,264705882;0,038825905
109;Galmaarden 1;B_12_0373;1/03/2012;Galmaarden 1;79;rivulet;7220;1;c(3.9413906, 50.7622864);D;3;5;Lente;8.17;8,03;922;919,9;0,005;6,955;424,255;0,5;0,5;110,5693204;32,39778216;0,025;0,05;16,5801;0,05;176,14608;3,04230635;16,8711;12,25501888;NB;NB;0,05;36,90564766;0,008153947;0,0152207;3,745391705;0,038825905
110;Poelbos;B_12_0374;1/03/2012;GeenVegOpn;68;rivulet;7220;0;c(4.3123264, 50.882499);C;5;4;Lente;8.13;7,88;927;912,3;0,005;5,34;325,74;0,5;0,5;88,56786408;87,43314951;0,025;0,05;2,9747;0,05;146,90688;2,972871598;17,7089;20,36344663;NB;NB;0,05;29,56203741;0,008153947;0,0152207;0,671975242;0,038825905
111;Poelbos;B_12_0375;1/03/2012;GeenVegOpn;68;rivulet;7220;0;c(4.3123264, 50.882499);B;5;4;Lente;8.12;7,81;954;929,7;0,005;5,587;340,807;0,5;0,5;88,53601942;87,38698581;0,025;0,05;2,9407;0,05;154,58064;3,000697837;17,6847;20,37954681;NB;NB;0,05;29,55140835;0,008153947;0,0152207;0,66429475;0,038825905
112;Poelbos;B_12_0376;1/03/2012;GeenVegOpn;68;rivulet;7220;0;c(4.3123264, 50.882499);A;2;4;Lente;8.24;7,85;955;932,9;0,005;5,716;348,676;0,5;0,5;92,8007767;82,46186531;0,025;0,05;1,709983926;0,05;159,02184;3,240404745;16,5828;19,87954681;NB;NB;0,05;30,97489209;0,008153947;0,0152207;0,386279915;0,038825905
113;Galmaarden 1;B_11_0396;19/04/2011;Galmaarden 2;79;rivulet;7220;1;c(3.9413906, 50.7622864);B;3;5;Lente;NB;8,15;919;908,3;0,005;6,736;410,896;0,5;0,5;108,780845;32,89518856;0,1;0,1;28,08700268;0,05;168,5878574;3,210975505;18,75433909;11,97504508;NB;NB;0,05;36,30869325;0,032615786;0,0304414;6,344764318;0,038825905
114;Enamebos;B_11_1058;6/09/2011;Ename 1;40;mire;7220;1;c(3.6494108, 50.8537526);A;3;5;Zomer;8.06;7,85;926;890,1;0,005;5,293;322,873;0,5;0,5;89,84904762;55,03323846;0,05;0,05;53,64558816;0,263382594;148,5291964;2,21695488;18,69169325;13,63963478;NB;NB;0,05;29,98966876;0,016307893;0,0152207;12,11836725;0,20452135
115;Enamebos;B_11_1754;17/11/2011;Ename 1;40;mire;7220;1;c(3.6494108, 50.8537526);A;3;5;Najaar;8.07;7,96;998;975,4;0,005;6,48;395,28;0,5;0,5;104,2284878;54,05730429;0,175944004;0,05;51,36405898;0,05;195,4707305;2,634696406;19,53705636;13,95789052;0.050;0.050;0,05;34,78921489;0,05738552;0,0152207;11,60297709;0,038825905
116;Enamebos;B_12_0362;1/03/2012;Ename 1;40;mire;7220;1;c(3.6494108, 50.8537526);A;3;5;Lente;6.99;7,21;1027;1020;0,005;6,651;405,711;0,5;0,5;91,74213592;51,51302759;0,025;0,05;60,3941;0,05;187,46776;1,886514306;14,8943;13,52991453;NB;NB;0,05;30,6215407;0,008153947;0,0152207;13,64283455;0,038825905
