type,drop_phab10,approach_cellbased,type_areaprop_phab10,type_level3prop_nolevel0avail,prop0.3,area_as_cells,area_pol_as_cells,success_rate,nr_polygons,mean_area_per_polygon,area,area_pol,area_pol_phab_greaterthan_10,area_phab_greaterthan_10,nr_polygons_phab_greaterthan_10,mean_area_per_polygon_phab_greaterthan_10,area_as_cells_phab_greaterthan_10,area_pol_as_cells_phab_greaterthan_10,success_rate_phab_greaterthan_10,polygonarea_reldiff
1140,FALSE,FALSE,7.581128248715181e-4,0.006299212598425197,0.014532460818925497,20470.7260392441,20845.5557372734,0.98,62,338097.152648161,2096.2023464186,2134.5849074968,2111.58180956918,2094.61318853625,45,465469.5974525007,20455.2069192993,20620.916109074,0.9919640238630438,0.010893775378900432
1310_pol,TRUE,FALSE,0.01896528322812959,0.2549019607843137,0.3285276045107198,169.836711747736,267.468538814563,0.63,137,1269.43644401228,17.3912792829682,27.3887783746113,21.6850797716455,17.0614487456672,130,1312.4191342820916,166.615710406906,211.768357144976,0.7867828444872046,0.2630241005810692
1310_zk,FALSE,FALSE,0.09131058776335718,0.12244897959183673,0.22557466170300774,420.695522672971,1115.89700829849,0.38,110,3916.29286561021,43.0792215217123,114.267853649765,61.1124361639191,39.1456324841769,86,3916.2928656102067,420.695522672971,1115.89700829849,0.3770021064170112,0
1310_zv,FALSE,FALSE,0.10806331392449724,0.21428571428571427,0.17779122510139433,103.667995999798,208.387928718435,0.5,11,9650.54799125391,10.6156027903793,21.3389239007678,9.86735173242249,9.46844557354477,10,9650.547991253907,103.667995999798,208.387928718435,0.497476013305308,0
1320,FALSE,TRUE,0.3715114512693852,0.6,1,15.1096439698693,119.685998875308,0.13,36,429.785428476281,1.54722754251461,12.2558462848315,2.5866592803458,0.972414792751045,26,429.7854284762813,15.1096439698693,119.685998875308,0.12624403950215532,0
1330_da,FALSE,FALSE,0.0053046625566117046,0.07746478873239436,0.1575610756116242,1076.46417446459,1318.01679311525,0.82,543,2030.01715405477,110.229931465174,134.964919615001,128.424659401062,109.645198875113,528,2076.613615058958,1070.75389526478,1254.1470644635,0.8537706028302384,0.05092682545891926
1330_hpr,TRUE,FALSE,0.025341790789826513,0.13768115942028986,0.27000233652658634,1332.05512047314,2085.81338751722,0.64,635,2148.06998955039,136.40244433645,213.587290881763,162.196747157232,132.945762128854,612,2172.3163746544838,1298.29845828959,1583.95260895734,0.8196573880731307,0.31684077902446445
2110,FALSE,FALSE,0.0010334159685852539,0,0.36928952666887954,262.111549256541,280.572333200257,0.93,284,945.078262108092,26.8402226438698,28.7306069197063,28.4532357729007,26.8124855291893,283,947.4376512081009,261.840678995989,277.863630594733,0.9423351967134044,0.00974831646633867
2120,TRUE,FALSE,0.03539614250278811,0.18783542039355994,0.1762547856327797,4703.35353651111,9397.23377442054,0.5,482,9992.18676636386,481.623402138738,962.276738500663,720.126782542868,464.575791563957,393,11821.266960914949,4536.87296449177,7032.4881107702,0.6451305559327699,0.3362601722751229
2130_had,TRUE,FALSE,0.029931008886406513,0.10227272727272728,0.12051729318531193,1261.20756013175,1880.58724229485,0.67,43,30034.3381761607,129.147654157491,192.572133610993,153.547078502589,125.282134573245,40,31320.53364331113,1223.45834544184,1499.48318850184,0.8159200148580652,0.25415693668014927
2130_hd,TRUE,FALSE,0.03815734419579361,0.13573407202216067,0.2222186441959963,6636.32724618895,15540.4318093513,0.43,1078,6303.89526910713,679.559910009749,1591.34021727757,1116.73155285189,653.629708621844,970,6738.450604348912,6383.1026232602,10905.5815708192,0.5853060271760179,0.42499798918875203
2150,FALSE,TRUE,1,1,1,0.957312722037201,47.86563610186,0.02,1,980.288227366094,0.0980288227366094,4.90144113683047,0,0,0,980.2882273660936,0.957312722037201,47.86563610186,0.02,0
2160,TRUE,FALSE,0.03378553907279736,0.17420435510887772,0.15564766760054502,6496.0983342073,12976.7631312556,0.5,1057,6293.28731715069,665.200469422828,1328.82054464058,1008.1341550314,642.7263129719,915,7024.331289310381,6276.62415011621,9845.06010772852,0.6375404600312152,0.3180989236488922
2170,FALSE,FALSE,0.18838139461571315,0.3850267379679144,0.49050474924628,760.676646774736,4091.5463263803,0.19,236,3300.56307753106,77.8932886297329,418.974343821343,174.028915532454,63.2196422864596,172,3300.563077531056,760.676646774736,4091.5463263803,0.18591422071168104,0
2180,TRUE,FALSE,0.03222297936430528,0.15966386554621848,0.10417431458328012,2433.94542564069,4418.47545619923,0.55,200,12461.8005792804,249.236011585607,452.451886714802,273.324120080015,241.204884727442,185,13038.101877159044,2355.51645241643,2669.18086015639,0.882486641342998,0.6553675781791529
2190_mp,TRUE,FALSE,0.021428018643126358,0.21875,0.4088105374847027,72.6811545056336,148.884089234705,0.49,45,1653.90004919486,7.44255022137688,15.2457307376338,13.3249078401187,7.28307111648081,42,1734.064551543051,71.123741371883,130.126053126159,0.5465757214885112,0.1441528092023166
2190_overig,TRUE,FALSE,0.036329309817338826,0.2980769230769231,0.25914091672305345,396.195855327314,922.206743246866,0.43,153,2651.66376375928,40.570455585517,94.4339705084791,63.3671958465599,39.0965589351201,132,2961.860525387889,381.802333350783,618.820271939062,0.6169842047262156,0.49026588989586334
2310,TRUE,FALSE,0.013015175568265657,0.11604499703966845,0.08388203016439888,24543.9350685256,35116.4124513375,0.7,1891,13290.8458541355,2513.29895101702,3595.92063501696,3170.09263099216,2480.58792391399,1793,13834.84620141659,24224.4914444726,30957.9358495328,0.782496984366553,0.13432667546106705
2330_bu,TRUE,FALSE,0.03771876095139726,0.22800718132854578,0.18856088762870232,8157.99090982064,16742.1731084788,0.49,797,10481.5341175111,835.378269165634,1714.39852630823,1324.91546769715,803.868835926983,677,11873.985759630476,7850.28160084945,12938.6276142299,0.6067321693543204,0.2939682327718996
2330_dw,FALSE,FALSE,0.10053289103190982,0.504950495049505,0.3712343403776237,688.498300277338,2411.40038779336,0.29,220,3204.64663401815,70.5022259483994,246.92739971004,125.127664642094,63.4144333496219,170,3204.6466340181532,688.498300277338,2411.40038779336,0.28551803498189415,0
3270,FALSE,FALSE,0.04791923178775683,0.31092436974789917,0.329536764346963,297.050071036484,1310.72955697919,0.23,219,1388.94645087379,30.4179272741359,134.218706634669,41.3872978949515,28.9603235665835,211,1388.946450873786,297.050071036484,1310.72955697919,0.2266295663012954,0
4010,FALSE,FALSE,0.008718592988177684,0.1340621403912543,0.10925997031258984,18346.4684031653,26729.3804636329,0.69,2612,7192.48990996987,1878.67836448413,2737.08855947601,2527.24132922413,1862.2989324685,2495,7464.1239778296485,18186.5130123877,24680.0911057044,0.7368900274514858,0.08303410830824803
4030,FALSE,FALSE,0.00886969439923858,0.17394866193336975,0.07981153102277008,43780.4189745147,58074.9000418084,0.75,3420,13108.5231081588,4483.11490299031,5946.86976428118,5421.47566091437,4443.35104384411,3163,14047.900865773358,43392.1000375402,52944.0982511169,0.8195833241266846,0.09690979656232648
rbbsg,FALSE,TRUE,0.16404012022396572,0.651307596513076,0.586840476354229,930.10599127773,4029.29189884016,0.23,579,1644.95429200068,95.2428535068395,412.599490441232,216.347028513469,79.619204367104,376,1644.9542920006825,930.10599127773,4029.29189884016,0.23083609096314495,0
rbbsm,FALSE,FALSE,0.053786645314966054,0.3375,0.3986142281446833,1412.63681468253,3798.0903314786,0.37,465,3110.83892093528,144.654009823491,388.924449943408,297.597382917363,136.873555903727,395,3110.8389209352813,1412.63681468253,3798.0903314786,0.37193344322924154,0
5130,TRUE,FALSE,0.014174799522795779,0,0.07924493921800226,249.803004908627,296.402469985475,0.84,17,15046.9574721432,25.5798277026434,30.3516129265126,26.7257236313863,25.2172387731308,15,16811.492515420527,246.262097393855,260.993394837757,0.9435568189261674,0.13567038801778566
6120,TRUE,FALSE,0.04027435872111208,0.47191011235955055,0.4381325688878488,166.78623587549,391.800573069018,0.43,26,6568.8117514039,17.0789105536501,40.1203786822675,31.7487080658076,16.3910683834466,20,8195.534191723318,160.069027182096,310.045977205152,0.5162751299823546,0.2636853946657424
6210_hk,FALSE,FALSE,0.006774839164503637,0.35714285714285715,0.27006120328239636,32.8183667833154,45.9321396176344,0.71,12,2800.50063217625,3.3606007586115,4.70345109684577,4.47577580048875,3.33783322897579,11,3034.3938445234485,32.5960276267167,43.7087480516479,0.7457552338996307,0.050868342496546724
6210_sk,FALSE,TRUE,0.10957497946336803,0.7692307692307693,0.6556323924620361,10.1526318836353,39.0030884562541,0.26,13,799.715003757118,1.03962950488425,3.99391625792043,2.64793761960709,0.92571212323705,7,799.7150037571184,10.1526318836353,39.0030884562541,0.26030328072666553,0
6230_ha,FALSE,FALSE,0.0672152325865918,0.4579976985040276,0.4007857304977151,2110.96841795342,6050.34451983026,0.35,649,3330.7113404997,216.16316599843,619.555278830618,396.497744743986,201.633708519192,514,3330.7113404996976,2110.96841795342,6050.34451983026,0.34890053137216154,0
6230_hmo,FALSE,FALSE,0.045886270928502886,0.40973630831643004,0.344227967599697,1273.12762233183,3155.23975463026,0.4,389,3351.36937086837,130.36826852678,323.096550874139,219.482566458095,124.38615483668,314,3351.369370868369,1273.12762233183,3155.23975463026,0.4034963176612924,0
6230_hn,FALSE,FALSE,0.05150771342223061,0.4815825375170532,0.391402224683392,2048.17066915684,6706.59015966506,0.31,524,4002.53199468817,209.73267652166,686.754832349702,406.246158731915,198.929825924105,398,4002.531994688169,2048.17066915684,6706.59015966506,0.3053967247730441,0
6230_hnk,FALSE,FALSE,0.07223085753893128,0.47619047619047616,0.5090564697525749,42.0421255685518,135.511432683003,0.31,27,1594.48654008137,4.3051136582197,13.8763707067395,8.896440248836,3.99415160688393,20,1594.4865400813712,42.0421255685518,135.511432683003,0.31024781257312456,0
6410_mo,FALSE,FALSE,0.04946960174005169,0.5076923076923077,0.40971114126787656,331.838948023681,1055.04745268763,0.31,161,2110.57815388975,33.9803082776249,108.036859155213,72.0420668410272,32.2993159601266,119,2110.5781538897472,331.838948023681,1055.04745268763,0.3145251402468725,0
6410_ve,FALSE,FALSE,0.07716604604031889,0.5096153846153846,0.33027838521831004,201.498053271576,543.577867994858,0.37,77,2679.66242272849,20.6334006550094,55.6623736826734,32.7657300713262,19.0412027100966,52,2679.6624227284888,201.498053271576,543.577867994858,0.3706884793063025,0
6430_bz,FALSE,TRUE,0.2583775082908773,0.6041666666666666,0.6422265288544359,42.2602382285499,232.396867161053,0.18,36,1202.06899850097,4.32744839460351,23.7974391972918,7.46152865962502,3.2093330611485,18,1202.0689985009742,42.2602382285499,232.396867161053,0.18184512874376751,0
6430_hf,TRUE,FALSE,0.01261865663890265,0.19800332778702162,0.23101814655373956,13905.8967613363,24088.7832567091,0.58,2864,4971.94074148337,1423.96382836084,2466.69140548701,2242.03251828805,1405.99531774454,2788,5043.024812570072,13730.423024849,21894.8488114067,0.6271074599837262,0.10020322424694506
6430_hw,TRUE,FALSE,0.020079776410240363,0.12206572769953052,0.27998285532704204,665.833500922621,908.347434722599,0.73,348,1959.23420961139,68.1813504944764,93.0147773155941,73.2218508812728,66.8122842211991,343,1947.880006448952,652.463713097647,715.057137512429,0.91246374432044,0.2703144784801339
6430_mr,FALSE,FALSE,0.050372662681702755,0.34513274336283184,0.4195377058248477,302.867847545329,634.028113489159,0.48,39,7952.22245862608,31.0136675886417,64.9244788212899,42.5944114072288,29.4514265726766,33,7952.222458626078,302.867847545329,634.028113489159,0.47768835655977193,0
6510_hu,TRUE,FALSE,0.013044692695597836,0.2663115845539281,0.2767052274142987,15656.8151468767,27025.4628072742,0.58,2615,6131.00524298345,1603.25787104017,2767.40739146488,2487.34681424146,1582.34386480065,2421,6535.910222224923,15452.5768046939,24290.4962328268,0.6361573125793495,0.11259410051703128
6510_hua,FALSE,FALSE,2.862835055800758e-5,0.028985507246376812,0.038245990081519986,1031.96952891627,1049.5961155332,0.98,29,36439.1999175953,105.673679761026,107.4786422306,107.327379073152,105.670654497877,28,37739.51946352766,1031.93998533083,1048.11893626125,0.9845638215562381,0.0014093622592287428
6510_huk,FALSE,FALSE,0.0643533429135181,0.36213991769547327,0.4093495274145979,638.631340301385,1721.99910337834,0.37,242,2702.30782011826,65.3958492468618,176.332708185942,127.354374502492,61.1874077351578,201,2702.3078201182557,638.631340301385,1721.99910337834,0.3708662443833292,0
6510_hus,FALSE,FALSE,0.004032109469181231,0.3469387755102041,0.2620062429516259,191.37785968044,309.389723649689,0.62,31,6321.64284879906,19.5970928312771,31.6815077017281,30.1011552302598,19.5180752077037,30,6506.0250692345535,190.606203200231,293.956594045506,0.6484161507556597,0.052501389377894586
rbbha,FALSE,FALSE,0.003404169712144291,0.26869455006337134,0.26083141523298337,2812.92972964456,4787.76025851433,0.59,609,4729.78660616753,288.044004315602,490.266650471868,477.970034656427,287.063453640347,592,4849.044825005854,2803.35403945651,4667.67611969167,0.6005888085571987,0.02572675047355149
rbbhc,FALSE,FALSE,0.012351595320485504,0.25031378877532723,0.400688682844945,21996.4108435759,47591.4751413644,0.46,4719,4773.11394444199,2252.43247038218,4873.36705447572,4545.9345083629,2224.61133602129,4504,4939.190355287066,21724.720078333,44393.8916832315,0.4893628212040452,0.0720275546228075
rbbhf,TRUE,FALSE,0.01606492167232156,0.22204786190663006,0.2510406630825691,18892.270585294,35126.1406172204,0.54,4469,4328.86217931104,1934.5685079341,3596.91679920337,3225.26456278638,1903.4898163844,4278,4449.485311791495,18588.7677381289,31496.7242459608,0.5901809849483887,0.11523155052307016
rbbhfl,TRUE,FALSE,0.019437807232343042,0.32563025210084034,0.2932441324119319,1486.62425391499,2921.28182503212,0.51,593,2567.12181451763,152.230323600895,299.139258883289,261.40671390121,149.271299915824,540,2764.2833317745162,1457.72753824047,2552.7999404415,0.5710308571961012,0.14434420761028613
rbbkam,FALSE,FALSE,0.003637057239784988,0.0825,0.11320677371767363,12108.1361767327,16260.1059235688,0.74,895,13853.331223435,1239.87314449743,1665.03484657344,1606.59584832071,1235.36365490082,864,14298.19045024096,12064.0981923908,15689.412581257,0.7689324332513849,0.03637442379414468
rbbvos,TRUE,FALSE,0.0322739877789477,0.13,0.18194602811473093,635.141795511284,1062.6654460944,0.6,82,7931.52681223848,65.0385198603555,108.816941680067,87.8264177287273,62.9394674652215,72,8741.59270350299,614.643236965054,857.679860632102,0.7166348018386108,0.23900011516095085
rbbzil,FALSE,FALSE,0.060696411575708244,0.25985844287158744,0.3172835699261038,4507.04006114704,11913.000439079,0.38,641,7200.01407584176,461.520902261457,1219.89124496169,920.0570352302,433.508239627003,516,7200.014075841765,4507.04006114704,11913.000439079,0.37832954713594374,0
7140_base,FALSE,FALSE,0.225401475518137,0.25,0.3893240275639246,7.84386428774853,25.7567616980361,0.3,7,1147.4452900935,0.80321170306545,2.63749239787889,0.622166600041062,0.622166600041062,4,1147.4452900934996,7.84386428774853,25.7567616980361,0.3045361206392113,0
7140_meso,FALSE,FALSE,0.09092647756873903,0.36666666666666664,0.3097290240097079,1825.00248585831,5388.35296867736,0.34,499,3745.09528160101,186.880254551891,551.767343992561,286.658049355111,169.887891278338,402,3745.0952816010126,1825.00248585831,5388.35296867736,0.33869393791889574,0
7140_mrd,TRUE,FALSE,0.036209637579551014,0.35294117647058826,0.27857790311209585,49.0782529220987,93.320790553937,0.53,11,4568.73918111173,5.02561309922291,9.55604895272315,7.18392921372815,4.843637470285,8,6054.546837856254,47.301147170752,70.155558727814,0.6742323492036975,0.3301980947225908
7140_oli,FALSE,FALSE,0.016012610378979723,0.20833333333333334,0.47167656506903305,1089.12547629161,2429.14198747273,0.45,137,8140.61669870517,111.526448772261,248.744139517208,230.634461985338,109.740619201119,122,8995.132721403224,1071.68573438593,2252.28966782557,0.4758205614913514,0.07852112549000106
7150,FALSE,TRUE,0.1488559728121623,0.6079734219269103,0.5914829672762401,366.014979827132,1920.40334221055,0.19,255,1469.8013307568,37.4799339342983,196.64930224236,84.730473205729,31.9008219075728,156,1469.8013307567962,366.014979827132,1920.40334221055,0.19059276339616085,0
7210,TRUE,FALSE,0.042911740137735896,0.2222222222222222,0.3600660064476804,26.825765413349,65.2073104655953,0.41,17,1615.85786960408,2.74695837832694,6.67722859167696,4.43906867335973,2.629081614227,15,1752.7210761513302,25.6746251389355,43.3502800132786,0.5922597300656678,0.50419583092939
7230,FALSE,FALSE,0.0549450026475474,0.4375,0.23187388904481243,104.770913932249,261.467000855212,0.4,34,3155.45340784184,10.7285415866623,26.7742208875737,14.8508742573472,10.1390618407788,24,3155.4534078418437,104.770913932249,261.467000855212,0.4007041561251003,0
rbbmc,TRUE,FALSE,0.03905804736811007,0.3588269120184014,0.457743716147079,4587.09264876095,11962.7229137556,0.38,1411,3328.97439569894,469.718287233121,1224.98282636857,1016.16770236469,451.372008120702,1291,3496.2975067444004,4407.92976680373,9923.51271840518,0.44419046882746727,0.20549277793218118
rbbmr,TRUE,FALSE,0.02566724096450018,0.2422302045915977,0.29507056978771246,25516.5256494084,53488.9697699574,0.48,5549,4708.76234726873,2612.89222649942,5477.27050444364,4667.89323263859,2545.82649210759,5212,4884.548142953931,24861.5868369882,45584.8948499863,0.5453909001831483,0.1733924131224254
rbbms,TRUE,FALSE,0.04138370341174566,0.4205729166666667,0.42927443141652244,1620.19912994202,5103.56818627491,0.32,672,2468.87486467356,165.908390906063,522.605382274551,379.731251310715,159.042487263287,539,2950.695496535934,1553.14928968054,3708.3130010812,0.4188290711241733,0.3762506521933027
9110,FALSE,FALSE,0.004385413773290225,0.03314917127071823,0.05612428305947274,3454.5915832873,4082.93867485441,0.85,236,14989.4143274839,353.75017812862,418.092920305091,402.5795112704,352.19883722515,230,15312.992922832631,3439.44176977686,3931.44053975,0.8748553450068393,0.03853501879848866
9120,FALSE,FALSE,0.0028655832014626535,0.058225841320170064,0.06967371718876998,171252.126181974,211400.81365695,0.81,10210,17175.5315583097,17536.2177210342,21647.4433184717,21079.2346909378,17485.9662301156,10092,17326.561860994432,170761.388965972,205851.90127869,0.8295351556398285,0.02695584711043416
9130_end,FALSE,FALSE,0.005333370710190834,0.06348694811472769,0.09173544919659846,32299.127143493,41297.3685638999,0.78,2572,12859.3725485757,3307.43061949368,4228.85054094335,4032.26947445246,3289.79086590169,2531,12997.988407355535,32126.8639248212,39377.6315864498,0.815865826117289,0.048751966538044894
9130_fm,FALSE,FALSE,0.0038367002271892615,0.18840579710144928,0.14813935483870969,480.647334032558,828.153808306197,0.58,52,9465.05519325653,49.218287004934,84.8029499705546,79.3805103839225,49.0294511920003,49,10006.010447346995,478.803234296878,775.200296717993,0.6176509946190845,0.06830945732657245
9150,FALSE,FALSE,0.19374463917669524,0.38095238095238093,0.46235421197630244,36.6216543951872,196.726049625679,0.19,12,3125.04784172264,3.75005741006717,20.1447474816695,5.61367708556242,3.02350389026181,11,3125.0478417226386,36.6216543951872,196.726049625679,0.1861555928402421,0
9160,FALSE,FALSE,0.004765389876379719,0.13165137614678898,0.12593552366006297,33858.2017412381,49539.7832293784,0.68,3760,9220.9570699542,3467.07985830278,5072.87380268835,4856.38748939773,3450.55787104542,3661,9425.178560626664,33696.8542094279,47425.6590761497,0.7105194712280559,0.04457764413635543
9190,TRUE,FALSE,0.016935701731444777,0.11829220524872698,0.15264541240365861,38371.2692454555,65048.105927363,0.59,2844,13815.8156495592,3929.21797073464,6660.92604696197,5880.25277517659,3862.67390714445,2697,14322.113115107337,37721.4248744575,57424.3435075839,0.656889092157853,0.13276185593261894
91E0_sf,FALSE,FALSE,3.913225774698337e-4,0.13793103448275862,0.17833433229863,3222.42806441023,4614.52676501168,0.7,260,12691.4089921387,329.976633795607,472.527540737196,471.236267668778,329.847506488766,247,13354.15006027391,3221.16705555435,4601.91667645291,0.6999620553836661,0.002740181851462991
91E0_va,FALSE,FALSE,0.004977313558708541,0.10719554171447304,0.1341784705919876,39300.7422529818,55204.9737821801,0.71,4991,8063.30596414613,4024.39600670533,5652.98931529524,5354.83312261809,4004.36532589555,4846,8263.238394336659,39105.1301356987,52293.2922130673,0.7478039435032336,0.05567982901610437
91E0_vc,FALSE,FALSE,0.06525105868402992,0.36523574947220266,0.38944967491538135,3783.73967960605,10650.3306271433,0.36,926,4184.17865217774,387.454943191659,1090.59385621947,728.798379001469,362.173097956043,706,4184.178652177744,3783.73967960605,10650.3306271433,0.35526969181246454,0
91E0_vm,FALSE,FALSE,0.007673008728009815,0.12437019358260408,0.13930691811373494,28971.059869718,44850.637832441,0.65,3240,9156.28558845408,2966.63653065912,4592.70531404196,4277.92720339505,2943.87350266654,3087,9536.357313464667,28748.764674478,41776.6328456548,0.688154183720149,0.07358192313256119
91E0_vn,FALSE,FALSE,0.0045737177556434356,0.07260726072607261,0.1456626239119468,29273.3094277621,39942.1406361169,0.73,3191,9393.87930242193,2997.58688540284,4090.07520113837,3926.21165765097,2983.87676904099,3162,9436.675423912038,29139.4215726659,38341.9107192477,0.7599887701485313,0.0417357895538005
91E0_vo,TRUE,FALSE,0.016496429738298263,0.20618556701030927,0.20794349398310746,5729.85542464073,10385.0721360097,0.55,848,6919.07070145296,586.737195483211,1063.43138672739,949.492156086068,577.058126563076,786,7341.70644482285,5635.33326721754,9272.38433677801,0.6077544957735994,0.12000018105573343
91F0,FALSE,FALSE,0,0,0.11119604096232055,10.2449550334893,10.2449550334893,1,1,10490.833954293,1.0490833954293,1.0490833954293,1.0490833954293,1.0490833954293,1,10490.833954293048,10.2449550334893,10.2449550334893,1,0
rbbppm,FALSE,FALSE,0,0,0.20482304105647395,558.458343031316,785.895508027894,0.71,28,20423.6194022881,57.1861343264068,80.4757000220563,80.4757000220563,57.1861343264068,28,20423.61940228813,558.458343031316,785.895508027894,0.7106012661055884,0
rbbsf,TRUE,FALSE,0.024442465227631716,0.2347350914706581,0.28567621623973405,15494.9474768972,32715.7871837082,0.47,3401,4665.34143379673,1586.68262163427,3350.09660761172,2892.53875991137,1547.90018682769,3206,4828.135330092593,15116.2127619891,28247.4488272595,0.5351355038973146,0.15818555451764219
rbbso,FALSE,FALSE,0.010762453958592662,0.2815533980582524,0.27266582060977157,2273.78154174718,4766.82184236918,0.48,501,4647.40977794234,232.835229874911,488.122556658604,460.677206592322,230.329351433444,475,4849.038977546194,2249.31007259223,4498.80084562814,0.4999799168211832,0.059576097261894896
rbbsp,FALSE,TRUE,0.05338450696656306,0.4953638662545659,0.6320471940807713,4612.10439237774,14411.6902981587,0.32,3298,1432.01785864002,472.27948977948,1475.75708653145,957.753402614756,447.067082067183,2761,1432.0178586400248,4612.10439237774,14411.6902981587,0.32002522236874503,0
