loc_code	codeplas	index_0m	index_50m	index_100m	index_150m	index_200m
AN_BPE_001_gracht	-	NA	NA	NA	NA	NA
AN_GRD_002	-	NA	NA	NA	NA	NA
AN_KSV_003	-	NA	NA	NA	NA	NA
AN_SNE_005	-	NA	NA	NA	NA	NA
ANTANT0315	-	NA	NA	NA	NA	NA
ANTANT0319	-	NA	NA	NA	NA	NA
ANTBRM0350	-	NA	NA	NA	NA	NA
ANTKAL0057	-	NA	NA	NA	NA	NA
ANTKAL0093	-	NA	NA	NA	NA	NA
ANTKAL0126	-	NA	NA	NA	NA	NA
ANTKAL0232	-	NA	NA	NA	NA	NA
ANTKAL0233	-	NA	NA	NA	NA	NA
ANTKAL0235	-	NA	NA	NA	NA	NA
ANTKAL0247	-	NA	NA	NA	NA	NA
ANTKAL0248	-	NA	NA	NA	NA	NA
ANTKAL0249	-	NA	NA	NA	NA	NA
ANTKAL0250	-	NA	NA	NA	NA	NA
ANTKAL0253	-	NA	NA	NA	NA	NA
ANTKAL0255	-	NA	NA	NA	NA	NA
ANTKAL0257	-	NA	NA	NA	NA	NA
ANTKAL0258	-	NA	NA	NA	NA	NA
ANTKAL0259	-	NA	NA	NA	NA	NA
ANTKAL0260	-	NA	NA	NA	NA	NA
ANTKAL0267	-	NA	NA	NA	NA	NA
ANTMRK0177	-	NA	NA	NA	NA	NA
ANTRAV0188	-	NA	NA	NA	NA	NA
ANTRAV0230	-	NA	NA	NA	NA	NA
ANTRAV0293	-	NA	NA	NA	NA	NA
ANTTUR0018	-	NA	NA	NA	NA	NA
ANTTUR0046	-	NA	NA	NA	NA	NA
ANTTUR0065	-	NA	NA	NA	NA	NA
ANTTUR0079	-	NA	NA	NA	NA	NA
ANTTUR0094	-	NA	NA	NA	NA	NA
ANTTUR0277	-	NA	NA	NA	NA	NA
ANTTUR0287	-	NA	NA	NA	NA	NA
ANTTUR0296	-	NA	NA	NA	NA	NA
ANTTUR0301	-	NA	NA	NA	NA	NA
ANTTUR0304	-	NA	NA	NA	NA	NA
ANTTUR0305	-	NA	NA	NA	NA	NA
LI_EKS_002	-	NA	NA	NA	NA	NA
LI_HAL_001	-	NA	NA	NA	NA	NA
LI_LAK_001	-	NA	NA	NA	NA	NA
LI_TER_001	-	NA	NA	NA	NA	NA
Modderven	-	NA	NA	NA	NA	NA
OV_KRA_BLO	-	NA	NA	NA	NA	NA
OV_SPA_001	-	NA	NA	NA	NA	NA
OV_STO_001	-	NA	NA	NA	NA	NA
OV_TOLYPELLA_001	-	NA	NA	NA	NA	NA
OV_TOLYPELLA_002	-	NA	NA	NA	NA	NA
OV_TOLYPELLA_003	-	NA	NA	NA	NA	NA
OV_TOLYPELLA_004	-	NA	NA	NA	NA	NA
OVLBVN0053	-	NA	NA	NA	NA	NA
OVLBVN0180	-	NA	NA	NA	NA	NA
OVLBVN0184	-	NA	NA	NA	NA	NA
OVLBVN0197	-	NA	NA	NA	NA	NA
OVLBVN0213	-	NA	NA	NA	NA	NA
OVLBVN0217	-	NA	NA	NA	NA	NA
OVLBVN0228	-	NA	NA	NA	NA	NA
OVLBVN0301	-	NA	NA	NA	NA	NA
OVLBVN0302	-	NA	NA	NA	NA	NA
OVLBVN0304	-	NA	NA	NA	NA	NA
OVLBVN0305	-	NA	NA	NA	NA	NA
OVLBVN0468	-	NA	NA	NA	NA	NA
OVLBVN0469	-	NA	NA	NA	NA	NA
OVLBVN0470	-	NA	NA	NA	NA	NA
OVLBVN0471	-	NA	NA	NA	NA	NA
OVLSTL0322	-	NA	NA	NA	NA	NA
VB_DIE_001	-	NA	NA	NA	NA	NA
VB_TOR_002	-	NA	NA	NA	NA	NA
VB_VOR_001	-	NA	NA	NA	NA	NA
WV_DDP_001	-	NA	NA	NA	NA	NA
WV_DDP_002	-	NA	NA	NA	NA	NA
WV_DIE_gracht	-	NA	NA	NA	NA	NA
WV_DIE_inlaatpolder	-	NA	NA	NA	NA	NA
WV_DIE_polder	-	NA	NA	NA	NA	NA
WV_DOP_007	-	NA	NA	NA	NA	NA
WV_LIS_001	-	NA	NA	NA	NA	NA
WV_POB_002	-	NA	NA	NA	NA	NA
WV_SKO_001	-	NA	NA	NA	NA	NA
WV_VLI_001	-	NA	NA	NA	NA	NA
WV_ZWI_028	-	NA	NA	NA	NA	NA
WV_ZWI_039	-	NA	NA	NA	NA	NA
WV_ZWI_047	-	NA	NA	NA	NA	NA
WV_ZWI_071	-	NA	NA	NA	NA	NA
WV_ZWI_107	-	NA	NA	NA	NA	NA
WV_ZWI_117	-	NA	NA	NA	NA	NA
WV_ZWI_118	-	NA	NA	NA	NA	NA
WV_ZWI_122	-	NA	NA	NA	NA	NA
WV_ZWI_179	-	NA	NA	NA	NA	NA
WV_ZWI_GEULNZ	-	NA	NA	NA	NA	NA
WV_ZWI_GEULOW	-	NA	NA	NA	NA	NA
WVLKNO0102	-	NA	NA	NA	NA	NA
WVLKNO0352	-	NA	NA	NA	NA	NA
xxx	-	NA	NA	NA	NA	NA
AN_BPE_001	ANTANT0297	2.72375	3.043754972	2.891198502	2.742627978	2.621626153
AN_HOP_001	ANTANT0383	2.304810361	2.051401869	2.036310518	2.154116466	2.225948509
AN_RAV_002	ANTARE0025	2.893034826	3.814917127	3.675046555	3.55806142	3.282841823
NA	ANTARE0177	2.342741935	2.579831933	3.123626374	3.813443073	3.909765848
AN_ARE_001	ANTARE0200	3.032974001	4.113402062	3.06097561	1.890736342	2.273786408
NA	ANTARE0262	2.27016129	3.918803419	2.420323326	4.068553459	2.795454545
AN_GRD_001	ANTARE0286	2.214891041	3.507042254	3.217741935	2.66507177	3.313400576
AN_GRD_003	ANTARE0309	2	2.514705882	3.744988864	3.578304598	3.28115216
AN_MOE_001	ANTBAA0036	2	2.512295082	2.418987342	3.060885609	3.010847458
AN_VVM_005	ANTBAA0044	3.162393162	2.24137931	3.604316547	3.027546778	2.931786217
AN_BAV_001	ANTBAL0373	3.305882353	2.624183007	3.664835165	3.159195402	3.260882801
AN_BAV_002	ANTBAL0505	3.142857143	2.798561151	3.559610706	3.569885642	1.837700146
AN_MOS_002	ANTBAL0559	2.571428571	3.383802817	2.4544	3.405298013	3.24623494
AN_BAS_002	ANTBAL0592	1.136915078	2.556701031	4.161290323	3.077262693	3.475299401
NA	ANTBAL0594	1.612299465	3.136363636	3.879310345	3.300333704	3.466914498
AN_BAS_001	ANTBAL0595	2.670182841	3.640625	3.696480938	3.649417853	3.261107314
AN_MOS_001	ANTBAL0711	1.81443299	3.744897959	3.634441088	2.465462274	1.349500713
AN_BAS_003	ANTBAL0715	1	2.612121212	3.324519231	1.353928299	1.057005495
AN_GSV_007	ANTBCT0028	2.251828631	4.260638298	3.954545455	2.116192831	1.138224349
AN_GSV_006	ANTBCT0231	2.215320911	3.840206186	2.848699764	1.48318872	2.55174453
AN_GSV_004	ANTBCT0252	1.842657343	3.662921348	2.58566108	3.76034713	2.54811119
ANTBCT0400	ANTBCT0400	2.290035587	1.950867052	1.819809069	3.94312026	1.479576399
AN_GSV_002	ANTBCT0404	2.416777188	1.437751004	3.804054054	1.43046875	3.509118541
AN_GSV_003	ANTBCT0458	2.028846154	1.440366972	2.961928934	3.308344198	1.332411887
AN_GSV_005	ANTBCT0464	1.836111111	2	2.359078591	1.040369089	1.57396789
AN_KOO_002	ANTBCT0528	2.265625	3.699704142	3.116161616	3.780632411	3.242647059
AN_RVS_002	ANTBCT0544	2.16730038	3.437815126	2.40771028	2.3374613	3.779584969
AN_RVS_001	ANTBCT0559	2.385416667	1.936950147	2.122222222	2.066565041	3.493584906
AN_KOO_001	ANTBCT0572	2.13292011	3.223404255	3.829066265	3.38415493	3.01399145
ANTBCT0794	ANTBCT0794	2.056542811	1.84729064	3.36056338	4.059662776	3.446098868
VB_BOO_001	ANTBON0239	2.825129534	3.734756098	4.059392265	3.838461538	3.477760736
AN_GRW_001	ANTBRM0255	2.431111111	3.931818182	2.376712329	2.619180633	2.456866805
AN_KRA_001	ANTBRM0421	2.889506173	3.094674556	3.042923434	2.387908208	2.945323741
AN_E10_001	ANTBRS0068	2.276587605	3.24025974	3.520689655	3.70631068	3.373399716
AN_GSV_001	ANTBRS0121	2.755813953	3.589147287	3.178481013	3.160633484	3.251106894
AN_FOR_001	ANTBRS0178	2.246491228	3.858695652	3.559248555	3.917737789	3.505609574
AN_KSV_006	ANTBRS0179	2.531128405	3.803571429	3.650815217	3.827017115	3.539403213
AN_BLA_004	ANTBSE0061	2.078760163	2.534246575	3.635761589	2.415405165	3.001507159
AN_LIL_004	ANTBSE0132	2.705607477	2.69047619	3.444174757	2.348354232	3.924220963
AN_BEE_004	ANTBSE0159	2.018378378	2.084870849	3.626410835	3.355263158	3.762886598
AN_BEE_005	ANTBSE0159	2.018378378	2.084870849	3.626410835	3.355263158	3.762886598
AN_BEE_003	ANTBSE0161	2	3.514851485	3.392370572	3.159811986	2.553137004
AN_GKH_001	ANTBSE0165	2.145251397	2.807443366	3.210666667	2.259568204	3.582925122
AN_BLA_002	ANTBSE0215	2.350529101	2.096774194	3.319095477	3.667107001	1.856257745
AN_BEE_002	ANTBSE0227	2	2.908045977	3.946808511	2.241525424	3.515854602
AN_BEE_001	ANTBSE0314	2.105714286	2.977195946	2.808370044	3.944596443	3.761939219
AN_BLA_001	ANTBSE0334	2.267645222	3.326923077	3.951754386	3.010391198	3.810441268
AN_GKH_002	ANTBSE0335	2.193473193	3.349740933	3.948	2.84228972	3.702388242
AN_HUF_001	ANTBSE0336	2.2	2.666666667	2.658836689	3.676470588	2.66595654
AN_HUF_002	ANTBSE0336	2.2	2.666666667	2.658836689	3.676470588	2.66595654
AN_BLA_003	ANTBSE0338	2.499714122	3.697841727	3.363896848	3.516733601	3.420694864
AN_DES_003	ANTDES0075	2.152755267	3.033444816	4.06122449	4.105237154	3.958932238
NA	ANTDES0098	2.432266848	3.879699248	4.232923497	2.654852668	3.645669291
NA	ANTDUF0188	2.657151096	3.263157895	3.156424581	3.965517241	2.87797619
AN_DEB_001	ANTESS0009	2.672520661	3.868932039	3.557613169	3.587962963	3.781740371
NA	ANTESS0033	2.665480427	3.71875	3.942010309	3.975452196	3.246753247
AN_NOL_002	ANTESS0062	2.263692308	4.09047619	3.536855037	3.69629156	3.575268817
AN_ZAM_003	ANTGEE0046	3.046511628	1.539215686	3.225593668	3.616860465	2.072599532
AN_ZAM_002	ANTGEE0069	3.081081081	1.64084507	3.380778589	3.992715232	3.408536585
AN_ZEG_001	ANTGEE0105	1.481781377	4	3.726640159	3.148633257	3.338748496
AN_ZEG_002	ANTGEE0107	1.435551811	4.474789916	3.95124283	3.573141487	3.273670558
AN_ZEG_004	ANTGEE0126	2.513043478	3.568181818	3.365424431	2.738839286	3.97866078
AN_ZEG_003	ANTGEE0193	1.740967204	3.009259259	3.001647446	2.618961353	2.48549323
AN_SEL_002	ANTGEE0305	2.222891566	2.68079096	3.375232775	2.610169492	3.263888889
AN_SEL_001	ANTGEE0422	2.604477612	3.081168831	2.763788969	2.801399354	2.604591837
AN_WIL_001	ANTGEE0477	2.260416667	2.309027778	3.022321429	3.236580517	3.750811162
NA	ANTGEE0513	2.649484536	2.297727273	2.895445135	2.541580042	2.877615726
AN_NEE_001	ANTGEE0854	3.137931034	1.242647059	2.621111111	2.764534884	3.881569208
AN_ZAM_001	ANTGEE0889	2.078534031	3.728723404	3.639344262	4.142947103	3.409947249
NA	ANTGEE1026	2.469662921	3.795081967	3.396917148	3.300632911	3.569581281
AN_GRO_001	ANTGRO0161	3.192982456	3.155172414	4.082037997	3.618686869	2.846540881
AN_AVE_001	ANTHEI0549	2.311688312	3.925	2.87913486	3.119725221	3.429737609
AN_ELS_002	ANTHGS0010	2.412408759	3.901869159	3.916913947	3.806648575	3.528735632
AN_ELS_001	ANTHGS0029	2.323529412	3.726315789	4.267806268	3.90313779	3.921417565
AN_VVM_004	ANTHGS0196	2.132152589	3.63	3.967153285	3.634183673	3.581598388
AN_VVM_002	ANTHGS0465	1.30155642	3.073394495	3.307125307	3.997218359	2.999248685
AN_VVM_001	ANTHGS0496	2	3.039215686	3.754518072	4.046208531	3.390902082
AN_VVM_006	ANTHGS0569	2.052763819	4.14673913	2.648843931	2.692556634	3.990327381
AN_VVM_003	ANTHGS0622	4	4.047413793	4.280148423	3.561889251	3.565656566
AN_LAN_010	ANTHST0069	2.767241379	2.589147287	3.233560091	3.56378866	3.386958846
AN_LAN_001	ANTHST0089	2.150753769	3.099137931	2.505221932	3.029522613	3.222303207
AN_LAN_003	ANTHST0141	2.130434783	2.691489362	3.016393443	2.34893617	2.656726768
AN_LAN_007	ANTHST0346	2	2.68115942	3.292857143	3.829787234	3.866666667
AN_LAN_008	ANTHST0414	2.252336449	2.494505495	3.358523726	3.379271071	2.155890805
AN_LAN_002	ANTHST0458	1.776923077	2.983870968	2.912103746	3.12911084	2.768160742
AN_LAN_004	ANTHST0460	2.959427208	2.086614173	3.46125	3.462365591	2.753535354
AN_HGA_004	ANTHST0479	1.893238434	3.103603604	2.515	3.450592885	2.975236708
AN_LAN_006	ANTHST0507	2	2.940140845	3.817251462	2.942873969	3.263513514
AN_LAN_005	ANTHST0508	2.476020043	3.266393443	2.87202381	2.506521739	3.553857351
AN_LAN_009	ANTHST0665	3.5	3.354285714	3.315028902	4.359977949	3.013651877
AN_ENK_002	ANTHTS0090	1.679487179	1.97810219	3.180397727	1.547516199	3.046651618
AN_ENK_001	ANTHTS0097	1.504149378	3.514285714	3.945619335	4.219816273	2.889290883
AN_SNE_003	ANTHTS0151	2.201946472	1.4296875	2.697761194	3.778125	2.516634051
NA	ANTHUL0066	2.586486486	4.010869565	3.02254902	2.774410774	2.503916449
AN_HGA_001	ANTHUL0132	2.651515152	3.251798561	3.230985915	3.642201835	2.520393812
AN_HGA_005	ANTHUL0218	3.334170854	2.666666667	1.003448276	3.730588235	2.899549259
AN_HGA_003	ANTHUL0219	3.258064516	3.236111111	2.247580645	3.264314248	3.179987413
AN_WES_002	ANTHUL0273	2.199088146	3.378787879	3.384364821	2.772617612	2.83827983
AN_HGA_002	ANTHUL0276	3.082352941	3.357142857	3.960629921	4.085609244	2.10797491
AN_KAL_003	ANTKAL0004	1.53997259	3.509345794	4.122126437	3.982166446	3.332205683
AN_KAL_007	ANTKAL0019	1.508005822	3.421875	2.725512528	3.51873385	3.933795227
AN_KSV_001	ANTKAL0235	1.640054127	1.404145078	1	1.076802508	3.914027149
AN_KSV_004	ANTKAL0247	1.224852071	1	1	3.264705882	3.819325329
AN_KSV_002	ANTKAL0260	1.707934337	1	1.093370166	3.765734266	3.527286703
AN_KSV_005	ANTKAL0269	1.308219178	1	1.885185185	2.138512369	3.596504559
AN_NOL_003	ANTKAL0288	2.486111111	1.579155673	3.713253012	3.759810555	3.572408537
AN_KAL_001	ANTKAL0319	1.65	3.161111111	3.98502994	3.965053763	1.804473304
AN_KAL_002	ANTKAL0330	2.697916667	1.664717349	1.639561707	3.902439024	1.932281394
AN_KAL_004	ANTKAL0345	1.888621795	3.352941176	3.732091691	3.009744214	3.408560311
AN_NOL_001	ANTKAL0383	2.165794979	3.835164835	3.218023256	3.471319312	3.566160521
AN_KAL_006	ANTKAL0387	1.720635626	3.351851852	3.543037975	3.237535613	2.170676692
NA	ANTKAP0130	1.755760369	3.543478261	3.026893432	3.180929095	3.503525264
AN_ATG_002	ANTKAP0220	2.313004032	3.171641791	2.066885965	3.372512438	2.327812678
AN_SNE_006	ANTKAS0008	2.262186115	3.103092784	3.752293578	3.371702638	2.304755945
AN_SNE_002	ANTKAS0017	1.876856919	3.351598174	4.077259475	3.732981221	2.476049675
AN_SNE_004	ANTKAS0030	2.350574713	3.242753623	3.413793103	3.821383648	3.342741935
AN_SNE_007	ANTKAS0033	2.422619048	4.183206107	2.627427184	3.087859425	3.090850515
AN_TIE_005	ANTKAS0213	2.546709992	2.970588235	3.272331155	3.899873257	2.802294197
AN_TIE_006	ANTKAS0268	1.907284768	2.996710526	2.785223368	3.069974555	1.871851852
AN_KAS_003	ANTKAS0295	2.475	3.095628415	3.752717391	2.569910515	3.592274678
AN_KAS_001	ANTKAS0302	3.595	2.756603774	3.083892617	2.713537118	2.379535559
AN_TIK_001	ANTKAS0321	1.678743961	2.504746835	2.143661972	2.766839378	2.197466468
AN_TIK_002	ANTKAS0349	2.246478873	2.140625	3.009803922	2.576281655	2.470937913
AN_KAS_002	ANTKAS0403	2.17699115	2.550420168	3.42519685	3.807733051	3.902589396
NA	ANTKAS0405	1.081932773	2.495327103	2.702970297	3.687749667	3.255063766
AN_TIE_004	ANTKAS0431	4.036363636	2.386075949	3.675126904	3.06835443	2.022693997
AN_TIE_002	ANTKAS0462	2.293394777	2.177777778	3.5	3.27903044	3.925685426
AN_TIE_003	ANTKAS0467	2.596671949	3.064189189	2.711576846	2.551741803	3.901685393
AN_TIE_007	ANTKAS0474	2.99474606	3.755681818	4.128238342	3.67806841	3.896640827
AN_SNE_008	ANTKAS0501	2.076133447	2.145631068	2.808290155	3.270979021	4.147528517
AN_TIK_004	ANTKAS0514	2.524793388	2.5	3.246559633	4.087373737	3.27252907
AN_TIK_003	ANTKAS0515	2.465009208	2.607407407	2.826454034	4.039813857	3.623906706
AN_SNE_001	ANTKAS616	NA	NA	NA	NA	NA
AN_VUI_001	ANTKON0018	2	3.73880597	3.6002331	3.511949686	3.572643515
AN_LIL_003	ANTLIL0004	2.788732394	3.144186047	3.604210526	3.297001153	3.648499694
NA	ANTLIL0064	2.396825397	3.083969466	2.766891892	3.217783505	2.71399177
NA	ANTLIL0073	2.54676259	3.558724832	2.910546139	2.200093721	2.564249364
AN_KDN_003	ANTLIL0243	2.557142857	4.411016949	3.568710359	3.082785088	3.679973387
AN_LIL_002	ANTLIL0293	2.476782753	3.238410596	3.87260274	3.335379464	3.210973725
AN_KDN_005	ANTLIL0303	2.641221374	2.795045045	3.268779343	4.209315376	2.346328785
AN_KDN_002	ANTLIL0362	2.784132841	3.646	2.830188679	2.829283887	2.847900895
AN_GIE_001	ANTLIL0415	2.936772047	3.698979592	3.089775561	3.642996109	3.340892984
AN_KDN_001	ANTLIL0528	2.379828326	3.126146789	4.055970149	4.042590432	2.99592668
AN_LIL_001	ANTLIL0547	2.447368421	3.156746032	3.871657754	3.639668367	3.655713219
AN_ABH_010	ANTLKD0261	1.706331878	2.860465116	2.517353579	4.301757066	3.446153846
AN_ABH_007	ANTLKD0263	2.412579957	2.413043478	3.396848138	3.656790123	3.98894264
AN_WZA_001	ANTMAL0060	2.265258216	3.554455446	3.737037037	2.333965125	3.203079179
AN_DVH_001	ANTMAL0136	2.045238095	3.602150538	3.434328358	3.547036082	2.102545969
AN_DVH_010	ANTMAL0275	2.107441154	4.471153846	4.144808743	3.184508816	2.95136612
AN_GVM_001	ANTMEC0030	2.281807166	4.036697248	3.2	3.69184492	2.900255754
NA	ANTMEC0142	3.023255814	3.709643606	4	3.335044929	3.442264151
AN_WKV_001	ANTMEC0180	1.873330035	4.318181818	3.087818697	2.377224199	3.519280206
AN_MEC_002	ANTMEC0257	4	2.80994152	4.030726257	2.735488127	2.598316296
NA	ANTMEC0285	2	3.846153846	2.667146974	2.767224409	2.191672649
AN_MEC_001	ANTMEC0388	2.292732167	3.595454545	3.389175258	3.756687898	3.159322034
AN_SPB_002	ANTMEE0178	2	3.035519126	3.133086876	3.463782696	2.794833582
AN_SPB_001	ANTMEE0180	2	2.885620915	2.897273304	3.305837563	1.995321637
AN_MOL_002	ANTMOL0036	2.371858261	2.15	3.042635659	2.78516129	3.774531835
AN_MUI_003	ANTMOL0066	2.045751634	3.217573222	2.726388889	4.156862745	3.463320463
AN_MUI_002	ANTMOL0067	1.910783055	3.026470588	3.53526971	2.670718232	2.511784512
AN_MOL_004	ANTMOL0068	1.869754882	3.073369565	3.603597122	3.053672316	2.786851211
AN_RPT_002	ANTMOL0088	2.126351004	1.691729323	3.054187192	3.17535854	3.005979073
AN_RPT_005	ANTMOL0089	2.034591195	3.07037037	3.075144509	3.289754536	3.045170257
AN_RPT_004	ANTMOL0099	2.51734104	3.446078431	3.138601036	3.441618497	3.104042806
AN_MOL_001	ANTMOL0138	2.75	3.558252427	3.895454545	3.550480769	3.197368421
AN_DIE_002	ANTMOL0143	2.347368421	2.858585859	2.943099274	3.553333333	3.082814446
AN_DIE_001	ANTMOL0152	1.709287116	2.908163265	3.244094488	2.815192744	3.133928571
AN_VOL_002	ANTMOL0353	3.082644628	2.744827586	2.895442359	3.052479815	2.682422452
AN_BAL_001	ANTMOL0539	2.547029703	2.334437086	3.673333333	2.912679426	3.21037037
AN_BGO_002	ANTMOL0546	3.422382671	2.321428571	4.051807229	3.616033755	3.577263445
AN_MOL_003	ANTMOL0555	2.813411079	2.56462585	3.412181303	3.670336037	2.171753016
AN_RPT_003	ANTMOL0568	2.148246546	3.578651685	2.931585678	3.320610687	3.441958042
AN_BGO_001	ANTMOL0576	1.704402516	4.280966767	2.892026578	3.362091503	2.423952491
AN_VOL_001	ANTMOL0607	2.959631728	2	3.423705722	2.7617866	2.128735632
AN_MUI_001	ANTMOL0659	2.791754757	2.676339286	2.5	3.667082294	3.312337662
AN_DES_004	ANTMOL0716	2.423504868	3.368995633	3.556213018	3.005675955	3.00685401
AN_RPT_001	ANTMOL0720	2.669571046	4.452631579	3.736961451	3.256339581	2.63343254
ANTMRK0204	ANTMRK0204	2.882352941	4.079545455	3.408860759	3.843023256	3.229420732
ANTMRK0206	ANTMRK0206	1.507692308	3.871727749	3.488662132	3.675368139	3.859197578
AN_STB_001	ANTNIJ0045	2	2.798657718	4.25390625	3.261875761	2.544654939
AN_OLB_003	ANTOLE0018	2.686666667	2.918918919	2.586448598	2.775223499	3.489781022
AN_OLB_002	ANTOLE0052	2.595744681	2.079470199	2.797183099	2.456815115	3.426821406
AN_OLB_001	ANTOLE0119	2	3.513157895	2.685860889	3.097269625	2.69568398
AN_TUR_001	ANTOTH0015	2.103174603	1.89084507	3.732758621	3.598155468	3.500932256
AN_LDL_003	ANTOTH0270	1	2.636563877	3.767964072	3.709379128	3.048117155
AN_LDL_001	ANTOTH0271	1.817766497	2.768656716	4.002915452	3.859456635	3.630461165
AN_LDL_002	ANTOTH0306	2.310344828	3.395348837	4.03133515	3.881188119	3.647982063
NA	ANTOTH0321	2.023457863	3.659340659	4.12970297	4.06016791	3.312264861
AN_LDL_004	ANTOTH0324	2.243380855	3.331521739	3.246575342	3.37043379	3.264632628
AN_VRI_001	ANTRAN0277	2.488338192	2.578125	2.597510373	3.795514512	3.610105581
AN_BOG_001	ANTRAV0052	2.39986868	3.197761194	3.393018018	3.850649351	3.918588874
ANTRAV0122	ANTRAV0122	2.355095541	3.911290323	4.098039216	3.5893796	3.674754098
NA	ANTRAV0169	3.098404255	3.509174312	2.915738162	2.263610315	3.54390398
NA	ANTRAV0175	1.997159091	3.364312268	3.796246649	2.994687131	3.652830189
NA	ANTRAV0196	2.061946903	3.336734694	2.270596591	3.547738693	2.555971702
NA	ANTRAV0208	2.072805139	2.698245614	3.865921788	4.131439894	2.614126097
ANTRAV0211	ANTRAV0211	2.299046322	3.360294118	3.498626374	3.726329442	3.630159604
AN_KVD_003	ANTRAV0230	1.729093051	2.832191781	3.748071979	3.608487337	3.954365079
AN_KVD_001	ANTRAV0293	2.751428571	2.467391304	3.913946588	3.239627434	3.633402275
AN_KVD_002	ANTRAV0293	2.751428571	2.467391304	3.913946588	3.239627434	3.633402275
AN_RAV_004	ANTRAV0296	2	3.637362637	2.5	3.160300926	3.238073394
AN_RAV_001	ANTRAV0297	2.703278689	2.109375	4.022284123	3.233804476	3.095930233
AN_RAV_003	ANTRAV0369	2.10797546	2.736051502	4.224557522	3.575774971	3.207403055
AN_TUR_002	ANTRAV0381	2.233801073	2.830708661	3.123110151	3.449944994	3.192043896
AN_TUR_003	ANTRAV0382	2.192736631	4.29109589	3.437602627	3.563975155	3.296629213
NA	ANTRAV0383	2.050480769	3.730337079	2.910755149	3.918465228	3.607669617
AN_GOO_002	ANTRET0186	1.828335832	2.423076923	3.024498886	4.288888889	3.142354125
AN_GOO_001	ANTRET0199	2.230496454	3.952631579	4.044041451	2.819103522	2.660677263
AN_RET_001	ANTRET0236	2.438528558	3.850961538	3.45049505	2.666487648	2.671214642
AN_DVH_009	ANTRIJ0005	2.332323232	2.042553191	3.827294686	3.266581633	3.778814124
AN_DVH_004	ANTRIJ0006	1.403361345	2.158940397	3.458549223	3.663197729	3.928172943
AN_DVH_008	ANTRIJ0030	2.144736842	3.716346154	3.11038961	3.96969697	3.401288811
AN_DVH_005	ANTRIJ0041	2.183615819	2.117857143	3.538251366	3.949090909	4.177970423
AN_DVH_007	ANTRIJ0053	2.025462963	4.225	4.214114833	3.818356868	3.272461651
AN_DVH_003	ANTRIJ0072	2.25	3.093548387	4.163768116	4.117298578	3.809137804
AN_DVH_006	ANTRIJ0076	1.952554745	4.1875	3.07875895	3.753676471	4.214052288
AN_SLH_001	ANTRIJ0171	3.319628647	3.590425532	1.848148148	3.998309383	2.574493445
AN_DVH_002	ANTRIJ0308	2.247384481	2.162962963	4.078431373	4.081677704	3.741204066
AN_RIN_001	ANTSIL0322	2.315822002	4.018099548	3.741982507	4.035591274	3.563176895
AN_ATG_001	ANTSTB0002	2.66763285	2.303680982	3.560364465	3.131917632	3.619172685
ANTTUR0022	ANTTUR0022	2.101796407	2.067183463	2.022240527	3.360805861	3.291788856
AN_TVG_003	ANTTUR0065	1.670362903	2.346153846	3.617105263	3.88373494	2.700605394
ANTTUR0077	ANTTUR0077	1.423887588	3.659793814	3.617563739	3.125535561	3.451428571
AN_TVG_004	ANTTUR0082	2.587912088	3.988372093	3.352813853	3.994073276	2.47678703
ANTTUR0082	ANTTUR0082	2.587912088	3.988372093	3.352813853	3.994073276	2.47678703
AN_TVG_006	ANTTUR0094	2.129296236	2.569444444	3.75890411	4.144117647	3.628930818
AN_DUI_002	ANTTUR0127	2.451837769	3.068181818	2.590220386	3.78614098	2.418803419
AN_DUI_001	ANTTUR0142	2.325757576	2.609756098	3.757275542	1.785529716	3.683535762
AN_MEL_001	ANTTUR0207	2.126105344	2.231818182	3.855978261	2.538978495	2.105652759
AN_TVG_007	ANTTUR0257	2.889845095	3.361344538	2.474063401	3.009158752	2.555392517
ANTTUR0270	ANTTUR0270	3.018587361	3.86	4.216049383	2.42773208	2.759552042
ANTTUR0273	ANTTUR0273	2	2.332684825	3.332183908	2.541789577	2.481702763
ANTTUR0282	ANTTUR0282	3.643122677	2.783088235	3.447887324	3.543173862	3.651001541
ANTTUR0292	ANTTUR0292	2.021865889	2.902654867	4.11011236	3.839449541	3.62012012
ANTTUR0295	ANTTUR0295	2.034965035	3.701388889	4.246418338	3.586649551	3.679389313
AN_TVG_005	ANTTUR0296	2.368644068	4.122340426	2.814252336	3.882596685	3.639057751
ANTTUR0297	ANTTUR0297	2	3.677570093	2.216566866	3.863823934	3.726294553
ANTTUR0299	ANTTUR0299	2	3.943396226	2.586348684	2.304455446	2.526089626
ANTTUR0300	ANTTUR0300	2.617647059	3.506666667	2.99829932	3.713669951	3.68498452
AN_TVG_001	ANTTUR0301	2.542944785	2.98540146	3.230964467	2.704600484	3.665641814
ANTTUR0302	ANTTUR0302	2.788519637	2.821052632	3.365625	2.85924933	3.752869166
AN_TVG_002	ANTTUR0304	2.587505742	2.732323232	2.337792642	3.299207398	3.575193798
AN_TIE_001	ANTTUR0347	2.447154472	3.396875	3.134943182	3.68024032	2.495946942
AN_BLO_001	ANTVOR0058	2.563765941	2.522857143	3.663204748	2.567057292	3.330137807
AN_WES_001	ANTWES0062	2.335038363	3.56185567	3.848857645	2.993512974	2.753793103
AN_ENG_001	ANTWES0133	1.544117647	2.29	2.414851485	4.137297297	3.318631179
AN_HAZ_001	ANTWIL0020	2.793421053	2.762376238	3.689095128	2.211165049	3.031375167
AN_BLB_001	ANTWIL0084	2.529311326	2.19212963	1.846635368	3.176177536	3.049376017
AN_GSV_008	ANTWUU0140	1.430501931	3.406896552	4.440871369	2.6796875	1.815096953
AN_E10_002	ANTWUU0153	1.738100366	3.476635514	3.786350148	2.5	3.446526151
AN_PUL_001	ANTZAN0122	2.492192804	3.905882353	3.781170483	3.570666667	3.372127502
NA	ANTZAN0152	3.109311741	3.267241379	3.870639535	3.792389853	3.456422018
AN_PUL_004	ANTZAN0172	2.361796982	2.623287671	3.659400545	4.004516129	3.10261708
AN_PUL_003	ANTZAN0175	1.830218069	3.235099338	3.583737864	3.662790698	3.659606657
AN_PUL_002	ANTZAN0176	2.298469388	3.046728972	3.566576087	3.578266494	3.435435435
LI_HEU_003	LIMAS224	NA	NA	NA	NA	NA
LI_HOE_001	LIMBIL0097	1.916666667	2.933333333	3.540772532	3.88744884	3.053398058
LI_MUN_001	LIMBIL0100	2.258333333	1.166666667	4.114058355	3.532085561	3.272030651
LI_MUN_002	LIMBIL0336	2.313858696	3.174846626	2.426267281	3.580166271	3.232962448
LI_KBR_002	LIMBOC0235	2.014236411	2.052173913	2.959657702	2.607888631	3.755925689
NA	LIMBRE0071	2.201680672	3.129554656	3.731481481	3.550375134	2.296590008
LI_KBR_004	LIMBRE0077	2.469346734	2.327067669	3.90797546	3.246575342	3.379240163
NA	LIMBRE0113	2.629849138	3.790697674	2.760824742	2.348744642	2.307854137
LI_LUY_001	LIMBRE0263	2	3.975961538	3.047945205	3.209228824	3.345705968
LI_KBR_001	LIMBRE0283	2.815386718	3.032163743	3.725146199	3.274070022	2.899934598
LI_KBR_003	LIMBRE0285	2.502069781	3.195187166	2.476406534	2.962848297	2.434023286
NA	LIMBRE0286	2.452247191	2.296728972	2.784688995	2.898533007	2.733887734
LI_VZB_006	LIMBRG0182	1.446902655	1.595238095	3.039149888	3.494750656	2.348692403
LI_VZB_008	LIMBRG0199	2.262396694	3.764367816	2.621212121	3.449129853	1.632923833
LI_MAT_014	LIMDPB0032	1.390469417	3.258064516	2.498947368	2.759872611	2.954031117
LI_LAN_003	LIMDPB0057	2.492682927	2.568965517	3.668956044	3.780470914	2.465063862
NA	LIMDPB0100	2.490853659	2.600591716	4.05899705	2.499393939	3.78828125
LI_MAT_012	LIMDPB0158	2.152801358	3.004716981	3.649595687	3.974282297	3.430525558
LI_LAN_009	LIMDPB0249	2.799342105	3.389312977	3.795945946	3.863387978	2.024634334
LI_LAN_005	LIMDPB0311	2.46822542	3.509541001	2.994680851	3.004065041	3.07296467
LI_LAN_008	LIMDPB0315	2.169266055	4.507936508	3.450684932	2.445897741	3.050151976
LI_HEU_002	LIMDST0104	2.810541311	4.335106383	2.697969543	3.721166893	3.882309942
LI_HEU_001	LIMDST0108	2.418997669	2.00304878	3.960055096	4.23687664	3.997030438
LI_MAA_001	LIMDST0178	2	3.532258065	3.802292264	3.711819389	2.802914643
LI_HEU_004	LIMDST0215	1.89826087	3.535	2.063388626	1.97007617	2.049454078
LI_MAT_008	LIMGNK0010	2.447952218	3.072	1.59762533	3.273386034	2.91889824
LI_MAT_005	LIMGNK0025	3.02200489	2	3.554192229	1.779069767	3.108251325
LI_MAT_007	LIMGNK0035	1.812133072	2.13190184	2.380649718	3.098933649	3.089542893
LI_BOK_008	LIMGNK0040	2.54340836	2.680327869	3.336291913	2.069400631	3.133079848
NA	LIMGNK0046	2.587004405	2.734375	2.094700261	2.124219725	3.206923077
LI_MAT_009	LIMGNK0050	1.999192246	2.304263566	2.277210884	3.11441048	2.84841954
LI_MAT_011	LIMGNK0055	1.548139159	1.536697248	2.100183824	3.835990888	3.376327769
LI_BOK_007	LIMGNK0060	2.221581549	3.4375	1.728015075	3.301597052	2.361130255
LI_MAT_003	LIMGNK0062	2.75	1.859126984	1.713560886	3.238780207	2.773038842
LI_BOK_001	LIMGNK0064	2.43620178	3.9375	1.681710214	3.091894977	2.853810264
LI_WIK_004	LIMGNK0066	2.50596817	2.287878788	2.08356546	2.851102941	2.869538462
LI_MAT_016	LIMGNK0081	1.883435583	2.287272727	2.903846154	3.197164948	2.810067462
LI_WIK_005	LIMGNK0089	2.115303983	2.772222222	3.099740933	3.266098485	2.886277483
LI_WIK_003	LIMGNK0095	2.764631043	3.210526316	2.219321149	3.69189907	2.954545455
LI_WIK_009	LIMGNK0103	2.292792793	2.825203252	3.581081081	3.147933884	3.921458626
LI_MAT_015	LIMGNK0118	1.657348243	2.75	3.296961326	2.064209275	3.208921933
LI_MAT_004	LIMGNK0119	1.15625	2.604545455	3.378186969	2.993564994	3.266233766
LI_BOK_002	LIMGNK0127	2.241263441	3.147540984	3.288311688	3.147251309	2.599705666
LI_MAT_010	LIMGNK0142	1.938259109	3.326530612	1.693406593	4.09029484	2.827799228
LI_WIK_007	LIMGNK0144	2.537662338	2.86637931	2.974015748	3.827896513	2.379310345
LI_BOK_003	LIMGNK0147	2.379401408	2.671532847	2.998659517	3.718377088	2.976443769
LI_STI_001	LIMGNK0152	2.847402597	2.441935484	2.20212766	3.285082174	3.004246285
LI_WIK_008	LIMGNK0156	2.303370787	2.58677686	3.602631579	2.396144279	2.094252874
LI_BOK_005	LIMGNK0167	2.136363636	2.983146067	3.102601156	2.646049896	2.366756393
NA	LIMGNK0173	1.772482014	3.286082474	3.35755814	2.968013468	2.906724512
LI_WIK_006	LIMGNK0177	2.281491003	3.153110048	2.522857143	3.22875817	2.664440735
LI_MAT_017	LIMGNK0180	1.567080745	2.285714286	3.766743649	3.306432039	2.04770017
LI_MAT_002	LIMGNK0182	2.004842615	2.708	3.608731466	3.266304348	2.373003606
LI_WIK_002	LIMGNK0372	2.33	3.248427673	2.763279446	3.502796421	3.382485876
LI_WIK_001	LIMGNK0374	2.669745958	2.940860215	2.145815358	2.754474273	2.762195122
LI_WIK_010	LIMGNK0375	1.318493151	3.330188679	2.290123457	3.699733688	3.737426519
LI_MAT_013	LIMGNK0384	1.451645065	3.420792079	3.830792683	3.925382653	3.570464768
LI_MAT_001	LIMGNK0396	2.073469388	3.472222222	3.306835067	3.716770186	3.058549568
LI_BOK_004	LIMGNK0397	2.311070999	3.760504202	2.588235294	4.099865047	2.932533733
LI_MAT_006	LIMGNK0848	2.358725762	3.618518519	3.254022989	2.902921772	3.427580894
LI_TOM_001	LIMHAS0103	2	3.218934911	3.694070081	3.531481481	2.981788966
LI_TOM_002	LIMHAS0281	2	3.552419355	2.803030303	3.511223345	2.901197605
NA	LIMHAS0453	2.221367521	2.549723757	2.967625899	3.72678762	3.850073855
LI_MLV_004	LIMHAS0462	2.176190476	3.558510638	3.001344086	2.460234681	3.685837527
LI_MLV_029	LIMHAS0463	2.632867133	3.337301587	3.586350975	2.40914787	3.596879064
LI_MLV_024	LIMHAS0479	2.532608696	2.788461538	3.817280453	3.462371722	1.883161512
LI_BOK_006	LIMHAS0482	2.509202454	3.259433962	3.77027027	2.934454756	3.652235628
LI_MLV_026	LIMHAS0514	2.480874317	2.134831461	3.128504673	2.260777385	2.551617874
NA	LIMHAS0531	2.875634518	3.056818182	3.553191489	3.792011019	2.834627329
NA	LIMHAS0540	2.707993475	3.787356322	2.469101124	3.799071618	2.107609531
LI_MLV_003	LIMHAS0541	2.425064599	4.418032787	2.696461825	3.814153439	2.270928463
LI_MLV_002	LIMHAS0544	2.509063444	2	2.027972028	4.203776042	2.171143515
NA	LIMHAS0570	2.567810458	3.796703297	3.744011976	2.545827633	2.233859397
LI_MLV_025	LIMHAS0619	2.817351598	3.875	2.303030303	2.796199214	3.640364188
LI_MLV_017	LIMHAS0621	1.785935884	2.330275229	2	3.439620081	3.699101796
NA	LIMHAS0622	2.805473373	3.532	2.077272727	3.428571429	3.715355805
LI_GDL_001	LIMHAS0629	2.203914591	3.351351351	2.109329446	3.300443459	3.527149321
LI_MLV_027	LIMHAS0671	2.462053571	2	2.555555556	3.719143577	2.833714722
LI_MLV_011	LIMHAS0672	2.895910781	2.005376344	2.875757576	3.624883068	2.587519026
LI_MLV_010	LIMHAS0849	2.387065637	3.440559441	3.719373219	2.682719547	3.508253095
LI_BEG_001	LIMHEC0026	2.759259259	3.204	2.488558352	2.760918253	3.53887762
LI_PIJ_002	LIMHEC0120	1.909937888	2.423913043	2.846846847	1	3.356143079
LI_EKS_001	LIMHEC0128	2.748407643	2.812080537	1	1	1
LI_DOM_002	LIMHEC0201	2.539473684	1	3.847701149	3.95392022	1.623111782
LI_BEG_003	LIMHEC0391	1.983606557	2.103174603	2.256696429	3.049030172	3.505681818
LI_BEG_002	LIMHEC0537	2	2.61440678	3.986842105	3.923406863	4.013006886
LI_VZB_004	LIMHEC0578	1.052493438	3.576086957	3.93685567	3.940107672	2.503676471
LI_EGO_001	LIMHEE0063	2	3.801136364	2.569293478	3.13302139	1.519093079
LI_VZB_002	LIMHHE0001	1.767857143	2.472	3.346590909	2.251794258	2.503316139
LI_VZB_003	LIMHHE0002	1.420571429	2.298969072	2.45034642	1.053406224	3.149440421
LI_VZB_007	LIMHHE0005	1.395306859	2	1.181818182	2.645981087	2.557976107
LI_VZB_005	LIMHHE0008	1.761751152	2.630434783	1.077562327	2.233077905	3.214336918
LI_KEL_001	LIMHHE0112	1.629582807	2.689922481	2.174390244	2.733870968	1.898835517
LI_RDP_001	LIMHHE0114	2.348185484	2.508130081	2.770027003	3.156521739	2.111356932
LI_LBV_004	LIMHHE0285	2.027651269	2.98816568	3.888168558	2.742655699	3.559043348
LI_LBV_001	LIMHHE0286	2.317647059	2.073770492	3.821637427	3.449238579	3.501892506
NA	LIMHHE0312	2.38	3.820833333	3.504830918	3.737414966	3.483724451
LI_THD_003	LIMHHE0315	2.293157076	3.64957265	3.603794643	4.189718482	3.464661654
LI_THD_002	LIMHHE0322	2.366742597	3.440993789	3.568548387	3.137278107	3.604321908
LI_THD_004	LIMHHE0330	2.437694704	3.643478261	3.487723214	3.640996602	2.101152369
LI_VZB_001	LIMHHE0375	1	2.471794872	3.624633431	4.212710765	3.339311334
LI_HAL_002	LIMHLN0068	2.23877551	3.795	2.927777778	3.538751346	3.32883187
LI_HAL_003	LIMHLN0163	2.115	2.592783505	3.943965517	3.053166069	3.444609665
LI_ACH_001	LIMHMA0012	2.633064516	3.69266055	3.469352014	3.895128552	2.48812095
LI_ACH_002	LIMHMA0271	1.834708122	3.052816901	3.567723343	3.239276139	3.19591528
LI_WAR_001	LIMHMA0273	2.260273973	3.288793103	3.641566265	3.167302799	3.120082816
LI_LBV_003	LIMHVL0092	2.424911661	3.494791667	3.533236994	3.554901961	3.518243661
LI_LBV_002	LIMHVL0144	2.13715637	2.607142857	2.862533693	3.378361076	3.441843453
LI_MOB_001	LIMKIN0100	2	4.132183908	3.144628099	3.238009592	3.271199389
LI_BAT_001	LIMKIN0192	2	2.922727273	3.10058309	4.058863329	3.083395943
LI_KES_001	LIMKIN0231	2.050943396	2.69924812	3.729850746	2.597258486	3.514623955
LI_VBR_001	LIMKIN0235	2.634615385	2.936026936	4.031531532	3.212681638	3.53021148
LI_MAA_002	LIMLNK0018	2.322476526	3.130434783	3.403797468	3.927586207	2.080532213
LI_DRO_001	LIMLNK0055	2.314727955	3.857954545	3.910769231	2.350456621	3.815822002
LI_ASB_001	LIMLNK0083	2.426136364	1.732323232	3.636103152	3.539438503	3.155504234
LI_SLU_001	LIMLNK0086	1.752639517	3.136363636	2.775100402	2.495466321	2.700396825
LI_MAA_003	LIMLNK0101	2	3.651162791	2.658088235	3.952818627	2.897768179
LI_JUF_001	LIMLNK0105	1.863636364	3.958333333	2.214015152	3.962516734	3.381355932
NA	LIMLNK0118	3.486607143	3.829545455	2.842447917	3.61185006	1.693434617
LI_ZPB_001	LIMLNK0167	2	4.348039216	3.430904523	3.884896468	2.302410519
LI_ASP_001	LIMLNK0237	2.472477064	3.577380952	3.699507389	2.99132321	3.506987578
LI_ASP_002	LIMLNK0245	1.240174672	3.276	2.716216216	2.507462687	3.489671002
LI_LOM_001	LIMLOM0030	2	3.627659574	3.726878613	2.644766147	3.327731092
LI_KAT_001	LIMLOM0211	2.41025641	3.007936508	3.89244186	4.105820106	3.406346749
LI_HAG_004	LIMLOM0234	1.738095238	3.103846154	3.940700809	3.234455959	2.371714643
LI_HAG_002	LIMLOM0239	1.718309859	3.345238095	3.828034682	3.856992639	3.680592992
LI_SAH_001	LIMLOM0467	2.203312705	2.959259259	3.978436658	3.576774194	2.969021066
LI_VOS_001	LIMLOM0475	2.559914408	2.979591837	2.780587276	3.395053476	2.786135693
LI_VIJ_001	LIMLUM0054	2.888818297	2.822368421	3.193593315	2.975321888	3.741672835
NA	LIMLUM0240	2.279220779	2.687772926	4.24688057	2.826826827	2.918900344
LI_GRD_001	LIMLUM0401	2.387273179	2	2.129330254	2.750288351	3.446345257
LI_OPH_002	LIMMGR0010	1.969444444	2.417355372	2.291666667	3.620989305	1.509873618
LI_OPH_003	LIMMGR0010	1.969444444	2.417355372	2.291666667	3.620989305	1.509873618
LI_DON_004	LIMMGR0011	2.609028961	2.095679012	2.435760171	3.959224599	1.940449438
LI_OPH_001	LIMMGR0035	2.17027417	2.095890411	3.939759036	3.559331797	3.827113481
LI_DON_001	LIMMGR0253	2.938397129	2.41322314	2.095607235	2.822545847	2.097461929
LI_DON_005	LIMMGR0261	2.620689655	2.96124031	2.327213823	2.829268293	2.881866065
LI_DON_003	LIMMGR0262	2.113333333	2.144508671	2.425968109	2.628120894	2.851315789
LI_DON_002	LIMMGR0376	1.810957367	2.938202247	2.729119639	3.623588457	3.147882736
LI_BER_001	LIMMSK0007	1.603137979	2.119806094	4.072254335	4.079865017	3.567993989
LI_BER_004	LIMMSK0030	1.854077253	2.597156398	3.774932615	4.103153745	2.94921875
LI_BBV_002	LIMMSK0113	2	3.628865979	3.605113636	3.149417853	3.603745318
LI_BER_003	LIMMSK0134	2.784144427	2.026666667	2.976359338	3.881367292	2.328735632
LI_DBR_001	LIMMSK0151	2.865671642	3.586021505	3.5	2.769125683	3.027997128
LI_DBR_003	LIMMSK0163	2.774193548	3.149681529	4.329376855	3.682941904	3.612454212
LI_SCH_001	LIMMSK0341	2	3.706521739	3.153061224	2.124643197	3.266906044
LI_BER_002	LIMMSK0353	2.575382612	3.594771242	2.252799311	3.804491413	2.823255814
LI_DBR_002	LIMMSK0425	2.543577982	2.798507463	2.519329897	1.016129032	1.721088435
LI_HER_001	LIMMSK0456	2.600322646	2.930051813	3.237582781	3.241426404	3.439061317
LI_EIM_001	LIMMSM0026	2.080014749	3.985	3.662121212	3.013917526	3.789473684
LI_VOB_001	LIMMSM0036	1.369586614	3.247368421	3.564692982	4.257656458	3.668199234
LI_HEI_001	LIMMSM0061	2	3.761363636	3.879765396	3.211961722	3.254709872
LI_VOB_002	LIMMSM0167	2.336538462	3.688172043	4.008883249	3.868925831	3.13080772
LI_MEC_001	LIMMSM0197	1.358156028	2.488687783	3.464387464	2.477407848	2.412654746
LI_MEC_002	LIMMSM0198	1.037151703	3.891089109	3.200581395	2.882163324	2.125358166
LI_HAG_001	LIMNEE0011	2.203900709	3.591397849	2.962476548	3.788015464	3.129679144
NA	LIMNEE0147	1.680412371	3.914772727	3.086466165	3.626865672	3.776099803
NA	LIMNEE0167	2.051724138	2.595652174	3.729211087	3.994047619	3.1321882
LI_HAG_003	LIMNEE0213	1.537190083	2.652439024	3.535087719	4.019781719	3.441605839
LI_KOL_001	LIMNEE0254	1.318965517	3.334532374	3.778409091	3.459472656	3.050645995
LI_OPH_008	LIMOPG0001	1.814266487	3.528735632	2.370672098	3.582245431	3.298683299
LI_OPH_006	LIMOPG0009	2.80375	3.89	2.22993311	3.8125	3.678752719
LI_OPH_004	LIMOPG0016	2.171232877	2.598039216	3.209443099	3.700242718	3.771979986
LI_OPH_005	LIMOPG0020	1.668539326	2	3.44057971	3.375322997	3.321585903
LI_OPH_007	LIMOPG0041	1.807890223	2.783163265	3.66152019	3.34529148	3.708588957
LI_BBV_001	LIMOPG0122	2.070866142	3.677290837	4.06097561	3.559474412	3.93388922
LI_PIJ_001	LIMOVP0094	1.947222222	3.049180328	3.131578947	3.212274775	3.804506296
LI_DOM_001	LIMOVP0232	2.094679892	2.160714286	1.852173913	3.021410579	3.860940695
LI_ABH_011	LIMTES0026	1.902061856	2.233974359	3.969117647	3.97826087	3.056547619
LI_ABH_005	LIMTES0032	1.561842105	2.402173913	2.99071618	2.782016349	3.755455229
LI_ABH_004	LIMTES0125	1.452956989	2.854166667	2.229445507	3.958333333	3.013595166
LI_ABH_003	LIMTES0126	2.730181818	2.533112583	3.189271255	3.3675	3.147783251
LI_ABH_002	LIMTES0127	2.363080685	3.744318182	3.213276836	3.789021164	2.597931034
LI_DKV_001	LIMTON0188	4	2.576470588	3.343137255	3.671136654	3.93328279
LI_DKV_002	LIMTON0189	4	3.342857143	3.574494949	4.149439601	3.209154114
LI_BRB_001	LIMWEL0154	1.019607843	2.533854167	2.336206897	2.259046778	2.675296656
LI_MLV_008	LIMZNH0012	2.891855808	3.059602649	2.395683453	2.269366197	1.543922984
LI_MLV_021	LIMZNH0036	2.932659933	2.556737589	2.445595855	2.215571557	2.723008191
LI_MLV_012	LIMZNH0040	2.492007105	2.602608696	2.682942708	2.401818182	3.060899654
NA	LIMZNH0046	2.527700831	2.311965812	2.245454545	2.341584158	2.552333805
NA	LIMZNH0055	2.373638344	3.12568306	2.37480916	2.249167592	2.238742964
LI_MLV_020	LIMZNH0065	2.650170648	2.601626016	2.217131474	3.320197044	2.661572052
NA	LIMZNH0115	2.299342105	2.329861111	2.442776735	2.659629248	3.299772899
LI_MLV_018	LIMZNH0127	2.448892675	3.345132743	2.640438247	1.799371634	3.106153846
LI_MLV_007	LIMZNH0138	2.230352304	2.589805825	1.604807692	1.651228733	2.034278181
NA	LIMZNH0139	3.222675367	2.329411765	1.405420354	3.261682243	2.03871439
NA	LIMZNH0158	2.584705882	3.800884956	2.784246575	2.278648975	2.402049427
LI_MLV_022	LIMZNH0206	2.899421129	2.055319149	2.80170778	1.655801105	3.519450801
NA	LIMZNH0220	2.535964912	3.34047619	3.167979003	2.603349282	2.27063197
LI_MLV_014	LIMZNH0225	2.658831909	2.205035971	2.665280665	2.737819026	3.457439446
LI_SBB_004	LIMZNH0231	1.973588342	2.977777778	3.386094675	2.315677966	3.317092034
LI_MLV_015	LIMZNH0238	2.528358209	2.803149606	3.673716012	2.194273128	2.050734945
LI_MLV_023	LIMZNH0304	2.396678967	2.493939394	2.142026578	2.732546706	2.787049399
LI_TEU_004	LIMZNH0318	1.605769231	2.302521008	2.285714286	2.805725971	2.269654666
LI_TEU_002	LIMZNH0333	2.110169492	2.307189542	3.649122807	3.435371179	2.962885154
LI_TEU_003	LIMZNH0338	1.704252577	1.841666667	2.482281285	1.86465721	2.610878661
LI_TEU_001	LIMZNH0360	1.427906977	2.902255639	2.3988682	2.81922675	2.665571616
LI_TEU_007	LIMZNH0374	2.01635514	2.2470726	3.058884298	2.565391459	2.684139785
LI_SBB_001	LIMZNH0385	2.220952381	2.623287671	3.671662125	2.514527845	2.527114967
LI_MLV_019	LIMZNH0404	2	3.74	2.079896907	2.704026115	2.142061281
LI_MLV_006	LIMZNH0431	1.657423971	3.357142857	2.739823009	3.550458716	2.593382353
LI_MLV_013	LIMZNH0432	2.06702544	2.254208754	2.536956522	2.487931034	2.838574423
LI_MLV_009	LIMZNH0433	2.188034188	2.349127182	3.45465995	3.1	2.925017519
LI_TEU_005	LIMZNH0437	2	3.307888041	2.657831325	3.300623053	2.994764398
LI_MLV_016	LIMZNH0477	2.372011252	3.76119403	2.36761488	3.061155914	3.588764045
LI_MLV_005	LIMZNH0478	2.643396226	3.205	3.212009804	2.272126816	3.690290574
LI_SBB_003	LIMZNH0507	2.547715054	2.247619048	2.998670213	3.145659929	3.542586751
LI_SBB_002	LIMZNH0508	1.789899769	3.091304348	3.591690544	2.944812362	3.332846715
LI_SBB_005	LIMZNH0509	1.454773869	2.06993007	3.865994236	2.59018143	3.833333333
NA	LIMZNH0519	2.647810219	2.515957447	2.337438424	3.842887473	3.147924528
NA	LIMZNH0536	2.609207709	2.755033557	2.293628809	4.123110151	3.111615834
LI_MLV_001	LIMZNH0539	2.59787358	2.896153846	3.247813411	3.365577227	3.646627566
LI_TEU_006	LIMZNH0563	2.562930187	3.594202899	2.545566502	3.448441247	3.452929559
LI_ZUT_001	LIMZUT0080	2.021513353	3.386029412	3.601545254	3.664736165	3.333778371
OV_KRA_002	OVLALT0332	2.367621777	3.474074074	3.883977901	4.138927098	4.142964072
OV_KRA_001	OVLALT0344	2.507736944	3.988095238	3.598011364	3.875333333	3.645705521
OV_DON_001	OVLBLE0018	2.767807586	4.10326087	3.31535649	3.41089613	3.281690141
OV_HEI_001	OVLBLE0139	2.151898734	2.206422018	3.346704871	2.993975904	3.870743034
OV_DON_003	OVLBLE0193	2.237521515	3.486842105	3.133074935	2.924202128	2.452655889
OV_DON_002	OVLBLE0248	2.313873733	2.558035714	3.665151515	3.556876939	3.606595092
OV_LIO_001	OVLBVN0466	3	3.716666667	4.07748184	4.363483146	3.642072214
OV_LIO_002	OVLBVN0467	3.048717949	3.994252874	4.28817734	3.968343452	3.054609929
OV_VOS_001	OVLDEI0194	2.819134003	3.707865169	3.885885886	4.358603667	3.78302583
OV_WEL_001	OVLDNL0075	2	2.53649635	3.593103448	3.195150115	3.385362211
OV_WEL_002	OVLDNL0080	2.149038462	3.498080614	3.719895288	3.599861304	2.9168
OV_DAM_001	OVLDSB0184	2.739685658	3.843137255	3.69460501	3.601997897	3.481397115
OV_LEE_001	OVLGNT0197	2.494887526	4.011627907	3.528431373	3.91697147	3.626635874
OV_BLA_001	OVLGNT0817	2.392857143	3.568181818	2.805882353	2.766776678	2.958567416
OV_LIN_001	OVLLOK0063	2	3.229559748	1.83776868	3.795861298	3.750588235
OV_MOL_001	OVLLOK0348	2.3471654	3.908385093	2.953964194	3.80273224	3.892136395
OV_MOL_002	OVLLOK0354	2.591133005	3.670588235	3.556053812	3.662216288	3.471417966
OV_TUM_001	OVLMOE0016	3.36119403	2.863461538	3.995833333	3.800684932	2.55147541
OV_PAP_001	OVLNAZ0048	2.601293103	3.439814815	4.199088146	3.909030544	3.928867403
OV_FON_001	OVLSIN0011	2	2.916666667	3.542959427	3.881218905	3.745011086
OV_FON_002	OVLSIN0269	2	3.672222222	3.481873112	3.897664835	3.445529677
OV_STB_001	OVLSTK0268	2.880952381	3.933333333	3.955377574	4.406802721	3.888963211
OV_STB_002	OVLSTK0295	2	4.130681818	4.065365854	3.981958763	3.669247009
OV_STR_001	OVLTEM0088	3.340361446	2.635	3.476804124	3.946052632	3.427059713
VB_VOR_002	VBRARS0043	2	3.24	3.446666667	3.038560411	3.602108768
VB_VOR_005	VBRARS0052	2	2.866255144	2.925970874	2.017473118	3.389709907
VB_VOR_003	VBRARS0364	2	3.526666667	3.865435356	4.097074468	3.260530421
VB_VOR_004	VBRARS0370	2.19434629	3.191176471	2.936813187	3.816107383	3.468939394
VB_VDB_002	VBRDIE0220	2.717391304	2.834394904	3.340220386	3.295127353	3.837264151
VB_VDB_001	VBRDIE0330	2.325	3.345528455	3.837349398	3.276859504	3.21257485
VB_ASD_001	VBRDIE0443	3.33496732	3.549450549	3.017985612	3.623350923	3.239849624
VB_HOE_001	VBRHIL0031	2.516666667	2.516393443	1.978036176	3.484888305	3.292261905
NA	VBRHOL0030	2.706982544	3.314393939	3.785340314	2.739884393	3.222805701
NA	VBRHOL0033	2.531021898	3.295918367	4.005773672	3.955213904	2.560836502
VB_HOL_001	VBRHOL0037	2.687323944	2.550458716	3.768678161	3.686800895	2.726726727
VB_KBL_002	VBRHOL0040	3.076923077	3.628318584	3.991017964	3.748387097	3.422641509
VB_KBL_001	VBRHOL0202	4	3.294642857	4.025956284	2.294481982	2.422781272
VB_TOR_003	VBRKAM0021	1.753802281	2.213983051	3.023529412	3.918181818	3.57472119
VB_TOR_001	VBRKAM0057	2.089285714	2.960992908	3.061004785	3.722837022	2.649588868
VB_LAB_001	VBRKAM0120	1.110091743	3.6	3.729661017	3.881313131	3.410355487
VB_KOR_001	VBRKRB0004	2.688311688	3.07486631	4.071856287	3.340586146	3.490909091
VB_SIL_001	VBRKRB0081	1.202531646	2.826923077	3.957983193	3.915531335	2.957327586
VB_DIJ_001	VBROHV0050	2.141203704	3.490825688	2.711448598	3.959207459	3.147771697
VB_ABH_008	VBRSZI0180	2.680327869	2.995327103	3.398016997	3.847019868	3.350150602
VB_VIJ_001	VBRSZI0197	2.432995495	3.752688172	3.876770538	3.63618677	3.30171278
VB_VIE_005	VBRSZI0213	2.2421875	2.047244094	3.094978166	3.803846154	3.595168375
VB_VIE_001	VBRSZI0235	2.105769231	2.255813953	3.992063492	3.942929293	3.579178886
VB_VIE_007	VBRSZI0243	2	3.25462963	3.535305344	3.901041667	3.589917231
VB_VIE_002	VBRSZI0277	2.107142857	1.968382353	4	3.065719361	3.388956311
VB_VIE_004	VBRSZI0297	2.09009009	3.747126437	3.643877551	3.761666667	2.662756598
VB_VIE_006	VBRSZI0315	2.458333333	3.338709677	3.754666667	3.742312423	3.3
VB_ABH_009	VBRSZI0333	2.93768546	3.68	3.601626016	3.789509537	3.520849128
VB_ABH_001	VBRSZI0346	2	3.797709924	3.856287425	3.890909091	3.319882612
VB_VIE_003	VBRSZI0401	2.4	3.967391304	3.414322251	3.760923845	2.953813856
VB_VIJ_002	VBRSZI0433	2.010071339	3.926470588	3.141061453	3.519695044	2.958011583
VB_VIE_008	VBRSZI0435	2.129139073	3.5	3.945619335	2.826254826	2.800446761
VB_ABH_006	VBRSZI0542	2.806697108	2.507716049	4.03422619	3.072671443	2.312127237
VB_TER_001	VBRTRV0025	2.286809816	2.62254902	4.622478386	3.492063492	3.806906272
VB_VIN_001	VBRZOU0028	2.111135042	3.868932039	3.933161954	4.140024783	4.04832978
VB_VIN_002	VBRZOU0046	2.830882353	4.448484848	4.25625	4.426309379	3.943989931
WV_ZEB_002	WVLBLA0081	1.697253433	3.184210526	3.679319372	3.698062433	3.865808824
WV_ZEB_001	WVLBLA0206	2.177506775	3.767857143	2.737309645	3.124327957	3.430583501
WV_DHE_005	WVLBRD0035	2	4.204545455	4.16066482	4.275163399	3.702660407
WV_DHE_002	WVLBRD0039	1.464788732	3.618644068	2.788860104	3.99594046	3.922592826
WV_BRE_010	WVLBRD0077	1.25	4.091666667	4.128787879	3.994557823	2.562787136
WV_DHE_023	WVLBRD0088	2	4.146341463	2.960585586	3.726141079	3.539891557
WV_DHE_020	WVLBRD0124	2	3.495412844	4.00154321	4.054886212	3.668144863
WV_BUL_001	WVLBRN0145	2.358864028	3.791666667	4.323795181	3.050603528	3.611450382
WV_BUL_002	WVLBRN0148	2.555718475	3.677083333	4.009887006	3.890583554	3.686830015
WV_BBV_001	WVLBRN0392	2	3.563636364	4.081039755	3.629049676	3.591246291
WV_BBV_002	WVLBRN0422	2.400651466	3.068807339	3.825513196	3.252453167	3.360930736
WV_ZEB_004	WVLBRU0368	2.284267913	3.087155963	4	3.195995785	3.707241911
WV_ZEB_003	WVLBRU0369	1.84120983	4.172413793	3.533557047	4.119372442	3.503448276
WV_ZEB_007	WVLBRU0374	1.710930443	3.701834862	3.861878453	2.126566416	3.71640625
WV_ASS_001	WVLBRU1212	2.523364486	3.523923445	1.885010267	4.000609013	3.644067797
WV_DAM_001	WVLDAM0090	2.458206687	3.868794326	4.081896552	4.098984772	3.848351648
WV_BDH_006	WVLDEH0011	1.232142857	3.747787611	3.918732782	3.305719921	3.34965035
WV_BDH_002	WVLDEH0012	1.445945946	3.301948052	3.911242604	4.190821256	3.316111489
WV_BDH_008	WVLDEH0220	1.735849057	4.494505495	3.786666667	4.244808743	3.891172914
WV_BRE_009	WVLDEH0242	2	3.482608696	3.851203501	3.954770756	3.739005047
NA	WVLDEP0007	3.534883721	3.75	3.914634146	3.878277154	3.822510823
WV_CAB_009	WVLDEP0008	2.323899371	4	4.310576923	3.879873551	3.567785235
WV_CAB_010	WVLDEP0012	2.023550725	3.944852941	4.224874372	4.33682266	4
WV_WES_031	WVLDEP0047	1.287671233	3.761061947	4.054846939	4.153482881	3.928571429
WV_WES_009	WVLDEP0051	1	3.931623932	4.044973545	4.35791757	2.961486486
WV_WES_014	WVLDEP0057	1	4.327586207	3.940184049	4.114893617	3.856946355
WV_WES_003	WVLDEP0058	1.296296296	3.945833333	4.033149171	3.520915033	3.945205479
WV_WES_012	WVLDEP0061	1.342105263	4.274336283	4.04005168	4.234752589	3.911994322
WV_WES_007	WVLDEP0065	1.261904762	3.688034188	4.150914634	4.275429326	3.753063725
WV_WES_006	WVLDEP0067	1.553191489	4.018115942	3.383206107	3.900595238	3.878474467
WV_WES_038	WVLDEP0070	1.468562874	4.063451777	3.965	4.142064373	3.485141159
WV_WES_018	WVLDEP0073	1.261904762	4.351351351	3.950268817	4.208284714	3.761515602
WV_HOS_001	WVLDEP0075	3.22826087	3.675	3.912820513	4.060287611	3.66939332
WV_CAB_023	WVLDEP0097	4	3.270833333	3.921052632	4.258663366	3.991260015
WV_CAB_031	WVLDEP0119	4	2.760683761	3.863309353	4.303675048	3.849056604
WV_WES_044	WVLDEP0167	1.211538462	3.891959799	3.966666667	3.844315245	3.795408508
WV_BLA_001	WVLDIK0136	2.67699115	3.134020619	4.011235955	4.157894737	3.50348567
WV_VIC_001	WVLDIK0187	3.035528596	4.131756757	3.887426901	4.24934555	3.835798817
WV_BLA_002	WVLDIK1027	2.083870968	4.158163265	3.937046005	3.994282084	4.064269319
WV_GAV_002	WVLHAR0110	2.5	3.640804598	4.116	4.316167665	4.032444124
WV_GAV_001	WVLHAR0329	2.123024605	4.102803738	4.294871795	3.531941032	3.940828402
NA	WVLHOU0087	2.274358974	3.921052632	4.136476427	3.729781772	3.945730825
WV_HOU_001	WVLHOU0087	2.274358974	3.921052632	4.136476427	3.729781772	3.945730825
WV_IJZ_001	WVLHOU0157	2.046082949	3.950980392	4.093055556	2.870094723	3.688921497
WV_MDH_003	WVLHOU0552	2	4.22195122	3.746987952	3.901217862	3.642264151
WV_MDH_001	WVLHOU0561	1.536231884	3.985	4.07010582	3.792413793	3.856934307
WV_MDH_002	WVLHOU0568	2	3.613636364	4.128603104	4.115540541	4.008817046
WV_MDH_004	WVLHOU686	NA	NA	NA	NA	NA
WV_VLO_003	WVLJAB0140	1.533807829	3.157894737	2.090789474	3.225452196	3.092976589
WV_VLO_002	WVLJAB0174	2.037735849	3.960227273	4.134285714	3.925391095	2.750748503
WV_VLO_001	WVLJAB0206	2.065868263	3.564705882	2.032163743	4.090742438	3.644394952
WV_ZWI_042	WVLKNO0002	1.6	3.810344828	2.24742268	4.003726708	3.975428146
WV_ZWI_129	WVLKNO0003	1.603773585	3.514450867	2.285714286	4.073825503	3.861303745
WV_ZWI_116	WVLKNO0014	1.948717949	3.833333333	3.493069307	4.292418773	3.966958867
WV_ZWI_062	WVLKNO0016	3.043478261	3.834586466	3.348773842	4.253937008	3.818917237
WV_ZWI_012	WVLKNO0019	2.797297297	3.432806324	2.00877193	4.155086849	3.93639576
WV_ZWI_119	WVLKNO0020	1.872727273	3.700934579	2.00872093	4.363057325	3.923132705
WV_ZWI_006	WVLKNO0022	3.511111111	3.610576923	1.664627364	3.836045056	3.951652387
WV_ZWI_045	WVLKNO0025	1.43373494	3.792792793	2.61031746	4.081225033	3.959397511
WV_ZWI_043	WVLKNO0028	1.2	4.290598291	1.457746479	3.928484848	3.964649898
WV_ZWI_011	WVLKNO0039	1.486956522	3.794871795	3.9539801	4.259416768	3.795081967
WV_ZWI_040	WVLKNO0058	1.571428571	3.466666667	3.808659218	4.334398977	3.897649735
WV_ZWI_133	WVLKNO0061	4	3.716037736	3.949152542	4.02734375	3.647328244
WV_ZWI_008	WVLKNO0065	2.993506494	3.614583333	3.151351351	4.028915663	3.784413693
WV_HEI_002	WVLKNO0106	2	3.572854291	4.034965035	4.019165727	3.990262172
WV_ZWI_060	WVLKNO0205	3.122807018	3.724576271	3.967329545	3.800511509	3.802325581
WV_ZWI_013	WVLKNO0265	1.452991453	4.20890411	4.118231047	4.372030238	3.672439759
WV_DIE_001	WVLKNO0266	1.693181818	4.24122807	4.238292011	4.073351279	3.672699849
WV_DIE_001_zuid	WVLKNO0266	1.693181818	4.24122807	4.238292011	4.073351279	3.672699849
WV_ZWI_121	WVLKNO0271	2.3	4.46835443	4.335877863	3.974008208	3.992559524
WV_ZWI_158	WVLKNO0275	4	3.340659341	3.937357631	4.146938776	3.84996133
WV_ZWI_162	WVLKNO0280	3.3125	3.510638298	4.269138756	4.228494624	3.494720965
WV_ZWI_124	WVLKNO0283	2	3.904166667	4.370229008	4.017904509	3.049710278
WV_ZWI_165	WVLKNO0284	1.806722689	3.765625	4.074380165	2.668152866	2.727526132
WV_ZWI_191	WVLKNO0288	1.634146341	3.968468468	3.119955157	4.070151307	3.658256881
WV_ZWI_149	WVLKNO0365	2.175115207	4.417322835	3.929216867	4.33162612	3.457309942
WV_ZWI_120	WVLKNO0380	1	4.11	4.305722892	3.936069987	3.152654867
WV_ZWI_157	WVLKNO0388	2.980645161	3.87012987	3.78422619	3.910290237	3.821584529
WV_TYD_007	WVLKOK0001	2	3.5	4.067750678	4.359976663	3.478380233
WV_TYD_009	WVLKOK0010	2.733870968	3.836842105	4.049418605	4.171568627	3.815891473
WV_NOD_016	WVLKOK0017	1.154929577	3.777777778	4.210182768	4.274230331	3.759715026
WV_NOD_010	WVLKOK0028	1.381642512	3.698924731	4.026041667	4.071428571	3.814786585
WV_DUI_001	WVLKOK0041	2.3	4.411564626	3.961842105	4.16862955	3.755707763
WV_NOD_013	WVLKOK0065	1.34	4.082524272	4.46875	4.374255066	3.899230769
WV_TYD_031	WVLKOK0114	3.9	3.920353982	4.21182266	4.034421889	3.437354086
WV_TYD_017	WVLKOK0125	1.314285714	3.961832061	4.403061224	4.136200717	3.826530612
NA	WVLKOK0133	1	3.831858407	4.168326693	4.035276074	3.331613854
WV_MID_001	WVLMID0075	3.015	4.236263736	3.973389356	4.190694626	3.922668688
WV_SBE_004	WVLMID0089	3.315789474	2.870967742	4.207286432	3.974226804	3.930038023
WV_SBE_001	WVLMID0135	1.670542636	3.844444444	4.159438776	3.934670116	3.909442724
WV_WAD_004	WVLMID0136	1.618421053	3.822580645	4.125348189	4.32374541	3.932657495
WV_WAD_002	WVLMID0204	1	4.240196078	4.202898551	4.121026895	3.592534992
WV_SBE_002	WVLMID0220	4	4	4.430703625	4.018392371	3.941754917
WV_LEP_003	WVLNWP0009	2.314685315	3.689795918	4.528225806	4.112811791	3.701991008
WV_IJZ_002	WVLNWP0026	3.407407407	4.274509804	3.620058565	3.699447514	3.65876052
WV_LEP_007	WVLNWP0032	2.7125	3.41025641	3.646437995	3.525504152	2.560786651
WV_KPV_001	WVLOSK0053	2.935185185	3.776470588	3.738872404	2.130328867	4.046734955
WV_ZGV_001	WVLOSK0059	2.137316562	3.924369748	3.46735905	3.925233645	3.563991323
WV_WAP_001	WVLOSK0186	2.460755814	4	3.3	3.614457831	3.965901183
WV_BBV_003	WVLOSK0273	2	3.235576923	2.093373494	4.064181399	3.859259259
WV_LEI_001	WVLOSK0526	2	3.81512605	4.176870748	4.225707257	3.681632653
WV_LEI_003	WVLOSK0526	2	3.81512605	4.176870748	4.225707257	3.681632653
WV_LEI_002	WVLOSK0528	2.25	3.928082192	3.988130564	4.120599739	3.925448029
WV_GUP_001	WVLRUI0009	1.813432836	4.142857143	4.359188544	3.958005249	3.408885542
WV_VEU_001	WVLVEU0343	2.634090909	3.763392857	4.029494382	3.941469489	3.049131216
WV_GUP_002	WVLWIN0255	3.446601942	4.011111111	3.836336336	3.642947103	3.834586466
WV_VLO_004	WVLZED0171	2.379844961	3.630434783	4.384715026	4.419052863	4.018779343
WV_POB_001	WVLZNB0856	2	3.87826087	3.822714681	4.350063532	3.824124514
Onbekend	NA	NA	NA	NA	NA	NA
Ontbrekend	NA	NA	NA	NA	NA	NA
