scenario,trend_12yearly_multiplier,avg_nrlocs_pertype_infpop,total_n_finitepop_spatial,total_popsize_spatial,n_N,statistic,typegroup,avg,pctile_l,pctile_u,p_stat_0.1_,p_stat_0.05_
GW_05.1_terr_S01,1,7,323,330040,323/330040,twosided_errmarg90,GW_05.1_terr_group1,0.0553121332449916,0.0287388956020292,0.0958009941404861,0.925362285132147,0.501607020567226
GW_05.1_terr_S01,1,7,323,330040,323/330040,twosided_errmarg90,GW_05.1_terr_group2,0.0505524120154798,0.0276000110604699,0.0818690971240181,0.963665495802568,0.549118566712014
GW_05.1_terr_S01,1,7,323,330040,323/330040,twosided_errmarg90,GW_05.1_terr_group3,0.0709528432826609,0.0403497772920523,0.110625960994587,0.838361316998329,0.240088372713341
GW_05.1_terr_S01,1,7,323,330040,323/330040,twosided_errmarg90,GW_05.1_terr_group4,0.189130474716906,0.137485494608519,0.242197155376061,0.0243350096693367,0.000841701747320845
GW_05.1_terr_S01,1,7,323,330040,323/330040,twosided_errmarg90,GW_05.1_terr_group5,0.221734216698076,0.132252789653515,0.306446001692566,0.04592320006871,0.00473709505609544
GW_05.1_terr_S02,1.2,7,323,330040,323/330040,twosided_errmarg90,GW_05.1_terr_group1,0.0536677780746675,0.0296608266212962,0.0937101049096939,0.926168352163874,0.55854252475391
GW_05.1_terr_S02,1.2,7,323,330040,323/330040,twosided_errmarg90,GW_05.1_terr_group2,0.0534514932011423,0.0288448049695827,0.0886298284289451,0.947459730543065,0.496749592591682
GW_05.1_terr_S02,1.2,7,323,330040,323/330040,twosided_errmarg90,GW_05.1_terr_group3,0.0722429710149466,0.0434496518299138,0.106473297017543,0.838384647302352,0.213761859142445
GW_05.1_terr_S02,1.2,7,323,330040,323/330040,twosided_errmarg90,GW_05.1_terr_group4,0.182202160817921,0.127680945285038,0.240063302556013,0.0318256910559115,0.000627593540741129
GW_05.1_terr_S02,1.2,7,323,330040,323/330040,twosided_errmarg90,GW_05.1_terr_group5,0.223820553449411,0.142497812733186,0.314390432874536,0.0328590380207182,0.00478823458022678
GW_05.1_terr_S03,1.5,7,323,330040,323/330040,twosided_errmarg90,GW_05.1_terr_group1,0.053596666915241,0.0292798296313168,0.0901192653144046,0.945442737990737,0.531197128736988
GW_05.1_terr_S03,1.5,7,323,330040,323/330040,twosided_errmarg90,GW_05.1_terr_group2,0.0523471076346767,0.0290847057344769,0.0888041557229593,0.951955890623293,0.548716406929946
GW_05.1_terr_S03,1.5,7,323,330040,323/330040,twosided_errmarg90,GW_05.1_terr_group3,0.0681266373932452,0.0417339273927998,0.103106935270801,0.871977017193641,0.268340932265094
GW_05.1_terr_S03,1.5,7,323,330040,323/330040,twosided_errmarg90,GW_05.1_terr_group4,0.183585471022918,0.129016330586395,0.244336266262039,0.0402566900618269,0.00357206269633061
GW_05.1_terr_S03,1.5,7,323,330040,323/330040,twosided_errmarg90,GW_05.1_terr_group5,0.225645014607197,0.143896418402916,0.31078252598768,0.0273467856782458,0.00203128665846176
GW_05.1_terr_S04,1,10,463,330040,463/330040,twosided_errmarg90,GW_05.1_terr_group1,0.0460035150114122,0.0259366031054495,0.0757070937324817,0.991705031899294,0.637736078656743
GW_05.1_terr_S04,1,10,463,330040,463/330040,twosided_errmarg90,GW_05.1_terr_group2,0.0446545112384984,0.026201201068799,0.0702675903213739,0.997000734683717,0.676372234782824
GW_05.1_terr_S04,1,10,463,330040,463/330040,twosided_errmarg90,GW_05.1_terr_group3,0.0572871466216494,0.0378986197628035,0.0808890520210072,0.982339131088415,0.376373643503148
GW_05.1_terr_S04,1,10,463,330040,463/330040,twosided_errmarg90,GW_05.1_terr_group4,0.1544424717687,0.118610898470173,0.19764906048729,0.0435838770600035,0.000771949329821839
GW_05.1_terr_S04,1,10,463,330040,463/330040,twosided_errmarg90,GW_05.1_terr_group5,0.193025954077868,0.134081393018279,0.256551981705545,0.0269003516897558,0.00100462142618432
GW_05.1_terr_S05,1.2,10,463,330040,463/330040,twosided_errmarg90,GW_05.1_terr_group1,0.0498027203283244,0.0297963164953936,0.0751655918629544,0.98678617464676,0.556745833049789
GW_05.1_terr_S05,1.2,10,463,330040,463/330040,twosided_errmarg90,GW_05.1_terr_group2,0.0460125523681323,0.0277051993422388,0.0723651567945674,0.994190286468429,0.648445962335861
GW_05.1_terr_S05,1.2,10,463,330040,463/330040,twosided_errmarg90,GW_05.1_terr_group3,0.0608465725475917,0.0407213180701519,0.0853934047969187,0.973909623185507,0.309930588709202
GW_05.1_terr_S05,1.2,10,463,330040,463/330040,twosided_errmarg90,GW_05.1_terr_group4,0.154766000136018,0.118464188087157,0.194655835431863,0.0373617689830009,0.00033334324849376
GW_05.1_terr_S05,1.2,10,463,330040,463/330040,twosided_errmarg90,GW_05.1_terr_group5,0.188288021183917,0.128359244913408,0.245550740426882,0.0405145679907211,0.00133857328924712
GW_05.1_terr_S06,1.5,10,463,330040,463/330040,twosided_errmarg90,GW_05.1_terr_group1,0.046435895516522,0.0266072828734224,0.0724986334716749,0.991952480380792,0.625506489540016
GW_05.1_terr_S06,1.5,10,463,330040,463/330040,twosided_errmarg90,GW_05.1_terr_group2,0.044163208404505,0.0255264340800213,0.0687397475821715,0.997820942815424,0.655639639163899
GW_05.1_terr_S06,1.5,10,463,330040,463/330040,twosided_errmarg90,GW_05.1_terr_group3,0.0581564590225766,0.0376823709579075,0.0823588183292278,0.979847360314471,0.366604271335164
GW_05.1_terr_S06,1.5,10,463,330040,463/330040,twosided_errmarg90,GW_05.1_terr_group4,0.156913794098176,0.11868045869916,0.194693134866736,0.0418362794477812,0.000185876439573769
GW_05.1_terr_S06,1.5,10,463,330040,463/330040,twosided_errmarg90,GW_05.1_terr_group5,0.190928195416942,0.137314714422786,0.249683135977028,0.0252380222429767,0.000567086571777567
GW_05.1_terr_S07,1,14,632,330040,632/330040,twosided_errmarg90,GW_05.1_terr_group1,0.0396292340241037,0.0243113460610616,0.0590561395963109,0.999962391700555,0.770312514673093
GW_05.1_terr_S07,1,14,632,330040,632/330040,twosided_errmarg90,GW_05.1_terr_group2,0.0381900909634332,0.0239786251231379,0.0565652943032036,0.999991116786381,0.805730811578103
GW_05.1_terr_S07,1,14,632,330040,632/330040,twosided_errmarg90,GW_05.1_terr_group3,0.0512218751781143,0.0352498723406705,0.0697395787587868,0.99797922356889,0.484408767665296
GW_05.1_terr_S07,1,14,632,330040,632/330040,twosided_errmarg90,GW_05.1_terr_group4,0.134134822438717,0.107296689943869,0.161614255484163,0.0796310890824205,0.0000265055667701934
GW_05.1_terr_S07,1,14,632,330040,632/330040,twosided_errmarg90,GW_05.1_terr_group5,0.163825667829179,0.11826895910942,0.208565423975254,0.0481064674618211,0.000371409576014632
GW_05.1_terr_S08,1.2,14,632,330040,632/330040,twosided_errmarg90,GW_05.1_terr_group1,0.0384957220496667,0.0244263696343867,0.0566587615808468,0.999998753660329,0.809502496752039
GW_05.1_terr_S08,1.2,14,632,330040,632/330040,twosided_errmarg90,GW_05.1_terr_group2,0.037083888089683,0.0233245820409913,0.0558070796431063,0.999999828410345,0.838313626259316
GW_05.1_terr_S08,1.2,14,632,330040,632/330040,twosided_errmarg90,GW_05.1_terr_group3,0.0517664469194636,0.0365071408929894,0.0686449335064608,0.999567749783149,0.465725396885352
GW_05.1_terr_S08,1.2,14,632,330040,632/330040,twosided_errmarg90,GW_05.1_terr_group4,0.135920517832542,0.109441425985963,0.165534563508072,0.0548379361520039,0.000122118838922288
GW_05.1_terr_S08,1.2,14,632,330040,632/330040,twosided_errmarg90,GW_05.1_terr_group5,0.164235922655658,0.121673255563357,0.205977548429822,0.0401773914524002,0.00131119290682165
GW_05.1_terr_S09,1.5,14,632,330040,632/330040,twosided_errmarg90,GW_05.1_terr_group1,0.0399061803844626,0.0247107428149205,0.0601356820420742,0.999985419458442,0.767581158416533
GW_05.1_terr_S09,1.5,14,632,330040,632/330040,twosided_errmarg90,GW_05.1_terr_group2,0.0385621915203081,0.0238171461294108,0.0573769000997295,0.999803915871703,0.796189581048143
GW_05.1_terr_S09,1.5,14,632,330040,632/330040,twosided_errmarg90,GW_05.1_terr_group3,0.0515606192244936,0.0361135556694383,0.0686554304732114,0.999520713456829,0.479614593828375
GW_05.1_terr_S09,1.5,14,632,330040,632/330040,twosided_errmarg90,GW_05.1_terr_group4,0.13356628112266,0.10493226230396,0.164674866551379,0.0836018118037798,0.0000535000717932158
GW_05.1_terr_S09,1.5,14,632,330040,632/330040,twosided_errmarg90,GW_05.1_terr_group5,0.16451289176896,0.121041237769445,0.209239986673987,0.0352559848845636,0.000718853657384781
GW_05.1_terr_S10,1,20,885,330040,885/330040,twosided_errmarg90,GW_05.1_terr_group1,0.0351975720517637,0.0232623625501756,0.0513611912818159,0.999998487833778,0.891900600863734
GW_05.1_terr_S10,1,20,885,330040,885/330040,twosided_errmarg90,GW_05.1_terr_group2,0.0333411680179945,0.0226186798013799,0.044881777970202,0.999999999999998,0.951805723338585
GW_05.1_terr_S10,1,20,885,330040,885/330040,twosided_errmarg90,GW_05.1_terr_group3,0.0431332809479744,0.0316170217813957,0.0543084661092589,0.999999999998398,0.765169711225295
GW_05.1_terr_S10,1,20,885,330040,885/330040,twosided_errmarg90,GW_05.1_terr_group4,0.112677889779931,0.0927699415879993,0.133076151906423,0.204204505146214,0.000550732399657671
GW_05.1_terr_S10,1,20,885,330040,885/330040,twosided_errmarg90,GW_05.1_terr_group5,0.137110379484148,0.108814672368031,0.165116238803559,0.0855611223098897,0.000575232392634524
GW_05.1_terr_S11,1.2,20,885,330040,885/330040,twosided_errmarg90,GW_05.1_terr_group1,0.035087284680419,0.0242158321892933,0.0501303754161999,0.999999999997925,0.902772262748555
GW_05.1_terr_S11,1.2,20,885,330040,885/330040,twosided_errmarg90,GW_05.1_terr_group2,0.0328724382576323,0.0227809735343892,0.0462800000734893,1,0.945015026002181
GW_05.1_terr_S11,1.2,20,885,330040,885/330040,twosided_errmarg90,GW_05.1_terr_group3,0.0428373651305221,0.0322404253143802,0.0544856780196307,0.999999999998006,0.785290953138532
GW_05.1_terr_S11,1.2,20,885,330040,885/330040,twosided_errmarg90,GW_05.1_terr_group4,0.112133058932897,0.0920440396252179,0.131593429368881,0.238503547865667,0.00000882641653979176
GW_05.1_terr_S11,1.2,20,885,330040,885/330040,twosided_errmarg90,GW_05.1_terr_group5,0.138663362813997,0.104116242355273,0.16890255384697,0.0811991715021841,0.000554975307049755
GW_05.1_terr_S12,1.5,20,885,330040,885/330040,twosided_errmarg90,GW_05.1_terr_group1,0.0345321881914264,0.0230271275301262,0.048663872726325,0.999999999987241,0.910300039458686
GW_05.1_terr_S12,1.5,20,885,330040,885/330040,twosided_errmarg90,GW_05.1_terr_group2,0.0321940294986707,0.0215646736310959,0.0442958445635505,1,0.95892747087869
GW_05.1_terr_S12,1.5,20,885,330040,885/330040,twosided_errmarg90,GW_05.1_terr_group3,0.0444013146804344,0.0322485108700686,0.0578062274483184,0.999999789142086,0.699906794897821
GW_05.1_terr_S12,1.5,20,885,330040,885/330040,twosided_errmarg90,GW_05.1_terr_group4,0.112693835061079,0.0931566481704926,0.131133518702142,0.203757395776711,0.0000242980224953031
GW_05.1_terr_S12,1.5,20,885,330040,885/330040,twosided_errmarg90,GW_05.1_terr_group5,0.138593780724005,0.109308751137697,0.168491041305697,0.0612696516736502,0.000238980505062455
GW_05.1_terr_S13,1,40,1699,330040,1699/330040,twosided_errmarg90,GW_05.1_terr_group1,0.0243178377691567,0.0181661866827047,0.0302973269827816,1,0.999999956355601
GW_05.1_terr_S13,1,40,1699,330040,1699/330040,twosided_errmarg90,GW_05.1_terr_group2,0.0235187158026435,0.0171631447202372,0.0300510477394199,1,0.999999741832094
GW_05.1_terr_S13,1,40,1699,330040,1699/330040,twosided_errmarg90,GW_05.1_terr_group3,0.0307050138659415,0.0253356647941736,0.0369428743840273,1,0.999969717683733
GW_05.1_terr_S13,1,40,1699,330040,1699/330040,twosided_errmarg90,GW_05.1_terr_group4,0.0798471774238436,0.0703434921180735,0.0885466942050945,0.992027198359996,0.0000215535427857334
GW_05.1_terr_S13,1,40,1699,330040,1699/330040,twosided_errmarg90,GW_05.1_terr_group5,0.0963739631913329,0.0821027594852167,0.111205875589771,0.627162824496354,0.0000278440648008145
GW_05.1_terr_S14,1.2,40,1699,330040,1699/330040,twosided_errmarg90,GW_05.1_terr_group1,0.0245594953981506,0.0189176276174208,0.0308227070834243,1,0.999997463136161
GW_05.1_terr_S14,1.2,40,1699,330040,1699/330040,twosided_errmarg90,GW_05.1_terr_group2,0.0233444437957845,0.018041715505631,0.0295052294367644,1,0.999999996034235
GW_05.1_terr_S14,1.2,40,1699,330040,1699/330040,twosided_errmarg90,GW_05.1_terr_group3,0.0309629807994177,0.0249145659810853,0.0369888096475666,1,0.99855565965943
GW_05.1_terr_S14,1.2,40,1699,330040,1699/330040,twosided_errmarg90,GW_05.1_terr_group4,0.0796899347058802,0.0696903610817628,0.0895605148940549,0.988159595529912,0.000367109033298631
GW_05.1_terr_S14,1.2,40,1699,330040,1699/330040,twosided_errmarg90,GW_05.1_terr_group5,0.0959696944722495,0.0807191961799991,0.110341820602557,0.622542004678339,0.0000138070020364028
GW_05.1_terr_S15,1.5,40,1699,330040,1699/330040,twosided_errmarg90,GW_05.1_terr_group1,0.0245569547744153,0.0176666175216496,0.0313209560652081,1,0.999995702472935
GW_05.1_terr_S15,1.5,40,1699,330040,1699/330040,twosided_errmarg90,GW_05.1_terr_group2,0.0235180525176397,0.018074793097026,0.0303938591697009,1,0.999993783238058
GW_05.1_terr_S15,1.5,40,1699,330040,1699/330040,twosided_errmarg90,GW_05.1_terr_group3,0.0311340658793953,0.0250891666034051,0.0376854728384825,1,0.997412455811309
GW_05.1_terr_S15,1.5,40,1699,330040,1699/330040,twosided_errmarg90,GW_05.1_terr_group4,0.0797015957047226,0.0694093474672005,0.0891269861329173,0.987150982489479,0.000139389111802181
GW_05.1_terr_S15,1.5,40,1699,330040,1699/330040,twosided_errmarg90,GW_05.1_terr_group5,0.0975169062804583,0.0823036213660946,0.112616360464083,0.570511154414819,0.0000237740464955139
GW_05.1_terr_S01,1,7,323,330040,323/330040,twosided_errmarg90_rel,GW_05.1_terr_group1,0.354828561028681,0.245822691470173,0.501840118695339,0.00029918298855952,0.0000131330499391951
GW_05.1_terr_S01,1,7,323,330040,323/330040,twosided_errmarg90_rel,GW_05.1_terr_group2,0.359517536713686,0.268161109580829,0.471095134375324,0.000102729040558175,0.00000362347534712059
GW_05.1_terr_S01,1,7,323,330040,323/330040,twosided_errmarg90_rel,GW_05.1_terr_group3,0.334546817640727,0.25127812401162,0.426789483715276,0.000327436897864058,0.0000227427219891796
GW_05.1_terr_S01,1,7,323,330040,323/330040,twosided_errmarg90_rel,GW_05.1_terr_group4,0.265631469450987,0.215897815292731,0.32211123030405,0.000123353862789555,0.00000119679365836939
GW_05.1_terr_S01,1,7,323,330040,323/330040,twosided_errmarg90_rel,GW_05.1_terr_group5,0.303911806602108,0.227449979985156,0.382114506674105,0.000297102404838556,0.00000462058582826079
GW_05.1_terr_S02,1.2,7,323,330040,323/330040,twosided_errmarg90_rel,GW_05.1_terr_group1,0.344725254566196,0.243125478609045,0.493581679537969,0.00125364257044081,0.000130635779919109
GW_05.1_terr_S02,1.2,7,323,330040,323/330040,twosided_errmarg90_rel,GW_05.1_terr_group2,0.363344894853577,0.26662492978659,0.482111827586932,0.000228035237116418,0.0000129158564709849
GW_05.1_terr_S02,1.2,7,323,330040,323/330040,twosided_errmarg90_rel,GW_05.1_terr_group3,0.333283964695468,0.256319964074636,0.42689245277244,0.0000654560558647077,0.00000156779068338202
GW_05.1_terr_S02,1.2,7,323,330040,323/330040,twosided_errmarg90_rel,GW_05.1_terr_group4,0.251379905619819,0.203813966883629,0.300099522447136,0.00000154848276309019,0.000000000106556628945179
GW_05.1_terr_S02,1.2,7,323,330040,323/330040,twosided_errmarg90_rel,GW_05.1_terr_group5,0.295755406297061,0.223669783784052,0.37901527635264,0.000785806377681885,0.0000473766239968055
GW_05.1_terr_S03,1.5,7,323,330040,323/330040,twosided_errmarg90_rel,GW_05.1_terr_group1,0.333193845621729,0.241010804350449,0.476668127893444,0.000545647667874246,0.000057627031223906
GW_05.1_terr_S03,1.5,7,323,330040,323/330040,twosided_errmarg90_rel,GW_05.1_terr_group2,0.357675179195506,0.272821306424189,0.481968108025496,0.000200828451084388,0.0000168748516132738
GW_05.1_terr_S03,1.5,7,323,330040,323/330040,twosided_errmarg90_rel,GW_05.1_terr_group3,0.312470696517164,0.241737492237432,0.405693872742353,0.0000212278689960186,0.000000156544139929586
GW_05.1_terr_S03,1.5,7,323,330040,323/330040,twosided_errmarg90_rel,GW_05.1_terr_group4,0.241745862562562,0.192509652491876,0.291744820151363,0.000639362962914031,0.0000057676671968359
GW_05.1_terr_S03,1.5,7,323,330040,323/330040,twosided_errmarg90_rel,GW_05.1_terr_group5,0.281969920285701,0.210635449277918,0.358661073144938,0.000545525530256378,0.0000177193303239762
GW_05.1_terr_S04,1,10,463,330040,463/330040,twosided_errmarg90_rel,GW_05.1_terr_group1,0.303608060361828,0.218722083164173,0.416305357649545,0.00205250829911176,0.000307840661929304
GW_05.1_terr_S04,1,10,463,330040,463/330040,twosided_errmarg90_rel,GW_05.1_terr_group2,0.319393361086929,0.242082886434918,0.413350537574867,0.000383924384121656,0.000030605514170585
GW_05.1_terr_S04,1,10,463,330040,463/330040,twosided_errmarg90_rel,GW_05.1_terr_group3,0.281077821915583,0.225547940541994,0.343218454353079,0.0000577970435385693,0.000000285367349211576
GW_05.1_terr_S04,1,10,463,330040,463/330040,twosided_errmarg90_rel,GW_05.1_terr_group4,0.218531597281892,0.182616107472806,0.253404635260252,0.0000331320680713576,0.0000000171109113374172
GW_05.1_terr_S04,1,10,463,330040,463/330040,twosided_errmarg90_rel,GW_05.1_terr_group5,0.263622932008397,0.210342937351119,0.321929079380973,0.000335566082798476,0.00000733629739618669
GW_05.1_terr_S05,1.2,10,463,330040,463/330040,twosided_errmarg90_rel,GW_05.1_terr_group1,0.309314470843495,0.230571281887952,0.412198132931497,0.000207023522515324,0.00000241240186431149
GW_05.1_terr_S05,1.2,10,463,330040,463/330040,twosided_errmarg90_rel,GW_05.1_terr_group2,0.320038195583864,0.240522307289273,0.42231072601919,0.000141638035403088,0.00000688010815129459
GW_05.1_terr_S05,1.2,10,463,330040,463/330040,twosided_errmarg90_rel,GW_05.1_terr_group3,0.276638470649005,0.218299018558093,0.336657192626147,0.0000159220571809251,0.0000000223072545962774
GW_05.1_terr_S05,1.2,10,463,330040,463/330040,twosided_errmarg90_rel,GW_05.1_terr_group4,0.214974388335824,0.181579661822954,0.249849233288254,0.0000262653790971311,0.000000000577621181123916
GW_05.1_terr_S05,1.2,10,463,330040,463/330040,twosided_errmarg90_rel,GW_05.1_terr_group5,0.251930032578028,0.195090341566752,0.314057097071212,0.000574300707857484,0.00000381960475851453
GW_05.1_terr_S06,1.5,10,463,330040,463/330040,twosided_errmarg90_rel,GW_05.1_terr_group1,0.292951277697561,0.211554123251344,0.398717799995217,0.00105961987086,0.0000766012696197994
GW_05.1_terr_S06,1.5,10,463,330040,463/330040,twosided_errmarg90_rel,GW_05.1_terr_group2,0.304494639233761,0.225970227527894,0.406031454938203,0.000377162643236337,0.0000130121521286721
GW_05.1_terr_S06,1.5,10,463,330040,463/330040,twosided_errmarg90_rel,GW_05.1_terr_group3,0.267444790369961,0.21182262703674,0.330806417832169,0.000291467940691254,0.00000707720137288501
GW_05.1_terr_S06,1.5,10,463,330040,463/330040,twosided_errmarg90_rel,GW_05.1_terr_group4,0.206490078647075,0.175306663299984,0.238611500863156,0.00000174250928685724,0.00000000000000497678041449711
GW_05.1_terr_S06,1.5,10,463,330040,463/330040,twosided_errmarg90_rel,GW_05.1_terr_group5,0.240637221237529,0.191695423721745,0.294333746748305,0.000756956422799936,0.00000744939652061947
GW_05.1_terr_S07,1,14,632,330040,632/330040,twosided_errmarg90_rel,GW_05.1_terr_group1,0.259146246315126,0.196447888525307,0.334330240225915,0.00105970614875539,0.0000448299584369526
GW_05.1_terr_S07,1,14,632,330040,632/330040,twosided_errmarg90_rel,GW_05.1_terr_group2,0.276657869290695,0.212610776598836,0.361279404692052,0.000330228440769258,0.00000561764700458912
GW_05.1_terr_S07,1,14,632,330040,632/330040,twosided_errmarg90_rel,GW_05.1_terr_group3,0.24082087622512,0.196142401283275,0.289805875728044,0.000033718576770751,0.0000000283128199872433
GW_05.1_terr_S07,1,14,632,330040,632/330040,twosided_errmarg90_rel,GW_05.1_terr_group4,0.191900377951866,0.165152352076044,0.22001316148558,0.0000253250910094914,0.0000000000424725001483497
GW_05.1_terr_S07,1,14,632,330040,632/330040,twosided_errmarg90_rel,GW_05.1_terr_group5,0.224778658187265,0.183771058187854,0.26272846594097,0.000493588539032978,0.0000036693110649873
GW_05.1_terr_S08,1.2,14,632,330040,632/330040,twosided_errmarg90_rel,GW_05.1_terr_group1,0.253456176180564,0.197337401953183,0.322941975203583,0.000110959431512853,0.000000587235923564591
GW_05.1_terr_S08,1.2,14,632,330040,632/330040,twosided_errmarg90_rel,GW_05.1_terr_group2,0.265045304698232,0.204570123661679,0.341730367918026,0.000212478443059714,0.00000145969446749162
GW_05.1_terr_S08,1.2,14,632,330040,632/330040,twosided_errmarg90_rel,GW_05.1_terr_group3,0.241131153154464,0.197223594993858,0.287243674604918,0.000281955962966417,0.00000260112518929818
GW_05.1_terr_S08,1.2,14,632,330040,632/330040,twosided_errmarg90_rel,GW_05.1_terr_group4,0.18885744477356,0.165926244353041,0.214837291419003,0.000000100418642028994,0.0000000000000000315052786402444
GW_05.1_terr_S08,1.2,14,632,330040,632/330040,twosided_errmarg90_rel,GW_05.1_terr_group5,0.216507684174193,0.181187135579312,0.254268232101868,0.000102773213455107,0.0000000000444873986377689
GW_05.1_terr_S09,1.5,14,632,330040,632/330040,twosided_errmarg90_rel,GW_05.1_terr_group1,0.250236650464197,0.190440200838674,0.327983222085296,0.000710337554534928,0.00000957626554962642
GW_05.1_terr_S09,1.5,14,632,330040,632/330040,twosided_errmarg90_rel,GW_05.1_terr_group2,0.265290483211391,0.201198412382965,0.337378481382425,0.0000791982990328317,0.000000249734002657179
GW_05.1_terr_S09,1.5,14,632,330040,632/330040,twosided_errmarg90_rel,GW_05.1_terr_group3,0.232574380981876,0.191303702655554,0.280776942628101,0.000048212856563123,0.000000036755420826752
GW_05.1_terr_S09,1.5,14,632,330040,632/330040,twosided_errmarg90_rel,GW_05.1_terr_group4,0.179037860395959,0.153831605770969,0.205327411329598,0.00000286864620124451,0.0000000000000000400741157449942
GW_05.1_terr_S09,1.5,14,632,330040,632/330040,twosided_errmarg90_rel,GW_05.1_terr_group5,0.209405664484602,0.173459662083668,0.245531757819021,0.00000434309483465721,0.00000000000272466401607761
GW_05.1_terr_S10,1,20,885,330040,885/330040,twosided_errmarg90_rel,GW_05.1_terr_group1,0.227086581793615,0.177127286893039,0.287192033079734,0.00276784489438645,0.000330156000196511
GW_05.1_terr_S10,1,20,885,330040,885/330040,twosided_errmarg90_rel,GW_05.1_terr_group2,0.23786762783779,0.189383005197739,0.287001986295965,0.0000584319999050903,0.0000000602528364737666
GW_05.1_terr_S10,1,20,885,330040,885/330040,twosided_errmarg90_rel,GW_05.1_terr_group3,0.205698438099511,0.173876874492411,0.236632731291321,0.00000140584175160452,0.0000000000000432854264854254
GW_05.1_terr_S10,1,20,885,330040,885/330040,twosided_errmarg90_rel,GW_05.1_terr_group4,0.160547621070246,0.142856008513724,0.179115485390721,0.0000798791853255189,0.0000000000210625578775136
GW_05.1_terr_S10,1,20,885,330040,885/330040,twosided_errmarg90_rel,GW_05.1_terr_group5,0.186934182116222,0.158465872428308,0.213421331286307,0.000057064971396197,0.000000000303060422013849
GW_05.1_terr_S11,1.2,20,885,330040,885/330040,twosided_errmarg90_rel,GW_05.1_terr_group1,0.222632148383516,0.177480882763574,0.279807113196569,0.000265319508161167,0.00000014200443305618
GW_05.1_terr_S11,1.2,20,885,330040,885/330040,twosided_errmarg90_rel,GW_05.1_terr_group2,0.232690860966829,0.18696123104515,0.288391276235015,0.000133746806175135,0.000000226766743670773
GW_05.1_terr_S11,1.2,20,885,330040,885/330040,twosided_errmarg90_rel,GW_05.1_terr_group3,0.202584787820663,0.173073731118112,0.231861743078321,0.00000615699436332097,0.00000000000142950856227902
GW_05.1_terr_S11,1.2,20,885,330040,885/330040,twosided_errmarg90_rel,GW_05.1_terr_group4,0.154316240265731,0.137802397799826,0.170107999642056,0.00000429609631031366,0.0000000000000000589900725703308
GW_05.1_terr_S11,1.2,20,885,330040,885/330040,twosided_errmarg90_rel,GW_05.1_terr_group5,0.182812039614462,0.153618213624325,0.21054168677934,0.000274861168293044,0.00000000684146896546641
GW_05.1_terr_S12,1.5,20,885,330040,885/330040,twosided_errmarg90_rel,GW_05.1_terr_group1,0.216040277201283,0.169383895473704,0.2719315275621,0.000453862389951787,0.000000332608320753582
GW_05.1_terr_S12,1.5,20,885,330040,885/330040,twosided_errmarg90_rel,GW_05.1_terr_group2,0.224446053397145,0.179682285183383,0.275873653361897,0.000113438603246832,0.0000000389696554360595
GW_05.1_terr_S12,1.5,20,885,330040,885/330040,twosided_errmarg90_rel,GW_05.1_terr_group3,0.200637594027321,0.166400148521898,0.234203358292151,0.0000710159033831563,0.00000000618887434133609
GW_05.1_terr_S12,1.5,20,885,330040,885/330040,twosided_errmarg90_rel,GW_05.1_terr_group4,0.149718365491841,0.134094981628731,0.165800811767121,0.00000632923194853632,0.0000000000000000598362736553774
GW_05.1_terr_S12,1.5,20,885,330040,885/330040,twosided_errmarg90_rel,GW_05.1_terr_group5,0.174172700504098,0.148614177461195,0.198222120792878,0.00000948060292937045,0.0000000000000140691751074346
GW_05.1_terr_S13,1,40,1699,330040,1699/330040,twosided_errmarg90_rel,GW_05.1_terr_group1,0.1621861426148,0.1347078784182,0.189990058169943,0.00415856151394713,0.0000209499119946616
GW_05.1_terr_S13,1,40,1699,330040,1699/330040,twosided_errmarg90_rel,GW_05.1_terr_group2,0.168549778755351,0.139269452145112,0.200125560218811,0.00199445637194369,0.000000295059243743806
GW_05.1_terr_S13,1,40,1699,330040,1699/330040,twosided_errmarg90_rel,GW_05.1_terr_group3,0.147433094932409,0.132514264712686,0.164501390027638,0.00000702263707335008,0.0000000000000000505904700109354
GW_05.1_terr_S13,1,40,1699,330040,1699/330040,twosided_errmarg90_rel,GW_05.1_terr_group4,0.113279923465579,0.104554046186317,0.121099800159927,0.0392037765132841,0.0000000000000000859010474154397
GW_05.1_terr_S13,1,40,1699,330040,1699/330040,twosided_errmarg90_rel,GW_05.1_terr_group5,0.132522450586849,0.119079373474756,0.14509848941742,0.0035154163339348,0.0000000000321219551378776
GW_05.1_terr_S14,1.2,40,1699,330040,1699/330040,twosided_errmarg90_rel,GW_05.1_terr_group1,0.159676051600589,0.135145565188488,0.186092595063504,0.00348432437924539,0.00000968836382428665
GW_05.1_terr_S14,1.2,40,1699,330040,1699/330040,twosided_errmarg90_rel,GW_05.1_terr_group2,0.166500896139494,0.141945691959522,0.194042999018157,0.000146087867876847,0.000000000000304814974029529
GW_05.1_terr_S14,1.2,40,1699,330040,1699/330040,twosided_errmarg90_rel,GW_05.1_terr_group3,0.14463561945561,0.127560672082178,0.161004906446779,0.000399916790501493,0.00000000000000118432856113949
GW_05.1_terr_S14,1.2,40,1699,330040,1699/330040,twosided_errmarg90_rel,GW_05.1_terr_group4,0.10986041909381,0.100976140108777,0.117571021627967,0.0958791810661224,0.000000000000000107745986236479
GW_05.1_terr_S14,1.2,40,1699,330040,1699/330040,twosided_errmarg90_rel,GW_05.1_terr_group5,0.128452424035473,0.114517560040542,0.140516500673316,0.00758823051963834,0.0000000000000733212517457317
GW_05.1_terr_S15,1.5,40,1699,330040,1699/330040,twosided_errmarg90_rel,GW_05.1_terr_group1,0.155076739937149,0.126439123280831,0.181983830951458,0.00662080399538667,0.000000185366847098402
GW_05.1_terr_S15,1.5,40,1699,330040,1699/330040,twosided_errmarg90_rel,GW_05.1_terr_group2,0.164149002895799,0.138472869706173,0.193497457698357,0.00147785732104824,0.000000147494707633079
GW_05.1_terr_S15,1.5,40,1699,330040,1699/330040,twosided_errmarg90_rel,GW_05.1_terr_group3,0.141615879688301,0.125620568879281,0.157730072564727,0.00106661693724747,0.000000000000269585805742224
GW_05.1_terr_S15,1.5,40,1699,330040,1699/330040,twosided_errmarg90_rel,GW_05.1_terr_group4,0.105263571780103,0.0974611303230467,0.113184971124091,0.218335058300136,0.000000000000000101408026285302
GW_05.1_terr_S15,1.5,40,1699,330040,1699/330040,twosided_errmarg90_rel,GW_05.1_terr_group5,0.12434717452527,0.112792619122701,0.135952969198081,0.00981372425098307,0.0000000000000000924669323130042
