scenario	trend_12yearly_multiplier	avg_nrlocs_pertype_infpop	total_n_finitepop_spatial	total_popsize_spatial	n_N	statistic	typegroup	avg	pctile_l	pctile_u	p_stat_0.1_	p_stat_0.05_
GW_05.1_terr_S01	1	7	311	330040	311/330040	twosided_errmarg90	GW_05.1_terr_group1	0.0673939108855195	0.0561685251639106	0.0786035231202468	0.999863377210536	0.0282691612506672
GW_05.1_terr_S01	1	7	311	330040	311/330040	twosided_errmarg90	GW_05.1_terr_group2	0.105940412865594	0.0669693240186975	0.177990692534187	0.555403133779313	0.0353070986214392
GW_05.1_terr_S01	1	7	311	330040	311/330040	twosided_errmarg90	GW_05.1_terr_group3	0.0787930660577112	0.0700718842325663	0.0882591227422631	0.992092219271484	0.0000192903516293868
GW_05.1_terr_S01	1	7	311	330040	311/330040	twosided_errmarg90	GW_05.1_terr_group4	0.148816466177118	0.11358355203666	0.193084303121669	0.0463852444176941	0.000462464479999364
GW_05.1_terr_S01	1	7	311	330040	311/330040	twosided_errmarg90	GW_05.1_terr_group5	0.115583958793296	0.0755432300260263	0.175555769086355	0.413010582512658	0.0215883261283504
GW_05.1_terr_S02	1.2	7	311	330040	311/330040	twosided_errmarg90	GW_05.1_terr_group1	0.0678074184340391	0.0585918709829229	0.0783194259654914	0.999869884947367	0.0125486481645073
GW_05.1_terr_S02	1.2	7	311	330040	311/330040	twosided_errmarg90	GW_05.1_terr_group2	0.105950251453286	0.0681981474286049	0.17170129962855	0.581468837616463	0.0205496465957701
GW_05.1_terr_S02	1.2	7	311	330040	311/330040	twosided_errmarg90	GW_05.1_terr_group3	0.078842045655674	0.0687453474886577	0.0894283926732512	0.993718377455948	0.000106423066761008
GW_05.1_terr_S02	1.2	7	311	330040	311/330040	twosided_errmarg90	GW_05.1_terr_group4	0.145940157703132	0.111777504772393	0.182047583670037	0.0486893573234115	0.0000877915281109053
GW_05.1_terr_S02	1.2	7	311	330040	311/330040	twosided_errmarg90	GW_05.1_terr_group5	0.121151717460602	0.0745807006210585	0.185910348355766	0.377821357628191	0.0262260717704871
GW_05.1_terr_S03	1.5	7	311	330040	311/330040	twosided_errmarg90	GW_05.1_terr_group1	0.0672056726135322	0.0556919247156656	0.0785176726327724	0.999748405623523	0.0282461274537433
GW_05.1_terr_S03	1.5	7	311	330040	311/330040	twosided_errmarg90	GW_05.1_terr_group2	0.102047166445535	0.0672151203553191	0.167880110281619	0.603489634746536	0.0224487741293563
GW_05.1_terr_S03	1.5	7	311	330040	311/330040	twosided_errmarg90	GW_05.1_terr_group3	0.079880105881401	0.0703985389326578	0.0904462203383026	0.988552370858989	0.0000759223059702465
GW_05.1_terr_S03	1.5	7	311	330040	311/330040	twosided_errmarg90	GW_05.1_terr_group4	0.144577911092775	0.111587595755433	0.183297855058551	0.0537180189560602	0.0000743753425045374
GW_05.1_terr_S03	1.5	7	311	330040	311/330040	twosided_errmarg90	GW_05.1_terr_group5	0.115935805389843	0.0723517739420578	0.176388502766067	0.419627298648099	0.0364832811537654
GW_05.1_terr_S04	1	10	434	330040	434/330040	twosided_errmarg90	GW_05.1_terr_group1	0.0527327509836641	0.0464352173997375	0.058917816895488	1	0.283150774333228
GW_05.1_terr_S04	1	10	434	330040	434/330040	twosided_errmarg90	GW_05.1_terr_group2	0.0842364427301407	0.0603568373273104	0.12382046856898	0.771225838510822	0.0496496013263684
GW_05.1_terr_S04	1	10	434	330040	434/330040	twosided_errmarg90	GW_05.1_terr_group3	0.0671671467282336	0.0607008062568941	0.0738859411591175	0.999999999890047	0.000679475303363812
GW_05.1_terr_S04	1	10	434	330040	434/330040	twosided_errmarg90	GW_05.1_terr_group4	0.131322872829894	0.100217379673289	0.166999658117141	0.120886025493499	0.00122705968090855
GW_05.1_terr_S04	1	10	434	330040	434/330040	twosided_errmarg90	GW_05.1_terr_group5	0.110265070619601	0.0623806250906329	0.178695573872219	0.469485274187432	0.0591299044778409
GW_05.1_terr_S05	1.2	10	434	330040	434/330040	twosided_errmarg90	GW_05.1_terr_group1	0.0541662891806131	0.0478636772337163	0.0607380149416152	0.999999999999986	0.22736472721798
GW_05.1_terr_S05	1.2	10	434	330040	434/330040	twosided_errmarg90	GW_05.1_terr_group2	0.0911584117152654	0.0629358152649305	0.129187128495701	0.699487249348289	0.0320868915098564
GW_05.1_terr_S05	1.2	10	434	330040	434/330040	twosided_errmarg90	GW_05.1_terr_group3	0.0681411818062052	0.0616858060025859	0.0749729383931925	0.999999999999111	0.00017396566657103
GW_05.1_terr_S05	1.2	10	434	330040	434/330040	twosided_errmarg90	GW_05.1_terr_group4	0.132497108493668	0.102165501845272	0.169400407460257	0.10563190437688	0.000072399428738762
GW_05.1_terr_S05	1.2	10	434	330040	434/330040	twosided_errmarg90	GW_05.1_terr_group5	0.110851711100362	0.062373815125964	0.1890652581579	0.502494694496109	0.0658088831396628
GW_05.1_terr_S06	1.5	10	434	330040	434/330040	twosided_errmarg90	GW_05.1_terr_group1	0.0542809237277611	0.0477924825275238	0.0606540252991918	1	0.212108026989074
GW_05.1_terr_S06	1.5	10	434	330040	434/330040	twosided_errmarg90	GW_05.1_terr_group2	0.0891380506573207	0.0618185457848211	0.126167548787649	0.705606577269698	0.0321290832253413
GW_05.1_terr_S06	1.5	10	434	330040	434/330040	twosided_errmarg90	GW_05.1_terr_group3	0.0688525945611275	0.0616550842134193	0.0759696543329794	0.999999997311457	0.00194168830317546
GW_05.1_terr_S06	1.5	10	434	330040	434/330040	twosided_errmarg90	GW_05.1_terr_group4	0.134053963360933	0.10403483263452	0.171171760164635	0.0934298959195551	0.000153483228841384
GW_05.1_terr_S06	1.5	10	434	330040	434/330040	twosided_errmarg90	GW_05.1_terr_group5	0.11168703308038	0.0698693911983114	0.17607866929158	0.452865021944092	0.0478388977107476
GW_05.1_terr_S07	1	14	592	330040	592/330040	twosided_errmarg90	GW_05.1_terr_group1	0.0457217628072112	0.040597092424354	0.050286736384169	1	0.877130896304013
GW_05.1_terr_S07	1	14	592	330040	592/330040	twosided_errmarg90	GW_05.1_terr_group2	0.0745184136391159	0.0539941921860107	0.101231029491799	0.899099232110561	0.0773294487571889
GW_05.1_terr_S07	1	14	592	330040	592/330040	twosided_errmarg90	GW_05.1_terr_group3	0.0574913708671852	0.0523209942034974	0.0629073394774053	1	0.041201575895951
GW_05.1_terr_S07	1	14	592	330040	592/330040	twosided_errmarg90	GW_05.1_terr_group4	0.111091959649551	0.091920120623214	0.13209004650201	0.259918763892282	0.00000556114063125806
GW_05.1_terr_S07	1	14	592	330040	592/330040	twosided_errmarg90	GW_05.1_terr_group5	0.0930422921644909	0.0603188266576979	0.128812545645839	0.60006852072053	0.0511451563787357
GW_05.1_terr_S08	1.2	14	592	330040	592/330040	twosided_errmarg90	GW_05.1_terr_group1	0.0464490344330702	0.0417017981530815	0.0510053995789285	1	0.839719357212449
GW_05.1_terr_S08	1.2	14	592	330040	592/330040	twosided_errmarg90	GW_05.1_terr_group2	0.076586362150222	0.0549093085075091	0.102920045620582	0.876052684733148	0.0688398040644095
GW_05.1_terr_S08	1.2	14	592	330040	592/330040	twosided_errmarg90	GW_05.1_terr_group3	0.0584438431118754	0.0535409902853958	0.0636710598923814	1	0.0256697888868251
GW_05.1_terr_S08	1.2	14	592	330040	592/330040	twosided_errmarg90	GW_05.1_terr_group4	0.110878981602262	0.0921092572633128	0.131729197501327	0.242896606512465	0.0000230339207231471
GW_05.1_terr_S08	1.2	14	592	330040	592/330040	twosided_errmarg90	GW_05.1_terr_group5	0.0947570621664553	0.0647536233026058	0.130471751355948	0.619035715100475	0.0299902326806377
GW_05.1_terr_S09	1.5	14	592	330040	592/330040	twosided_errmarg90	GW_05.1_terr_group1	0.0468609392123458	0.0423180612395742	0.0515686346929785	1	0.810136174929731
GW_05.1_terr_S09	1.5	14	592	330040	592/330040	twosided_errmarg90	GW_05.1_terr_group2	0.0764765372715754	0.0566529145184089	0.103149431907889	0.880482442341633	0.0466931957256986
GW_05.1_terr_S09	1.5	14	592	330040	592/330040	twosided_errmarg90	GW_05.1_terr_group3	0.0595214332152787	0.0540023533762121	0.0649401013145264	1	0.017628965522593
GW_05.1_terr_S09	1.5	14	592	330040	592/330040	twosided_errmarg90	GW_05.1_terr_group4	0.113475540311679	0.0936348135863233	0.136505867415933	0.215126123895014	0.0000247227865591718
GW_05.1_terr_S09	1.5	14	592	330040	592/330040	twosided_errmarg90	GW_05.1_terr_group5	0.0944406856880099	0.0656399753017379	0.126511868986838	0.622826876726564	0.0282818268417039
GW_05.1_terr_S10	1	20	832	330040	832/330040	twosided_errmarg90	GW_05.1_terr_group1	0.0389479995117192	0.0357314418562916	0.042093767344464	1	0.9999844111337
GW_05.1_terr_S10	1	20	832	330040	832/330040	twosided_errmarg90	GW_05.1_terr_group2	0.0622036451183889	0.0480984139139009	0.07978918458134	0.989905228135513	0.183113029387876
GW_05.1_terr_S10	1	20	832	330040	832/330040	twosided_errmarg90	GW_05.1_terr_group3	0.0475310057748153	0.0446294180709991	0.0505584720778135	1	0.845665581511823
GW_05.1_terr_S10	1	20	832	330040	832/330040	twosided_errmarg90	GW_05.1_terr_group4	0.0914053457109255	0.0794748748574687	0.102944856679555	0.817469878638624	0.0000357012739379741
GW_05.1_terr_S10	1	20	832	330040	832/330040	twosided_errmarg90	GW_05.1_terr_group5	0.0753678226131583	0.0569642514919692	0.0955574587365271	0.93275367344379	0.0381104282909431
GW_05.1_terr_S11	1.2	20	832	330040	832/330040	twosided_errmarg90	GW_05.1_terr_group1	0.0391733241578	0.0354359057221764	0.0427193940475281	1	0.999982785298303
GW_05.1_terr_S11	1.2	20	832	330040	832/330040	twosided_errmarg90	GW_05.1_terr_group2	0.0626214230987448	0.048636249238777	0.0813186834303615	0.986324834296785	0.164136406082661
GW_05.1_terr_S11	1.2	20	832	330040	832/330040	twosided_errmarg90	GW_05.1_terr_group3	0.0480572757376579	0.0448694850144402	0.051256985376036	1	0.782223925597668
GW_05.1_terr_S11	1.2	20	832	330040	832/330040	twosided_errmarg90	GW_05.1_terr_group4	0.091834207803563	0.0803563495978793	0.104846008514388	0.817269571637426	0.0000000208319268011563
GW_05.1_terr_S11	1.2	20	832	330040	832/330040	twosided_errmarg90	GW_05.1_terr_group5	0.0757966099613273	0.0576222211918419	0.0983129971443816	0.910836052657334	0.0427179319254847
GW_05.1_terr_S12	1.5	20	832	330040	832/330040	twosided_errmarg90	GW_05.1_terr_group1	0.0397416235899588	0.0365351963493944	0.0431346274191103	1	0.999634815072358
GW_05.1_terr_S12	1.5	20	832	330040	832/330040	twosided_errmarg90	GW_05.1_terr_group2	0.0639504182267078	0.0492363448302343	0.0804587128350455	0.995797763382763	0.120964892973533
GW_05.1_terr_S12	1.5	20	832	330040	832/330040	twosided_errmarg90	GW_05.1_terr_group3	0.0491585568081752	0.0461659013650026	0.0518508863892808	1	0.651743377153373
GW_05.1_terr_S12	1.5	20	832	330040	832/330040	twosided_errmarg90	GW_05.1_terr_group4	0.0929212494181866	0.0796950738352918	0.105569808305464	0.771846061901035	0.00000937106161157284
GW_05.1_terr_S12	1.5	20	832	330040	832/330040	twosided_errmarg90	GW_05.1_terr_group5	0.0760006066556299	0.0584584783956307	0.0958929591309068	0.938427233988447	0.0321548167683044
GW_05.1_terr_S13	1	40	1594	330040	1594/330040	twosided_errmarg90	GW_05.1_terr_group1	0.0274908416902436	0.0258730454033486	0.0289859910693324	1	1
GW_05.1_terr_S13	1	40	1594	330040	1594/330040	twosided_errmarg90	GW_05.1_terr_group2	0.0445591793971473	0.0368704667503994	0.0520554034644984	1	0.813593967968416
GW_05.1_terr_S13	1	40	1594	330040	1594/330040	twosided_errmarg90	GW_05.1_terr_group3	0.0335987901808081	0.0321285843491677	0.0351674589633754	1	1
GW_05.1_terr_S13	1	40	1594	330040	1594/330040	twosided_errmarg90	GW_05.1_terr_group4	0.0652242505478379	0.0599876680146071	0.0714506995897411	0.999999999999978	0.000317169059952688
GW_05.1_terr_S13	1	40	1594	330040	1594/330040	twosided_errmarg90	GW_05.1_terr_group5	0.054497686609155	0.0462892182947522	0.0643679713175001	0.999999999995573	0.280462419910968
GW_05.1_terr_S14	1.2	40	1594	330040	1594/330040	twosided_errmarg90	GW_05.1_terr_group1	0.0275864646321133	0.0259481608597689	0.0290043320885982	1	1
GW_05.1_terr_S14	1.2	40	1594	330040	1594/330040	twosided_errmarg90	GW_05.1_terr_group2	0.0451797895681797	0.0375399139155863	0.0533981647270909	0.999999999999999	0.763492771032802
GW_05.1_terr_S14	1.2	40	1594	330040	1594/330040	twosided_errmarg90	GW_05.1_terr_group3	0.0341738692475504	0.0326514834532377	0.0355801169228522	1	1
GW_05.1_terr_S14	1.2	40	1594	330040	1594/330040	twosided_errmarg90	GW_05.1_terr_group4	0.0656102048699363	0.0602865251409842	0.071872169670015	1	0.000339507461784144
GW_05.1_terr_S14	1.2	40	1594	330040	1594/330040	twosided_errmarg90	GW_05.1_terr_group5	0.0545123656014157	0.0454888953027217	0.0636289702886998	0.999999999994611	0.291868362504607
GW_05.1_terr_S15	1.5	40	1594	330040	1594/330040	twosided_errmarg90	GW_05.1_terr_group1	0.0278841097709483	0.0262337050515942	0.0293852134700058	1	1
GW_05.1_terr_S15	1.5	40	1594	330040	1594/330040	twosided_errmarg90	GW_05.1_terr_group2	0.0457321097895053	0.0381501540956195	0.0549710646322658	0.999999999836106	0.754989842584995
GW_05.1_terr_S15	1.5	40	1594	330040	1594/330040	twosided_errmarg90	GW_05.1_terr_group3	0.0348354131349913	0.0331529571945872	0.0363463449414724	1	1
GW_05.1_terr_S15	1.5	40	1594	330040	1594/330040	twosided_errmarg90	GW_05.1_terr_group4	0.0661456554591969	0.0607392731022856	0.0725748490543813	0.999999999999921	0.000126017698145645
GW_05.1_terr_S15	1.5	40	1594	330040	1594/330040	twosided_errmarg90	GW_05.1_terr_group5	0.054525745400615	0.0458493544957192	0.0649522497842559	0.999999925771959	0.29090506762119
GW_05.1_terr_S01	1	7	311	330040	311/330040	twosided_errmarg90_rel	GW_05.1_terr_group1	0.105669418446448	0.0876934106540246	0.123893824284833	0.35861409464074	0.0000529046974613289
GW_05.1_terr_S01	1	7	311	330040	311/330040	twosided_errmarg90_rel	GW_05.1_terr_group2	0.109240339938564	0.0679700465001617	0.183609336357014	0.531167882983937	0.0286359260051908
GW_05.1_terr_S01	1	7	311	330040	311/330040	twosided_errmarg90_rel	GW_05.1_terr_group3	0.0877468620214093	0.0763257218795245	0.100187153748904	0.902211907376548	0.0000212255214870965
GW_05.1_terr_S01	1	7	311	330040	311/330040	twosided_errmarg90_rel	GW_05.1_terr_group4	0.103872042679394	0.0770062250278953	0.137298621436779	0.483646177013859	0.00697593158324064
GW_05.1_terr_S01	1	7	311	330040	311/330040	twosided_errmarg90_rel	GW_05.1_terr_group5	0.109598549886062	0.0694500560461555	0.171103500283842	0.494257004993698	0.0337686733802277
GW_05.1_terr_S02	1.2	7	311	330040	311/330040	twosided_errmarg90_rel	GW_05.1_terr_group1	0.101171428424049	0.0855960729039663	0.118123977491601	0.484707004741344	0.0000309508310171588
GW_05.1_terr_S02	1.2	7	311	330040	311/330040	twosided_errmarg90_rel	GW_05.1_terr_group2	0.103699564459981	0.0659193624462031	0.170420280982509	0.604472355037151	0.025741734378244
GW_05.1_terr_S02	1.2	7	311	330040	311/330040	twosided_errmarg90_rel	GW_05.1_terr_group3	0.0830139310402712	0.0714213943427882	0.0953942677721027	0.954702759113363	0.000446771591363299
GW_05.1_terr_S02	1.2	7	311	330040	311/330040	twosided_errmarg90_rel	GW_05.1_terr_group4	0.0955609710866862	0.0732883301776857	0.119379208468727	0.596844075529874	0.00354711109174003
GW_05.1_terr_S02	1.2	7	311	330040	311/330040	twosided_errmarg90_rel	GW_05.1_terr_group5	0.108263406224357	0.0657580008012394	0.169360740715676	0.489638964069301	0.0438491577855546
GW_05.1_terr_S03	1.5	7	311	330040	311/330040	twosided_errmarg90_rel	GW_05.1_terr_group1	0.093541905971899	0.0777177257011915	0.110835765144208	0.729837498188637	0.00153561938431213
GW_05.1_terr_S03	1.5	7	311	330040	311/330040	twosided_errmarg90_rel	GW_05.1_terr_group2	0.0940275149142861	0.0601178756911124	0.154273144081735	0.68060296177698	0.048371099593305
GW_05.1_terr_S03	1.5	7	311	330040	311/330040	twosided_errmarg90_rel	GW_05.1_terr_group3	0.0791900748828511	0.068586513255782	0.0904754951851863	0.985313007974811	0.000438345965606979
GW_05.1_terr_S03	1.5	7	311	330040	311/330040	twosided_errmarg90_rel	GW_05.1_terr_group4	0.0881339255203013	0.0676594431370109	0.112393706719735	0.756021171391094	0.0117493752201222
GW_05.1_terr_S03	1.5	7	311	330040	311/330040	twosided_errmarg90_rel	GW_05.1_terr_group5	0.0973981816708958	0.0601602572532335	0.149779858613979	0.599742483172427	0.06625487747231
GW_05.1_terr_S04	1	10	434	330040	434/330040	twosided_errmarg90_rel	GW_05.1_terr_group1	0.0829913642935562	0.0721850292456617	0.0948254994245166	0.969649309827559	0.000627284734360367
GW_05.1_terr_S04	1	10	434	330040	434/330040	twosided_errmarg90_rel	GW_05.1_terr_group2	0.0870958362532072	0.0605000671418044	0.128775525969191	0.744079245866051	0.0485005330540861
GW_05.1_terr_S04	1	10	434	330040	434/330040	twosided_errmarg90_rel	GW_05.1_terr_group3	0.0747566171812528	0.0671013553363287	0.0828199669504892	0.999922485255447	0.000112978425711923
GW_05.1_terr_S04	1	10	434	330040	434/330040	twosided_errmarg90_rel	GW_05.1_terr_group4	0.0908517816532191	0.0681241957369828	0.116776002887072	0.688389008707496	0.0136047110984164
GW_05.1_terr_S04	1	10	434	330040	434/330040	twosided_errmarg90_rel	GW_05.1_terr_group5	0.104764519749242	0.0588337576862963	0.171451112929401	0.527603130841466	0.0752321389763322
GW_05.1_terr_S05	1.2	10	434	330040	434/330040	twosided_errmarg90_rel	GW_05.1_terr_group1	0.0803830231095036	0.0688930747339546	0.0911155519778593	0.986628998937138	0.0000819835706090839
GW_05.1_terr_S05	1.2	10	434	330040	434/330040	twosided_errmarg90_rel	GW_05.1_terr_group2	0.0891660966682882	0.0614900573535227	0.126511096142194	0.717662792800561	0.0396906951709041
GW_05.1_terr_S05	1.2	10	434	330040	434/330040	twosided_errmarg90_rel	GW_05.1_terr_group3	0.0720269681333765	0.0641747028146137	0.0800963585403338	0.999996252922683	0.000324305140866292
GW_05.1_terr_S05	1.2	10	434	330040	434/330040	twosided_errmarg90_rel	GW_05.1_terr_group4	0.0876449084774376	0.066696808754073	0.113950758648777	0.768393693191265	0.0124797442950111
GW_05.1_terr_S05	1.2	10	434	330040	434/330040	twosided_errmarg90_rel	GW_05.1_terr_group5	0.0994874293704059	0.0557386972371133	0.168804135291458	0.587362195283013	0.101007905308038
GW_05.1_terr_S06	1.5	10	434	330040	434/330040	twosided_errmarg90_rel	GW_05.1_terr_group1	0.0753682803092037	0.0655677039743408	0.0856201131927141	0.995520390712672	0.00105652117504642
GW_05.1_terr_S06	1.5	10	434	330040	434/330040	twosided_errmarg90_rel	GW_05.1_terr_group2	0.0814146097531949	0.0555550049724252	0.117379978008052	0.794620611153638	0.0684656150898067
GW_05.1_terr_S06	1.5	10	434	330040	434/330040	twosided_errmarg90_rel	GW_05.1_terr_group3	0.068056366745022	0.0598333836404041	0.0761334860133061	0.999991206389838	0.00331980987494382
GW_05.1_terr_S06	1.5	10	434	330040	434/330040	twosided_errmarg90_rel	GW_05.1_terr_group4	0.0819586538393547	0.0637326085821958	0.104729988883371	0.849399109246625	0.0173383065263435
GW_05.1_terr_S06	1.5	10	434	330040	434/330040	twosided_errmarg90_rel	GW_05.1_terr_group5	0.0930892386147575	0.0574862602651322	0.147816963423676	0.625116670105162	0.0997859244363522
GW_05.1_terr_S07	1	14	592	330040	592/330040	twosided_errmarg90_rel	GW_05.1_terr_group1	0.0717634556200193	0.0631413490027817	0.0796713033244973	0.999997779438274	0.00127094574651817
GW_05.1_terr_S07	1	14	592	330040	592/330040	twosided_errmarg90_rel	GW_05.1_terr_group2	0.0769835493819085	0.0551759836441099	0.105899622976035	0.868115167487428	0.0728171144733493
GW_05.1_terr_S07	1	14	592	330040	592/330040	twosided_errmarg90_rel	GW_05.1_terr_group3	0.0637365407067379	0.0568432868983215	0.0701991293582943	0.999999999999851	0.00652045343323912
GW_05.1_terr_S07	1	14	592	330040	592/330040	twosided_errmarg90_rel	GW_05.1_terr_group4	0.0765055851645396	0.061898347179712	0.0929407596776464	0.960979979633847	0.00672926090681733
GW_05.1_terr_S07	1	14	592	330040	592/330040	twosided_errmarg90_rel	GW_05.1_terr_group5	0.0879281839654054	0.0558563450442103	0.122170244870458	0.6684844540747	0.0763353720930442
GW_05.1_terr_S08	1.2	14	592	330040	592/330040	twosided_errmarg90_rel	GW_05.1_terr_group1	0.0688841851436668	0.0611140475411815	0.0767425197828741	0.999999826413261	0.00225689439910848
GW_05.1_terr_S08	1.2	14	592	330040	592/330040	twosided_errmarg90_rel	GW_05.1_terr_group2	0.0754510370494318	0.0541246941610002	0.101956715432756	0.883991752900507	0.076851824529682
GW_05.1_terr_S08	1.2	14	592	330040	592/330040	twosided_errmarg90_rel	GW_05.1_terr_group3	0.061350183688916	0.0554060044677094	0.0674898133776397	1	0.00968536359369711
GW_05.1_terr_S08	1.2	14	592	330040	592/330040	twosided_errmarg90_rel	GW_05.1_terr_group4	0.0729200586991369	0.0590226621239129	0.0884968894485254	0.987454310666862	0.0190208363374994
GW_05.1_terr_S08	1.2	14	592	330040	592/330040	twosided_errmarg90_rel	GW_05.1_terr_group5	0.0850204427743859	0.0572711794739658	0.118760861045567	0.743330789455736	0.0614403503441219
GW_05.1_terr_S09	1.5	14	592	330040	592/330040	twosided_errmarg90_rel	GW_05.1_terr_group1	0.0651945752254777	0.0585901813412242	0.0728428740410111	0.999999999968071	0.00275405044515834
GW_05.1_terr_S09	1.5	14	592	330040	592/330040	twosided_errmarg90_rel	GW_05.1_terr_group2	0.0700789553404244	0.0517271887064592	0.0945525677554677	0.934016224301663	0.107154019381157
GW_05.1_terr_S09	1.5	14	592	330040	592/330040	twosided_errmarg90_rel	GW_05.1_terr_group3	0.0588348599014348	0.0531116382495278	0.0649472746319805	1	0.0287502025576692
GW_05.1_terr_S09	1.5	14	592	330040	592/330040	twosided_errmarg90_rel	GW_05.1_terr_group4	0.0694402411279795	0.0566597523285271	0.0849021082552656	0.989143706250774	0.0325800704922545
GW_05.1_terr_S09	1.5	14	592	330040	592/330040	twosided_errmarg90_rel	GW_05.1_terr_group5	0.0796511964177606	0.0549467204833528	0.107641718486779	0.831334530467249	0.0719101574505999
GW_05.1_terr_S10	1	20	832	330040	832/330040	twosided_errmarg90_rel	GW_05.1_terr_group1	0.0610150990709998	0.0555771723674555	0.0667002966575036	1	0.00529974211636553
GW_05.1_terr_S10	1	20	832	330040	832/330040	twosided_errmarg90_rel	GW_05.1_terr_group2	0.0645537805069956	0.0492007965285177	0.0839695270913992	0.980794027550032	0.15506393016793
GW_05.1_terr_S10	1	20	832	330040	832/330040	twosided_errmarg90_rel	GW_05.1_terr_group3	0.0527356167144355	0.0486604559655928	0.0567379672920195	1	0.220838700626675
GW_05.1_terr_S10	1	20	832	330040	832/330040	twosided_errmarg90_rel	GW_05.1_terr_group4	0.0631351107160764	0.0541352826442821	0.073016444414317	0.999999998297081	0.0345832569553935
GW_05.1_terr_S10	1	20	832	330040	832/330040	twosided_errmarg90_rel	GW_05.1_terr_group5	0.0713298175839242	0.0536872715994392	0.0901017879055311	0.959847979315426	0.0745341871930846
GW_05.1_terr_S11	1.2	20	832	330040	832/330040	twosided_errmarg90_rel	GW_05.1_terr_group1	0.058435426546595	0.0527188228438837	0.0641897621146906	1	0.0464926459759113
GW_05.1_terr_S11	1.2	20	832	330040	832/330040	twosided_errmarg90_rel	GW_05.1_terr_group2	0.0613610261472633	0.0476914389354414	0.0795855507991151	0.992326407642276	0.201259216888743
GW_05.1_terr_S11	1.2	20	832	330040	832/330040	twosided_errmarg90_rel	GW_05.1_terr_group3	0.0508683384572995	0.0469635128157451	0.0549109863972303	1	0.41576610489077
GW_05.1_terr_S11	1.2	20	832	330040	832/330040	twosided_errmarg90_rel	GW_05.1_terr_group4	0.0597917063861288	0.0515627418693525	0.0689942077664959	0.999999999893551	0.0680344995686386
GW_05.1_terr_S11	1.2	20	832	330040	832/330040	twosided_errmarg90_rel	GW_05.1_terr_group5	0.0677916209029213	0.0505094719304103	0.0882234083731106	0.971789963736364	0.104770361798512
GW_05.1_terr_S12	1.5	20	832	330040	832/330040	twosided_errmarg90_rel	GW_05.1_terr_group1	0.0553565949733237	0.0503654261400821	0.0603747842522453	1	0.103896281555154
GW_05.1_terr_S12	1.5	20	832	330040	832/330040	twosided_errmarg90_rel	GW_05.1_terr_group2	0.0583518410203994	0.0444740897961554	0.073442968363599	0.999897519544633	0.24196762656023
GW_05.1_terr_S12	1.5	20	832	330040	832/330040	twosided_errmarg90_rel	GW_05.1_terr_group3	0.0486087224780405	0.045083240114099	0.052104775972668	1	0.713904904222825
GW_05.1_terr_S12	1.5	20	832	330040	832/330040	twosided_errmarg90_rel	GW_05.1_terr_group4	0.0571096359537439	0.0483641247409273	0.0654262600956053	0.999999999983716	0.164213973358945
GW_05.1_terr_S12	1.5	20	832	330040	832/330040	twosided_errmarg90_rel	GW_05.1_terr_group5	0.0633808042287343	0.04845160135505	0.080115228870579	0.992182102386949	0.159342915993159
GW_05.1_terr_S13	1	40	1594	330040	1594/330040	twosided_errmarg90_rel	GW_05.1_terr_group1	0.0431528691650667	0.0403092883821043	0.0456703234562416	1	0.993391576369297
GW_05.1_terr_S13	1	40	1594	330040	1594/330040	twosided_errmarg90_rel	GW_05.1_terr_group2	0.0459907200799856	0.0377773800548981	0.053789015428769	1	0.710271768139743
GW_05.1_terr_S13	1	40	1594	330040	1594/330040	twosided_errmarg90_rel	GW_05.1_terr_group3	0.0373506804790045	0.0354308989700821	0.0395617407644934	1	0.999999999999989
GW_05.1_terr_S13	1	40	1594	330040	1594/330040	twosided_errmarg90_rel	GW_05.1_terr_group4	0.0451376133045942	0.0413646299024784	0.0497859407504665	1	0.920960915752348
GW_05.1_terr_S13	1	40	1594	330040	1594/330040	twosided_errmarg90_rel	GW_05.1_terr_group5	0.0512809430422037	0.043219702554395	0.0607937186829596	0.999999999999924	0.456522298981192
GW_05.1_terr_S14	1.2	40	1594	330040	1594/330040	twosided_errmarg90_rel	GW_05.1_terr_group1	0.0409402237030398	0.0384176754587408	0.0432935917473552	1	0.999999996744077
GW_05.1_terr_S14	1.2	40	1594	330040	1594/330040	twosided_errmarg90_rel	GW_05.1_terr_group2	0.0443332777597839	0.036629271535046	0.0526864529327966	1	0.789079759974155
GW_05.1_terr_S14	1.2	40	1594	330040	1594/330040	twosided_errmarg90_rel	GW_05.1_terr_group3	0.0360966648482912	0.0341072818157591	0.0380785298865249	1	1
GW_05.1_terr_S14	1.2	40	1594	330040	1594/330040	twosided_errmarg90_rel	GW_05.1_terr_group4	0.0429344799967196	0.039074287912197	0.047384329567051	1	0.978522542226944
GW_05.1_terr_S14	1.2	40	1594	330040	1594/330040	twosided_errmarg90_rel	GW_05.1_terr_group5	0.04864368171728	0.0403688528031219	0.0570972100336436	1	0.58075574155072
GW_05.1_terr_S15	1.5	40	1594	330040	1594/330040	twosided_errmarg90_rel	GW_05.1_terr_group1	0.0387319686178842	0.0365114940511316	0.0408697429869769	1	0.999999999999878
GW_05.1_terr_S15	1.5	40	1594	330040	1594/330040	twosided_errmarg90_rel	GW_05.1_terr_group2	0.0418286811002841	0.0348568098374126	0.0504533158258457	0.999999999994971	0.889666332180836
GW_05.1_terr_S15	1.5	40	1594	330040	1594/330040	twosided_errmarg90_rel	GW_05.1_terr_group3	0.0343737285842486	0.0325411646923677	0.0361588745785537	1	1
GW_05.1_terr_S15	1.5	40	1594	330040	1594/330040	twosided_errmarg90_rel	GW_05.1_terr_group4	0.0406044773827203	0.0370575791712759	0.0445534847308022	1	0.998435920515519
GW_05.1_terr_S15	1.5	40	1594	330040	1594/330040	twosided_errmarg90_rel	GW_05.1_terr_group5	0.0456525376154342	0.0383077286083207	0.054822247636603	1	0.751858187502161
