name,xxh64sum
actseqs_actgroups_acts,d9272d9e9320eb77
cellnrs_replacement,9ae70a1dfaddb622
fag_fa,c130524775f5c328
fag_fa_stratum_grts_calendar,9be2fccd37b33f14
fag_grts_calendar_shortterm_attribs,aea6e6c100449522
fag_grts_calendar_shortterm_attribs_sf,d007a95212678a35
fag_stratum_grts_calendar,d42b5a49f122d4d7
fag_stratum_grts_calendar_shortterm_attribs,c53a15fd88e8fc8f
faseqs,5dc3f66af8bcf6cf
faseqs_fag_fa,1876b3ea0916c67f
fieldwork_shortterm_dates_prioritization_count,cd3d2f82b13f98da
fieldwork_shortterm_prioritization_by_stratum,1e331dc9727d63dd
fieldwork_shortterm_targetpanels_prioritization_count,e5b4737fb60d5df8
grts_mh,622aed5d7b990eb3
grts_mh_brick_lev3,96cf2b828aef333a
grts_mh_brick_lev3_index,9efacd826e1122bd
grts_mh_index,cc0093c9b3cdda04
hmt_pol_stratum_grts_cell_all_n2khab_collapsed_extended,b5c0e25dd38ea502
max_allowed_bboxdiag,11b6d55a5dc5d882
max_allowed_nrcells,1167eb56a3a6e222
max_insufficient_nrcells_level3,15620f138033a66c
min_nrcells_tosplit,cec58e759397b349
orthophoto_shortterm_cell_centers,01dd9aab4cfd572a
orthophoto_shortterm_cells,3b853d84cf769f9d
orthophoto_shortterm_type_grts,b623847f04d495d0
replacement_cell_rast,7a4fd593182389bd
scheme_moco_fa_fieldvar,f9a48c975615e676
scheme_moco_ps_stratum_targetpanel_spsamples,817feb2db77b8271
schemepstargetpanel_spsamples_terr,4fa70b5709aa47a1
stratum_schemepstargetpanel_spsamples,2885d7392ce41334
stratum_schemepstargetpanel_spsamples_terr_polygonreplacementcells,dc21564e1cb04b8a
stratum_schemepstargetpanel_spsamples_terr_replacementcells,688a7542e7e432d3
units_7220,c74c1989dd192fbd
units_cell_cellcenter,7ada6e5a9de5c97b
units_cell_polygon,9b18ef675f00e9c6
units_cell_polygon_attrib,6159b686f4ae4bd6
units_cell_polygon_stratum_attribs,e74d248696a19777
units_cell_rast,95bc85b595c92752
vbi_overlaps,e6d3cf523d1a89df
versions_required,b3b87d9e11f2c5fb
