polygon_id	date_sampling_latest
ANTANT0297	18981
ANTANT0315	18751
ANTANT0319	18407
ANTANT0383	18981
ANTARE0025	17666
ANTARE0200	16923
ANTARE0309	17666
ANTBAA0036	17294
ANTBAA0044	17666
ANTBAA0046	20432
ANTBAA0048	20432
ANTBAL0373	17673
ANTBAL0505	17673
ANTBAL0559	18064
ANTBAL0592	17673
ANTBAL0595	17673
ANTBAL0711	16377
ANTBAL0715	17673
ANTBCT0028	17315
ANTBCT0231	17315
ANTBCT0252	16944
ANTBCT0400	17826
ANTBCT0404	16944
ANTBCT0458	16944
ANTBCT0464	17315
ANTBCT0528	16944
ANTBCT0544	16944
ANTBCT0572	16364
ANTBCT0610	16595
ANTBCT0794	17826
ANTBON0239	17680
ANTBRM0350	18422
ANTBRM0421	16371
ANTBRS0068	16364
ANTBRS0178	18065
ANTBRS0179	18065
ANTBSE0061	16938
ANTBSE0132	18065
ANTBSE0159	18905
ANTBSE0161	18855
ANTBSE0165	16938
ANTBSE0215	16938
ANTBSE0227	16938
ANTBSE0314	18905
ANTBSE0334	17547
ANTBSE0335	16938
ANTBSE0336	16364
ANTBSE0338	16938
ANTBSE0399	18905
ANTBSE0401	17827
ANTDES0075	16377
ANTESS0009	17674
ANTESS0062	17674
ANTGEE0046	19569
ANTGEE0069	17680
ANTGEE0105	16378
ANTGEE0107	17674
ANTGEE0126	17674
ANTGEE0193	17674
ANTGEE0305	17315
ANTGEE0854	18050
ANTGEE0889	19592
ANTGEE1126	17561
ANTHEI0549	16769
ANTHGS0010	18065
ANTHGS0029	18065
ANTHGS0196	17316
ANTHGS0465	17316
ANTHGS0496	17274
ANTHGS0569	18050
ANTHGS0622	17316
ANTHST0089	16370
ANTHST0141	19569
ANTHST0346	16930
ANTHST0414	16930
ANTHST0458	19569
ANTHST0460	16370
ANTHST0479	17680
ANTHST0507	16370
ANTHST0508	19569
ANTHST0665	16930
ANTHTS0090	17680
ANTHTS0097	17680
ANTHTS0151	16931
ANTHUL0132	16371
ANTHUL0218	18064
ANTHUL0219	16371
ANTHUL0273	16769
ANTHUL0276	16371
ANTKAL0001	19891
ANTKAL0004	20173
ANTKAL0011	20182
ANTKAL0019	20173
ANTKAL0021	19891
ANTKAL0057	19436
ANTKAL0093	19436
ANTKAL0123	20181
ANTKAL0126	19436
ANTKAL0217	19891
ANTKAL0232	19436
ANTKAL0233	19436
ANTKAL0235	20432
ANTKAL0247	19436
ANTKAL0248	19436
ANTKAL0249	19436
ANTKAL0250	19436
ANTKAL0253	19436
ANTKAL0255	19436
ANTKAL0257	19436
ANTKAL0258	19436
ANTKAL0259	19436
ANTKAL0260	19436
ANTKAL0267	19436
ANTKAL0269	17674
ANTKAL0276	20181
ANTKAL0279	19667
ANTKAL0284	20182
ANTKAL0288	20173
ANTKAL0289	20182
ANTKAL0306	20182
ANTKAL0309	20182
ANTKAL0330	20174
ANTKAL0344	19891
ANTKAL0345	17260
ANTKAL0350	20182
ANTKAL0356	20173
ANTKAL0383	20173
ANTKAL0384	20181
ANTKAL0385	20174
ANTKAL0386	20181
ANTKAL0387	20174
ANTKAL0478	19891
ANTKAL0482	19891
ANTKAL0483	19891
ANTKAL0492	20181
ANTKAP0220	16601
ANTKAS0008	17301
ANTKAS0017	16931
ANTKAS0030	17301
ANTKAS0033	17301
ANTKAS0098	20381
ANTKAS0119	20381
ANTKAS0150	20381
ANTKAS0151	20381
ANTKAS0191	20222
ANTKAS0194	20381
ANTKAS0213	17295
ANTKAS0259	20381
ANTKAS0268	17674
ANTKAS0295	17295
ANTKAS0302	16378
ANTKAS0349	17295
ANTKAS0403	16784
ANTKAS0426	20381
ANTKAS0431	17295
ANTKAS0454	20382
ANTKAS0459	20222
ANTKAS0463	20382
ANTKAS0467	16945
ANTKAS0474	18050
ANTKAS0501	17301
ANTKAS0514	18050
ANTKAS0515	18050
ANTKAS0616	16391
ANTKON0018	17295
ANTLIL0004	17680
ANTLIL0243	17295
ANTLIL0293	17295
ANTLIL0303	17295
ANTLIL0362	16945
ANTLIL0415	17301
ANTLIL0528	16945
ANTLIL0547	17301
ANTLKD0263	18064
ANTMAL0060	18065
ANTMAL0136	16364
ANTMAL0275	17315
ANTMEC0030	18751
ANTMEC0180	16776
ANTMEC0257	17680
ANTMEC0388	16776
ANTMEC0421	18981
ANTMEE0178	18064
ANTMEE0180	17315
ANTMOL0036	16377
ANTMOL0066	17294
ANTMOL0068	17294
ANTMOL0088	16391
ANTMOL0089	17666
ANTMOL0099	17294
ANTMOL0143	18981
ANTMOL0152	16391
ANTMOL0164	16377
ANTMOL0353	17301
ANTMOL0546	17680
ANTMOL0555	17294
ANTMOL0568	17294
ANTMOL0576	17680
ANTMOL0607	17301
ANTMOL0716	17294
ANTMOL0720	16391
ANTMRK0177	19514
ANTMRK0204	19702
ANTMRK0206	19702
ANTNIJ0045	17680
ANTOLE0018	18030
ANTOLE0052	18050
ANTOTH0015	16391
ANTOTH0270	16923
ANTOTH0271	19703
ANTOTH0306	19703
ANTOTH0324	19703
ANTRAN0277	16377
ANTRAV0014	19884
ANTRAV0052	19703
ANTRAV0122	19702
ANTRAV0134	19884
ANTRAV0175	19703
ANTRAV0188	19527
ANTRAV0208	19703
ANTRAV0211	19730
ANTRAV0230	19527
ANTRAV0293	19527
ANTRAV0296	18050
ANTRAV0297	17666
ANTRAV0369	17666
ANTRAV0381	17294
ANTRET0186	16371
ANTRET0199	16371
ANTRET0236	16371
ANTRIJ0005	17315
ANTRIJ0006	16939
ANTRIJ0030	17316
ANTRIJ0041	16939
ANTRIJ0053	17316
ANTRIJ0072	16364
ANTRIJ0076	16939
ANTRIJ0171	16776
ANTRIJ0308	16364
ANTSIL0322	18065
ANTTUR0018	19590
ANTTUR0022	19702
ANTTUR0046	19527
ANTTUR0065	20017
ANTTUR0077	19807
ANTTUR0079	19514
ANTTUR0082	20017
ANTTUR0094	19527
ANTTUR0127	16378
ANTTUR0142	16378
ANTTUR0207	16363
ANTTUR0257	19702
ANTTUR0270	19702
ANTTUR0273	19702
ANTTUR0277	20017
ANTTUR0282	19884
ANTTUR0287	19807
ANTTUR0292	19884
ANTTUR0295	20017
ANTTUR0296	20017
ANTTUR0297	19884
ANTTUR0299	19884
ANTTUR0300	19702
ANTTUR0301	19514
ANTTUR0302	19702
ANTTUR0304	20017
ANTTUR0305	19527
ANTTUR0343	20381
ANTTUR0674	19807
ANTVOR0058	16371
ANTWES0062	16588
ANTWIL0020	17295
ANTWUU0140	17674
ANTWUU0153	16944
ANTZAN0122	18981
ANTZAN0172	17680
ANTZAN0175	18981
ANTZAN0176	17315
LIMASS2024	17316
LIMBIL0097	18071
LIMBIL0100	17301
LIMBIL0336	17301
LIMBOC0235	17294
LIMBRE0077	17294
LIMBRE0263	18071
LIMBRE0283	16945
LIMBRE0285	17294
LIMBRG0182	16944
LIMBRG0199	17316
LIMDPB0057	16342
LIMDPB0158	17302
LIMDPB0311	16378
LIMDPB0315	16378
LIMDST0104	16924
LIMDST0108	20600
LIMDST0178	16924
LIMDST0215	18071
LIMGNK0010	16931
LIMGNK0025	16391
LIMGNK0035	16931
LIMGNK0040	17302
LIMGNK0050	16931
LIMGNK0055	20600
LIMGNK0060	17302
LIMGNK0062	16391
LIMGNK0064	16364
LIMGNK0066	16939
LIMGNK0081	17665
LIMGNK0089	16939
LIMGNK0095	16364
LIMGNK0103	17301
LIMGNK0118	17665
LIMGNK0119	16391
LIMGNK0127	16939
LIMGNK0142	20600
LIMGNK0144	17301
LIMGNK0147	16939
LIMGNK0152	16377
LIMGNK0156	17301
LIMGNK0167	17302
LIMGNK0169	20600
LIMGNK0177	16939
LIMGNK0180	17665
LIMGNK0182	16391
LIMGNK0372	16364
LIMGNK0374	16364
LIMGNK0384	17302
LIMGNK0396	16378
LIMGNK0397	17302
LIMGNK0848	16931
LIMHAS0103	17665
LIMHAS0281	17665
LIMHAS0462	16363
LIMHAS0463	17302
LIMHAS0482	17302
LIMHAS0514	17302
LIMHAS0541	16363
LIMHAS0544	16363
LIMHAS0619	17302
LIMHAS0621	16938
LIMHAS0629	20432
LIMHAS0671	17302
LIMHAS0672	16938
LIMHAS0849	16938
LIMHEC0041	16377
LIMHEC0120	17673
LIMHEC0128	17673
LIMHEC0201	17672
LIMHEC0391	18064
LIMHEC0537	18064
LIMHEC0578	16944
LIMHEE0063	18064
LIMHHE0001	16378
LIMHHE0002	16944
LIMHHE0005	16944
LIMHHE0008	16944
LIMHHE0112	16930
LIMHHE0114	16762
LIMHHE0285	18981
LIMHHE0286	18981
LIMHHE0315	17294
LIMHHE0322	17294
LIMHHE0330	17665
LIMHHE0375	20432
LIMHLN0068	17680
LIMHLN0163	18064
LIMHMA0271	17672
LIMHMA0273	16377
LIMHVL0092	16944
LIMKIN0100	18071
LIMKIN0192	18071
LIMKIN0231	17665
LIMKIN0235	18071
LIMLNK0018	17301
LIMLNK0083	16371
LIMLNK0086	17301
LIMLNK0101	18071
LIMLNK0105	17301
LIMLNK0167	17301
LIMLNK0237	17301
LIMLNK0245	18071
LIMLOM0030	17680
LIMLOM0211	17294
LIMLOM0234	17672
LIMLOM0239	17672
LIMLOM0467	17294
LIMLOM0475	17294
LIMLUM0054	16370
LIMLUM0401	16370
LIMMGR0010	16930
LIMMGR0011	17316
LIMMGR0035	16377
LIMMGR0253	16377
LIMMGR0262	16930
LIMMGR0376	16930
LIMMGR0427	16930
LIMMSK0007	16371
LIMMSK0030	18071
LIMMSK0113	17665
LIMMSK0134	17665
LIMMSK0151	17665
LIMMSK0163	17665
LIMMSK0341	18071
LIMMSK0353	16924
LIMMSK0425	17665
LIMMSK0456	17665
LIMMSM0026	16371
LIMMSM0036	17301
LIMMSM0167	18071
LIMMSM0197	20432
LIMMSM0198	20432
LIMNEE0011	17672
LIMNEE0213	17672
LIMNEE0254	17672
LIMOPG0009	18071
LIMOPG0016	17316
LIMOPG0020	17316
LIMOPG0122	17665
LIMOVP0094	17294
LIMOVP0232	17672
LIMTES0026	16923
LIMTES0127	18064
LIMTON0188	17714
LIMTON0189	17714
LIMWEL0154	17301
LIMZNH0012	16363
LIMZNH0036	17302
LIMZNH0065	17302
LIMZNH0127	17302
LIMZNH0138	16363
LIMZNH0206	17302
LIMZNH0225	16938
LIMZNH0231	17294
LIMZNH0238	16938
LIMZNH0304	17302
LIMZNH0318	20068
LIMZNH0319	19919
LIMZNH0333	16371
LIMZNH0338	20600
LIMZNH0360	16371
LIMZNH0374	17665
LIMZNH0379	20068
LIMZNH0385	16364
LIMZNH0431	16363
LIMZNH0432	16938
LIMZNH0433	16363
LIMZNH0437	17294
LIMZNH0442	19941
LIMZNH0446	20600
LIMZNH0477	16938
LIMZNH0478	16363
LIMZNH0507	16945
LIMZNH0508	16945
LIMZNH0509	17294
LIMZNH0539	18981
LIMZNH0563	20068
LIMZNH0619	20068
LIMZUT0080	17301
OVLALT0332	16930
OVLALT0344	20432
OVLBLE0018	16931
OVLBLE0139	17665
OVLBLE0193	18072
OVLBLE0248	18072
OVLBLE0279	17778
OVLBVN0002	20467
OVLBVN0053	18450
OVLBVN0180	18450
OVLBVN0184	18450
OVLBVN0197	18450
OVLBVN0213	18450
OVLBVN0217	18450
OVLBVN0228	18450
OVLBVN0275	20467
OVLBVN0301	18450
OVLBVN0302	18450
OVLBVN0304	18450
OVLBVN0305	18450
OVLBVN0445	20467
OVLBVN0446	20467
OVLBVN0466	18450
OVLBVN0467	18373
OVLBVN0468	18450
OVLBVN0469	18450
OVLBVN0470	18450
OVLBVN0471	18450
OVLBVN0679	20467
OVLBVN0705	18387
OVLBVN0717	18387
OVLDEI0194	16770
OVLDND0202	20563
OVLDND0224	20563
OVLDSB0184	16931
OVLGNT0817	18981
OVLLOK0063	17665
OVLLOK0348	18981
OVLLOK0354	16931
OVLMOE0016	17295
OVLNAZ0048	17910
OVLSGW0068	16917
OVLSIN0011	17665
OVLSIN0269	17665
OVLSTK0268	17295
OVLSTK0295	17665
OVLSTL0322	18407
VBRARS0043	17680
VBRARS0052	18064
VBRARS0364	17680
VBRARS0370	17680
VBRDIE0220	17680
VBRDIE0330	17680
VBRDIE0443	16370
VBRHOL0040	17680
VBRHOL0202	17680
VBRKAM0021	17295
VBRKAM0057	16923
VBRKAM0120	17295
VBRKRB0004	17680
VBROHV0050	16804
VBRSZI0213	16923
VBRSZI0235	16370
VBRSZI0243	17295
VBRSZI0277	16370
VBRSZI0297	16923
VBRSZI0315	16923
VBRSZI0333	18064
VBRSZI0401	16370
VBRSZI0435	17295
VBRZOU0028	16370
VBRZOU0046	18064
WVLBLA0206	18064
WVLBRD0035	18064
WVLBRD0039	18064
WVLBRD0077	17673
WVLBRD0123	18064
WVLBRD0124	18064
WVLBRN0145	16392
WVLBRN0148	20432
WVLBRN0392	17666
WVLBRN0422	20207
WVLBRU0368	17666
WVLBRU0369	18064
WVLBRU0374	17666
WVLBRU0828	17463
WVLBRU1096	17463
WVLBRU1212	16392
WVLDAM0090	17666
WVLDEH0011	18064
WVLDEH0012	18064
WVLDEH0220	17666
WVLDEP0012	18072
WVLDEP0043	20432
WVLDEP0047	20432
WVLDEP0051	18015
WVLDEP0057	17980
WVLDEP0058	18051
WVLDEP0061	18051
WVLDEP0065	18051
WVLDEP0067	18036
WVLDEP0070	20432
WVLDEP0073	18051
WVLDEP0075	20432
WVLDEP0097	18072
WVLDEP0119	18072
WVLDEP0167	17938
WVLDIK0133	19975
WVLDIK0136	17680
WVLDIK1027	17680
WVLHAR0329	18981
WVLHOU0552	17707
WVLHOU0561	17707
WVLHOU0568	17707
WVLHOU0686	17707
WVLJAB0140	16392
WVLJAB0174	16392
WVLJAB0206	16392
WVLKNO0002	18050
WVLKNO0003	18065
WVLKNO0014	17645
WVLKNO0019	18050
WVLKNO0020	18065
WVLKNO0022	18065
WVLKNO0025	18050
WVLKNO0028	18050
WVLKNO0039	18050
WVLKNO0044	17770
WVLKNO0058	17666
WVLKNO0061	17708
WVLKNO0065	18065
WVLKNO0102	18407
WVLKNO0106	18428
WVLKNO0205	17666
WVLKNO0261	18065
WVLKNO0262	17771
WVLKNO0265	17708
WVLKNO0272	17721
WVLKNO0274	17721
WVLKNO0275	18050
WVLKNO0280	18050
WVLKNO0283	18022
WVLKNO0284	17980
WVLKNO0352	18428
WVLKNO0365	18065
WVLKNO0380	18022
WVLKNO0388	17708
WVLKNO0407	17456
WVLKOK0001	18065
WVLKOK0010	18065
WVLKOK0017	18065
WVLKOK0028	17673
WVLKOK0065	17960
WVLKOK0125	18065
WVLMID0075	18050
WVLMID0089	18050
WVLMID0135	18050
WVLMID0136	18050
WVLMID0204	18029
WVLMID0220	17988
WVLNWP0009	18065
WVLNWP0026	17673
WVLNWP0032	17777
WVLOSK0053	17666
WVLOSK0059	17302
WVLOSK0273	17666
WVLOSK0526	17666
WVLOSK0532	17302
WVLRUI0009	20207
WVLVEU0343	17337
WVLWIN0255	17666
WVLZNB0852	17939
WVLZNB0856	18072
