milieudruk,meetnet,standplaatsfactor,milieuvar,afk_milieuvar,meetvar,primair,verklarend,kwaliteitscontrole,variable_set,main_datacollection_method,targetvar_temporal_targetpop,targetvar_temporal_resolution,pan_effectmon_flanders,pan_effectmon_sac5_custommeas,pan_transmon_be2100024,mbaa_mne_phase_1,map_mne
3.3 Eutrofiëring via het grondwater,GW_03.3,N,nitraatconcentratie,NO3,nitraatconcentratie,X,NA,NA,standaardpakket labo water,GWSHALLSAMP,NA,NA,X,X,X,X,X
3.3 Eutrofiëring via het grondwater,GW_03.3,N,ammoniumconcentratie,NH4,ammoniumconcentratie,X,NA,NA,standaardpakket labo water,GWSHALLSAMP,NA,NA,X,X,X,X,X
3.3 Eutrofiëring via het grondwater,GW_03.3,P,orthofosfaatconcentratie,PO4,orthofosfaatconcentratie,X,NA,NA,standaardpakket labo water,GWSHALLSAMP,NA,NA,X,X,X,X,X
3.3 Eutrofiëring via het grondwater,GW_03.3,N en P,jaargemid. laagste grondwaterstand t.o.v. maaiveld,LG3,stijghoogte,NA,X,NA,ondiep grondwaterpeil automatisch,GWLEVREADDIVER,NA,NA,X,X,X,X,X
3.3 Eutrofiëring via het grondwater,GW_03.3,N en P,jaargemid. gemiddelde grondwaterstand t.o.v. maaiveld,GG,stijghoogte,NA,X,NA,ondiep grondwaterpeil automatisch,GWLEVREADDIVER,NA,NA,X,X,X,X,X
3.3 Eutrofiëring via het grondwater,GW_03.3,N en P,jaargemid. hoogste grondwaterstand t.o.v. maaiveld,HG3,stijghoogte,NA,X,NA,ondiep grondwaterpeil automatisch,GWLEVREADDIVER,NA,NA,X,X,X,X,X
3.3 Eutrofiëring via het grondwater,GW_03.3,N en P,sulfaatconcentratie,SO4,sulfaatconcentratie,NA,X,NA,standaardpakket labo water,GWSHALLSAMP,NA,NA,X,X,X,X,X
3.3 Eutrofiëring via het grondwater,GW_03.3,N en P,zuurtegraad - veld,pH - veld,pH - veld,NA,X,NA,standaardpakket veld grondwater,GWSHALLSAMP,NA,NA,X,X,X,X,X
3.3 Eutrofiëring via het grondwater,GW_03.3,N en P,geleidend vermogen - veld,EC - veld,geleidend vermogen - veld,NA,X,NA,standaardpakket veld grondwater,GWSHALLSAMP,NA,NA,X,X,X,X,X
3.3 Eutrofiëring via het grondwater,GW_03.3,N en P,bodemtextuurklasse,textuur,nvt: secundaire dataverwerving,NA,X,NA,NA,SECDATACOLL,NA,NA,X,X,X,X,X
3.3 Eutrofiëring via het grondwater,GW_03.3,N en P,nabijheid grondwaterlichaam,GWL,nvt: secundaire dataverwerving,NA,X,NA,NA,SECDATACOLL,NA,NA,X,X,X,X,X
3.3 Eutrofiëring via het grondwater,GW_03.3,N en P,zuurtegraad - labo,pH - labo,pH - labo,NA,NA,X,standaardpakket labo water,GWSHALLSAMP,NA,NA,X,X,X,X,X
3.3 Eutrofiëring via het grondwater,GW_03.3,N en P,geleidend vermogen - labo,EC - labo,geleidend vermogen - labo,NA,NA,X,standaardpakket labo water,GWSHALLSAMP,NA,NA,X,X,X,X,X
3.3 Eutrofiëring via het grondwater,GW_03.3,N en P,kaliumconcentratie,K,kaliumconcentratie,NA,NA,X,standaardpakket labo water,GWSHALLSAMP,NA,NA,X,X,X,X,X
3.3 Eutrofiëring via het grondwater,GW_03.3,N en P,calciumconcentratie,Ca,calciumconcentratie,NA,NA,X,standaardpakket labo water,GWSHALLSAMP,NA,NA,X,X,X,X,X
3.3 Eutrofiëring via het grondwater,GW_03.3,N en P,magnesiumconcentratie,Mg,magnesiumconcentratie,NA,NA,X,standaardpakket labo water,GWSHALLSAMP,NA,NA,X,X,X,X,X
3.3 Eutrofiëring via het grondwater,GW_03.3,N en P,ijzerconcentratie,Fe,ijzerconcentratie,NA,NA,X,standaardpakket labo water,GWSHALLSAMP,NA,NA,X,X,X,X,X
3.3 Eutrofiëring via het grondwater,GW_03.3,N en P,nitrietconcentratie,NO2,nitrietconcentratie,NA,NA,X,standaardpakket labo water,GWSHALLSAMP,NA,NA,X,X,X,X,X
3.3 Eutrofiëring via het grondwater,GW_03.3,N en P,natriumconcentratie,Na,natriumconcentratie,NA,NA,X,standaardpakket labo water,GWSHALLSAMP,NA,NA,X,X,X,X,X
3.3 Eutrofiëring via het grondwater,GW_03.3,N en P,chlorideconcentratie,Cl,chlorideconcentratie,NA,NA,X,standaardpakket labo water,GWSHALLSAMP,NA,NA,X,X,X,X,X
3.3 Eutrofiëring via het grondwater,GW_03.3,N en P,waterstofcarbonaatconcentratie,HCO3,waterstofcarbonaatconcentratie,NA,NA,X,standaardpakket labo water,GWSHALLSAMP,NA,NA,X,X,X,X,X
5.1 Verdroging via het grondwater,GW_05.1_terr,waterpeil,jaargemiddelde laagste grondwaterstand t.o.v. maaiveld,LG3,stijghoogte,X,NA,NA,ondiep grondwaterpeil automatisch,GWLEVREADDIVER,1 jaar,1 jaar,(x),(x),(x),X,NA
5.1 Verdroging via het grondwater,GW_05.1_terr,waterpeil,jaargemiddelde hoogste grondwaterstand t.o.v. maaiveld,HG3,stijghoogte,X,NA,NA,ondiep grondwaterpeil automatisch,GWLEVREADDIVER,1 jaar,1 jaar,(x),(x),(x),X,NA
5.1 Verdroging via het grondwater,GW_05.1_terr,waterpeil,jaargemiddelde gemiddelde grondwaterstand t.o.v. maaiveld,GG,stijghoogte,X,NA,NA,ondiep grondwaterpeil automatisch,GWLEVREADDIVER,1 jaar,1 jaar,(x),(x),(x),X,NA
5.1 Verdroging via het grondwater,GW_05.1_terr,waterpeil,effectieve neerslag,neerslag,nvt: secundaire dataverwerving,NA,X,NA,NA,SECDATACOLL,NA,NA,NA,NA,NA,X,NA
5.1 Verdroging via het grondwater,GW_05.1_terr,waterpeil,bodemtextuurklasse,textuur,nvt: secundaire dataverwerving,NA,X,NA,NA,SECDATACOLL,NA,NA,NA,NA,NA,X,NA
5.1 Verdroging via het grondwater,GW_05.1_terr,waterpeil,grondwaterlichaam,GWL,nvt: secundaire dataverwerving,NA,X,NA,NA,SECDATACOLL,NA,NA,NA,NA,NA,X,NA
5.1 Verdroging via het grondwater,GW_05.1_terr,waterpeil,kweldruk,kweldruk,stijghoogte,NA,X,NA,piëzometerpeil automatisch,GWLEVREADDIVER,1 jaar,1 jaar,NA,NA,NA,X,NA
5.1 Verdroging via het grondwater,GW_05.1_aq,waterpeil,verschil tussen grondwaterpeil en oppervlaktewaterpeil: natte perioden (1 jaar),Diff_OW_GW_L,stijghoogte,X,NA,NA,ondiep grondwaterpeil automatisch,GWLEVREADDIVER,1 jaar,1 jaar,x,x,x,X,NA
5.1 Verdroging via het grondwater,GW_05.1_aq,waterpeil,verschil tussen grondwaterpeil en oppervlaktewaterpeil: natte perioden (1 jaar),Diff_OW_GW_L,stijghoogte,X,NA,NA,oppervlaktewaterpeil automatisch,SURFLEVREADDIVER,1 jaar,1 jaar,x,x,x,X,NA
5.1 Verdroging via het grondwater,GW_05.1_aq,waterpeil,verschil tussen grondwaterpeil en oppervlaktewaterpeil: droge perioden (1 jaar),Diff_OW_GW_H,stijghoogte,X,NA,NA,ondiep grondwaterpeil automatisch,GWLEVREADDIVER,1 jaar,1 jaar,x,x,x,X,NA
5.1 Verdroging via het grondwater,GW_05.1_aq,waterpeil,verschil tussen grondwaterpeil en oppervlaktewaterpeil: droge perioden (1 jaar),Diff_OW_GW_H,stijghoogte,X,NA,NA,oppervlaktewaterpeil automatisch,SURFLEVREADDIVER,1 jaar,1 jaar,x,x,x,X,NA
5.1 Verdroging via het grondwater,GW_05.1_aq,waterpeil,effectieve neerslag,neerslag,nvt: secundaire dataverwerving,NA,X,NA,NA,SECDATACOLL,NA,NA,NA,NA,NA,X,NA
5.1 Verdroging via het grondwater,GW_05.1_aq,waterpeil,bodemtextuurklasse,textuur,nvt: secundaire dataverwerving,NA,X,NA,NA,SECDATACOLL,NA,NA,NA,NA,NA,X,NA
5.1 Verdroging via het grondwater,GW_05.1_aq,waterpeil,grondwaterlichaam,GWL,nvt: secundaire dataverwerving,NA,X,NA,NA,SECDATACOLL,NA,NA,NA,NA,NA,X,NA
5.1 Verdroging via het grondwater,GW_05.1_aq,waterpeil,kweldruk,kweldruk,stijghoogte,NA,X,NA,piëzometerpeil automatisch,GWLEVREADDIVER,1 jaar,NA,NA,NA,NA,X,NA
5.1 Verdroging via het grondwater,GW_05.1_quarries,waterpeil,jaargemiddelde laagste grondwaterstand in meter TAW - automatische metingen,LG3,stijghoogte,X,NA,NA,diep grondwaterpeil automatisch,GWLEVREADDIVERDEEP,1 jaar,1 jaar,NA,NA,NA,X,NA
5.1 Verdroging via het grondwater,GW_05.1_quarries,waterpeil,jaargemiddelde hoogste grondwaterstand in meter TAW - automatische metingen,HG3,stijghoogte,X,NA,NA,diep grondwaterpeil automatisch,GWLEVREADDIVERDEEP,1 jaar,1 jaar,NA,NA,NA,X,NA
5.1 Verdroging via het grondwater,GW_05.1_quarries,waterpeil,effectieve neerslag,neerslag,nvt: secundaire dataverwerving,NA,X,NA,NA,SECDATACOLL,NA,NA,NA,NA,NA,X,NA
5.1 Verdroging via het grondwater,GW_05.1_quarries,waterpeil,bodemtextuurklasse,textuur,nvt: secundaire dataverwerving,NA,X,NA,NA,SECDATACOLL,NA,NA,NA,NA,NA,X,NA
5.1 Verdroging via het grondwater,GW_05.1_quarries,waterpeil,grondwaterlichaam,GWL,nvt: secundaire dataverwerving,NA,X,NA,NA,SECDATACOLL,NA,NA,NA,NA,NA,X,NA
3.2. Eutrofiëring via de bodem,SOIL_03.2,N,nitraatconcentratie,NO3,nitraatconcentratie,X,NA,NA,standaardpakket labo bodem,NA,1 jaar,NA,X,X,X,X,NA
3.2. Eutrofiëring via de bodem,SOIL_03.2,N,ammoniumconcentratie,NH4,ammoniumconcentratie,X,NA,NA,standaardpakket labo bodem,NA,1 jaar,NA,X,X,X,X,NA
3.2. Eutrofiëring via de bodem,SOIL_03.2,N,totale stikstofconcentratie,N,concentratie totaal stikstof,X,NA,NA,standaardpakket labo bodem,SOILUPPERSAMP,1 jaar,1 jaar,X,X,X,X,NA
3.2. Eutrofiëring via de bodem,SOIL_03.2,N,C/N-verhouding,C/N,concentraties totaal koolstof en totaal stikstof,X,NA,NA,standaardpakket labo bodem,SOILUPPERSAMP,1 jaar,1 jaar,X,X,X,X,NA
3.2. Eutrofiëring via de bodem,SOIL_03.2,P,plantbeschikbaar fosfor,P-Olsen,orthofosfaatconcentratie in NaHCO3-extract,X,NA,NA,P-pakket labo bodem,SOILUPPERSAMP,1 jaar,1 jaar,X,X,X,X,NA
3.2. Eutrofiëring via de bodem,SOIL_03.2,P,fosfaatverzadigingsgraad,FBV,"FVG = Pox/0.5(Feox+Alox)*100: oxalaatextraheerbaar P, Fe en Al",X,NA,NA,P-pakket labo bodem,SOILUPPERSAMP,1 jaar,1 jaar,X,X,X,X,NA
3.2. Eutrofiëring via de bodem,SOIL_03.2,P,fosforconcentratie,P,totale fosforconcentratie,X,NA,NA,P-pakket labo bodem,SOILUPPERSAMP,1 jaar,1 jaar,X,X,X,X,NA
3.2. Eutrofiëring via de bodem,SOIL_03.2,N en P,N/P-verhouding,N/P,concentraties totaal N en totaal P,X,NA,NA,standaardpakket labo bodem + P-pakket labo bodem,SOILUPPERSAMP,1 jaar,1 jaar,X,X,X,X,NA
3.2. Eutrofiëring via de bodem,SOIL_03.2,N en P,nutriëntenhuishouding,(semi-)totaal K,NA,NA,X,NA,analyse totaal kationen,SOILUPPERSAMP,1 jaar,1 jaar,X,X,X,X,NA
3.2. Eutrofiëring via de bodem,SOIL_03.2,N en P,nutriëntenhuishouding,(semi-)totaal Ca,NA,NA,X,NA,analyse totaal kationen,SOILUPPERSAMP,1 jaar,1 jaar,X,X,X,X,NA
3.2. Eutrofiëring via de bodem,SOIL_03.2,N en P,nutriëntenhuishouding,(semi-)totaal Mg,NA,NA,X,NA,analyse totaal kationen,SOILUPPERSAMP,1 jaar,1 jaar,X,X,X,X,NA
3.2. Eutrofiëring via de bodem,SOIL_03.2,N en P,nutriëntenhuishouding,(semi-)totaal Mn,NA,NA,X,NA,analyse totaal kationen,SOILUPPERSAMP,1 jaar,1 jaar,X,X,X,X,NA
3.2. Eutrofiëring via de bodem,SOIL_03.2,N en P,nutriëntenhuishouding,(semi-)totaal S,NA,NA,X,NA,analyse totaal kationen,SOILUPPERSAMP,1 jaar,1 jaar,X,X,X,X,NA
3.2. Eutrofiëring via de bodem,SOIL_03.2,N en P,kationenuitwisselingscapaciteit,CEC,CEC rechtstreeks bepaald,NA,X,NA,standaardpakket labo bodem,SOILUPPERSAMP,1 jaar,1 jaar,X,X,X,X,NA
3.2. Eutrofiëring via de bodem,SOIL_03.2,N en P,basenverzadiging: uitwisselbaar natrium,Na uitwisselbaar,natriumconcentratie na extractie,NA,X,NA,standaardpakket labo bodem,SOILUPPERSAMP,1 jaar,1 jaar,X,X,X,X,NA
3.2. Eutrofiëring via de bodem,SOIL_03.2,N en P,basenverzadiging: uitwisselbaar kalium,K uitwisselbaar,kaliumconcentratie na extractie,NA,X,NA,standaardpakket labo bodem,SOILUPPERSAMP,1 jaar,1 jaar,X,X,X,X,NA
3.2. Eutrofiëring via de bodem,SOIL_03.2,N en P,basenverzadiging: uitwisselbaar calcium,Ca uitwisselbaar,calciumconcentratie na extractie,NA,X,NA,standaardpakket labo bodem,SOILUPPERSAMP,1 jaar,1 jaar,X,X,X,X,NA
3.2. Eutrofiëring via de bodem,SOIL_03.2,N en P,basenverzadiging: uitwisselbaar magnesium,Mg uitwisselbaar,magnesiumconcentratie na extractie,NA,X,NA,standaardpakket labo bodem,SOILUPPERSAMP,1 jaar,1 jaar,X,X,X,X,NA
3.2. Eutrofiëring via de bodem,SOIL_03.2,N en P,"som van uitwisselbare kationen: kalium, calcium, magnesium",K+Ca+Mg uitwisselbaar,"natrium-, kalium-, calcium- en magnesiumconcentratie na extractie",NA,X,NA,standaardpakket labo bodem,SOILUPPERSAMP,1 jaar,1 jaar,X,X,X,X,NA
3.2. Eutrofiëring via de bodem,SOIL_03.2,N en P,"Belgische bodemclassificatie: textuur, vochttrap, profielontwikkeling",bodemklasse,nvt: secundaire dataverwerving,NA,X,NA,NA,SECDATACOLL,1 jaar,1 jaar,X,X,X,X,NA
3.2. Eutrofiëring via de bodem,SOIL_03.2,N en P,organische koolstof,TOC,concentratie organische koolstof,NA,X,NA,analyse organische koolstof,SOILUPPERSAMP,1 jaar,1 jaar,X,X,X,X,NA
3.2. Eutrofiëring via de bodem,SOIL_03.2,N en P,bodemtextuurklasse,textuur,deeltjesgrootteverdeling,NA,X,NA,analyse textuur,SOILUPPERSAMP,1 jaar,1 jaar,X,X,X,X,NA
3.2. Eutrofiëring via de bodem,SOIL_03.2,N en P,bodemzuurtegraad,pH CaCl2 of pH KCl,pH CaCl2 of pH KCl,NA,X,X,standaardpakket labo bodem,SOILUPPERSAMP,1 jaar,1 jaar,X,X,X,X,NA
3.2. Eutrofiëring via de bodem,SOIL_03.2,N en P,basenverzadiging: uitwisselbaar Al,Al uitwisselbaar,aluminiumconcentratie na extractie,NA,NA,X,standaardpakket labo bodem,SOILUPPERSAMP,1 jaar,1 jaar,X,X,X,X,NA
3.2. Eutrofiëring via de bodem,SOIL_03.2,N en P,basenverzadiging: uitwisselbaar Fe,Fe uitwisselbaar,ijzerconcentratie na extractie,NA,NA,X,standaardpakket labo bodem,SOILUPPERSAMP,1 jaar,1 jaar,X,X,X,X,NA
3.2. Eutrofiëring via de bodem,SOIL_03.2,N en P,basenverzadiging: uitwisselbaar Mn,Mn uitwisselbaar,mangaanconcentratie na extractie,NA,NA,X,standaardpakket labo bodem,SOILUPPERSAMP,1 jaar,1 jaar,X,X,X,X,NA
3.4. Eutrofiëring via oppervlaktewater (incl. overstromingswater),SURF_03.4_lentic,N,jaargemiddelde nitraatconcentratie,NO3,nitraatconcentratie,X,NA,NA,standaardpakket labo water,SURFLENTSAMP,1 jaar,1 jaar,X,X,X,X,NA
3.4. Eutrofiëring via oppervlaktewater (incl. overstromingswater),SURF_03.4_lentic,P,jaargemiddelde totale fosforconcentratie,TP,totaal fosfor,X,NA,NA,analyse totaal P in water,SURFLENTSAMP,1 jaar,1 jaar,X,X,X,X,NA
3.4. Eutrofiëring via oppervlaktewater (incl. overstromingswater),SURF_03.4_lentic,N en P,sulfaatconcentratie,SO4,sulfaatconcentratie,NA,X,X,standaardpakket labo water,SURFLENTSAMP,NA,NA,X,X,X,X,NA
3.4. Eutrofiëring via oppervlaktewater (incl. overstromingswater),SURF_03.4_lentic,N en P,calciumconcentratie,Ca,calciumconcentratie,NA,X,X,standaardpakket labo water,SURFLENTSAMP,NA,NA,X,X,X,X,NA
3.4. Eutrofiëring via oppervlaktewater (incl. overstromingswater),SURF_03.4_lentic,N en P,magnesiumconcentratie,Mg,magnesiumconcentratie,NA,X,X,standaardpakket labo water,SURFLENTSAMP,NA,NA,X,X,X,X,NA
3.4. Eutrofiëring via oppervlaktewater (incl. overstromingswater),SURF_03.4_lentic,N en P,kaliumconcentratie,K,kaliumconcentratie,NA,X,X,standaardpakket labo water,SURFLENTSAMP,NA,NA,X,X,X,X,NA
3.4. Eutrofiëring via oppervlaktewater (incl. overstromingswater),SURF_03.4_lentic,N en P,natriumconcentratie,Na,natriumconcentratie,NA,X,X,standaardpakket labo water,SURFLENTSAMP,NA,NA,X,X,X,X,NA
3.4. Eutrofiëring via oppervlaktewater (incl. overstromingswater),SURF_03.4_lentic,N en P,chlorideconcentratie,Cl,chlorideconcentratie,NA,X,X,standaardpakket labo water,SURFLENTSAMP,NA,NA,X,X,X,X,NA
3.4. Eutrofiëring via oppervlaktewater (incl. overstromingswater),SURF_03.4_lentic,N en P,nitrietconcentratie,NO2,nitrietconcentratie,NA,X,X,standaardpakket labo water,SURFLENTSAMP,NA,NA,X,X,X,X,NA
3.4. Eutrofiëring via oppervlaktewater (incl. overstromingswater),SURF_03.4_lentic,N en P,ijzerconcentratie,Fe,ijzerconcentratie,NA,X,X,analyse metalen water,SURFLENTSAMP,NA,NA,X,X,X,X,NA
3.4. Eutrofiëring via oppervlaktewater (incl. overstromingswater),SURF_03.4_lentic,N en P,siliciumconcentratie,Si,siliciumconcentratie,NA,X,X,analyse metalen water,SURFLENTSAMP,NA,NA,X,X,X,X,NA
3.4. Eutrofiëring via oppervlaktewater (incl. overstromingswater),SURF_03.4_lentic,N en P,oppervlaktewaterpeil,waterpeil,hoogte waterstand,NA,X,NA,oppervlaktewaterpeil manueel,SURFLEVREADGAUGE,NA,NA,X,X,X,X,NA
3.4. Eutrofiëring via oppervlaktewater (incl. overstromingswater),SURF_03.4_lentic,N en P,zuurstofconcentratie - veld,O2 - veld,zuurstofconcentratie - veld,NA,X,NA,standaardpakket veld oppervlaktewater,SURFLENTFIELD,NA,NA,X,X,X,X,NA
3.4. Eutrofiëring via oppervlaktewater (incl. overstromingswater),SURF_03.4_lentic,N en P,temperatuur - veld,T - veld,temperatuur - veld,NA,X,NA,standaardpakket veld oppervlaktewater,SURFLENTFIELD,NA,NA,X,X,X,X,NA
3.4. Eutrofiëring via oppervlaktewater (incl. overstromingswater),SURF_03.4_lentic,N en P,zuurtegraad - veld,pH - veld,zuurtegraad - veld,NA,X,NA,standaardpakket veld oppervlaktewater,SURFLENTFIELD,NA,NA,X,X,X,X,NA
3.4. Eutrofiëring via oppervlaktewater (incl. overstromingswater),SURF_03.4_lentic,N en P,geleidend vermogen (EC25) - veld,EC - veld,geleidend vermogen (EC25) - veld,NA,X,NA,standaardpakket veld oppervlaktewater,SURFLENTFIELD,NA,NA,X,X,X,X,NA
3.4. Eutrofiëring via oppervlaktewater (incl. overstromingswater),SURF_03.4_lentic,N en P,Secchi-diepte,Secchi,Secchi-diepte,NA,X,NA,standaardpakket veld oppervlaktewater,SURFLENTSECC,NA,NA,X,X,X,X,NA
3.4. Eutrofiëring via oppervlaktewater (incl. overstromingswater),SURF_03.4_lentic,N en P,chemisch zuurstofverbruik (COD),CZV=COD,chemisch zuurstofverbruik (COD),NA,X,NA,analyse COD,SURFLENTSAMP,NA,NA,X,X,X,X,NA
3.4. Eutrofiëring via oppervlaktewater (incl. overstromingswater),SURF_03.4_lentic,N en P,alkaliniteit,alkaliniteit,alkaliniteit,NA,X,NA,standaardpakket labo water,SURFLENTSAMP,NA,NA,X,X,X,X,NA
3.4. Eutrofiëring via oppervlaktewater (incl. overstromingswater),SURF_03.4_lentic,N en P,totale stikstofconcentratie,TN,totale stikstofconcentratie,NA,X,NA,standaardpakket labo water,SURFLENTSAMP,NA,NA,X,X,X,X,NA
3.4. Eutrofiëring via oppervlaktewater (incl. overstromingswater),SURF_03.4_lentic,N en P,ammoniumconcentratie,NH4,ammoniumconcentratie,NA,X,NA,standaardpakket labo water,SURFLENTSAMP,NA,NA,X,X,X,X,NA
3.4. Eutrofiëring via oppervlaktewater (incl. overstromingswater),SURF_03.4_lentic,N en P,orthofosfaatconcentratie,PO4,orthofosfaatconcentratie,NA,X,NA,standaardpakket labo water,SURFLENTSAMP,NA,NA,X,X,X,X,NA
3.4. Eutrofiëring via oppervlaktewater (incl. overstromingswater),SURF_03.4_lentic,N en P,aluminiumconcentratie,Al,aluminiumconcentratie,NA,X,NA,analyse metalen water,SURFLENTSAMP,NA,NA,X,X,X,X,NA
3.4. Eutrofiëring via oppervlaktewater (incl. overstromingswater),SURF_03.4_lentic,N en P,mangaanconcentratie,Mn,mangaanconcentratie,NA,X,NA,analyse metalen water,SURFLENTSAMP,NA,NA,X,X,X,X,NA
3.4. Eutrofiëring via oppervlaktewater (incl. overstromingswater),SURF_03.4_lentic,N en P,zwavelconcentratie,S,zwavelconcentratie,NA,X,NA,analyse metalen water,SURFLENTSAMP,NA,NA,X,X,X,X,NA
3.4. Eutrofiëring via oppervlaktewater (incl. overstromingswater),SURF_03.4_lentic,N en P,bicarbonaatconcentratie,HCO3,bicarbonaatconcentratie,NA,X,NA,analyse bicarbonaat,SURFLENTSAMP,NA,NA,X,X,X,X,NA
3.4. Eutrofiëring via oppervlaktewater (incl. overstromingswater),SURF_03.4_lentic,N en P,"concentratie niet purgeerbare, organisch gebonden koolstof",NPOC,"concentratie niet purgeerbare, organisch gebonden koolstof",NA,X,NA,te bepalen,SURFLENTSAMP,NA,NA,X,X,X,X,NA
3.4. Eutrofiëring via oppervlaktewater (incl. overstromingswater),SURF_03.4_lentic,N en P,absorptie 440 nm,abs440,absorptie 440 nm,NA,X,NA,spectrofotometer,SURFLENTSAMP,NA,NA,X,X,X,X,NA
3.4. Eutrofiëring via oppervlaktewater (incl. overstromingswater),SURF_03.4_lentic,N en P,chlorofyl a,chla,chlorofyl a-concentratie,NA,X,NA,analyse phytochemie,SURFLENTSAMP,NA,NA,X,X,X,X,NA
3.4. Eutrofiëring via oppervlaktewater (incl. overstromingswater),SURF_03.4_lentic,N en P,zwevende stoffen (105 °C),ZS105,ZS.105 (zwevende stoffen),NA,X,NA,ZS-pakket,SURFLENTSAMP,NA,NA,X,X,X,X,NA
3.4. Eutrofiëring via oppervlaktewater (incl. overstromingswater),SURF_03.4_lentic,N en P,zwevende stoffen (550 °C),ZS550,ZS.550 (zwevende stoffen),NA,X,NA,ZS-pakket,SURFLENTSAMP,NA,NA,X,X,X,X,NA
3.4. Eutrofiëring via oppervlaktewater (incl. overstromingswater),SURF_03.4_lentic,N en P,zuurtegraad in labo,pH - labo,pH in labo,NA,NA,X,standaardpakket labo water,SURFLENTSAMP,NA,NA,X,X,X,X,NA
3.4. Eutrofiëring via oppervlaktewater (incl. overstromingswater),SURF_03.4_lentic,N en P,geleidend vermogen labo,EC - labo,geleidend vermogen labo,NA,NA,X,standaardpakket labo water,SURFLENTSAMP,NA,NA,X,X,X,X,NA
3.4. Eutrofiëring via oppervlaktewater (incl. overstromingswater),SURF_03.4_lotic,N,nitraatconcentratie: jaargemiddelde,NO3,nitraatconcentratie,X,NA,NA,standaardpakket labo water,SURFLOTSAMP,1 jaar,1 jaar,X,X,X,X,NA
3.4. Eutrofiëring via oppervlaktewater (incl. overstromingswater),SURF_03.4_lotic,P,orthofosfaatconcentratie: jaargemiddelde,PO4,orthofosfaatconcentratie,X,NA,NA,standaardpakket labo water,SURFLOTSAMP,1 jaar,1 jaar,X,X,X,X,NA
3.4. Eutrofiëring via oppervlaktewater (incl. overstromingswater),SURF_03.4_lotic,N en P,sulfaatconcentratie,SO4,sulfaatconcentratie,NA,X,X,standaardpakket labo water,SURFLOTSAMP,NA,NA,X,X,X,X,NA
3.4. Eutrofiëring via oppervlaktewater (incl. overstromingswater),SURF_03.4_lotic,N en P,calciumconcentratie,Ca,calciumconcentratie,NA,X,X,standaardpakket labo water,SURFLOTSAMP,NA,NA,X,X,X,X,NA
3.4. Eutrofiëring via oppervlaktewater (incl. overstromingswater),SURF_03.4_lotic,N en P,magnesiumconcentratie,Mg,magnesiumconcentratie,NA,X,X,standaardpakket labo water,SURFLOTSAMP,NA,NA,X,X,X,X,NA
3.4. Eutrofiëring via oppervlaktewater (incl. overstromingswater),SURF_03.4_lotic,N en P,kaliumconcentratie,K,kaliumconcentratie,NA,X,X,standaardpakket labo water,SURFLOTSAMP,NA,NA,X,X,X,X,NA
3.4. Eutrofiëring via oppervlaktewater (incl. overstromingswater),SURF_03.4_lotic,N en P,natriumconcentratie,Na,natriumconcentratie,NA,X,X,standaardpakket labo water,SURFLOTSAMP,NA,NA,X,X,X,X,NA
3.4. Eutrofiëring via oppervlaktewater (incl. overstromingswater),SURF_03.4_lotic,N en P,chlorideconcentratie,Cl,chlorideconcentratie,NA,X,X,standaardpakket labo water,SURFLOTSAMP,NA,NA,X,X,X,X,NA
3.4. Eutrofiëring via oppervlaktewater (incl. overstromingswater),SURF_03.4_lotic,N en P,nitrietconcentratie,NO2,nitrietconcentratie,NA,X,X,standaardpakket labo water,SURFLOTSAMP,NA,NA,X,X,X,X,NA
3.4. Eutrofiëring via oppervlaktewater (incl. overstromingswater),SURF_03.4_lotic,N en P,ijzerconcentratie,Fe,ijzerconcentratie,NA,X,X,analyse metalen water,SURFLOTSAMP,NA,NA,X,X,X,X,NA
3.4. Eutrofiëring via oppervlaktewater (incl. overstromingswater),SURF_03.4_lotic,N en P,siliciumconcentratie,Si,siliciumconcentratie,NA,X,X,analyse metalen water,SURFLOTSAMP,NA,NA,X,X,X,X,NA
3.4. Eutrofiëring via oppervlaktewater (incl. overstromingswater),SURF_03.4_lotic,N en P,oppervlaktewaterpeil,waterpeil,hoogte waterstand,NA,X,NA,oppervlaktewaterpeil manueel,SURFLEVREADGAUGE,NA,NA,X,X,X,X,NA
3.4. Eutrofiëring via oppervlaktewater (incl. overstromingswater),SURF_03.4_lotic,N en P,zuurstofconcentratie - veld,O2 - veld,zuurstofconcentratie - veld,NA,X,NA,standaardpakket veld oppervlaktewater,SURFLOTFIELD,NA,NA,X,X,X,X,NA
3.4. Eutrofiëring via oppervlaktewater (incl. overstromingswater),SURF_03.4_lotic,N en P,temperatuur - veld,T - veld,temperatuur - veld,NA,X,NA,standaardpakket veld oppervlaktewater,SURFLOTFIELD,NA,NA,X,X,X,X,NA
3.4. Eutrofiëring via oppervlaktewater (incl. overstromingswater),SURF_03.4_lotic,N en P,zuurtegraad - veld,pH - veld,zuurtegraad - veld,NA,X,NA,standaardpakket veld oppervlaktewater,SURFLOTFIELD,NA,NA,X,X,X,X,NA
3.4. Eutrofiëring via oppervlaktewater (incl. overstromingswater),SURF_03.4_lotic,N en P,geleidend vermogen (EC25) - veld,EC - veld,geleidend vermogen (EC25) - veld,NA,X,NA,standaardpakket veld oppervlaktewater,SURFLOTFIELD,NA,NA,X,X,X,X,NA
3.4. Eutrofiëring via oppervlaktewater (incl. overstromingswater),SURF_03.4_lotic,N en P,Secchi-diepte,Secchi,Secchi-diepte,NA,X,NA,standaardpakket veld oppervlaktewater,SURFLOTSECC,NA,NA,X,X,X,X,NA
3.4. Eutrofiëring via oppervlaktewater (incl. overstromingswater),SURF_03.4_lotic,N en P,biologisch zuurstofverbruik (BOD5 = BZV),BOD5=BZV=BOD,biologisch zuurstofverbruik (BOD5 = BZV),NA,X,NA,analyse BOD,SURFLOTSAMP,NA,NA,X,X,X,X,NA
3.4. Eutrofiëring via oppervlaktewater (incl. overstromingswater),SURF_03.4_lotic,N en P,chemisch zuurstofverbruik (COD),CZV=COD,chemisch zuurstofverbruik (COD),NA,X,NA,analyse COD,SURFLOTSAMP,NA,NA,X,X,X,X,NA
3.4. Eutrofiëring via oppervlaktewater (incl. overstromingswater),SURF_03.4_lotic,N en P,alkaliniteit,alkaliniteit,alkaliniteit,NA,X,NA,standaardpakket labo water,SURFLOTSAMP,NA,NA,X,X,X,X,NA
3.4. Eutrofiëring via oppervlaktewater (incl. overstromingswater),SURF_03.4_lotic,N en P,totale stikstofconcentratie,TN,totale stikstofconcentratie,NA,X,NA,standaardpakket labo water,SURFLOTSAMP,NA,NA,X,X,X,X,NA
3.4. Eutrofiëring via oppervlaktewater (incl. overstromingswater),SURF_03.4_lotic,N en P,ammoniumconcentratie,NH4,ammoniumconcentratie,NA,X,NA,standaardpakket veld oppervlaktewater,SURFLOTSAMP,NA,NA,X,X,X,X,NA
3.4. Eutrofiëring via oppervlaktewater (incl. overstromingswater),SURF_03.4_lotic,N en P,aluminiumconcentratie,Al,aluminiumconcentratie,NA,X,NA,analyse metalen water,SURFLOTSAMP,NA,NA,X,X,X,X,NA
3.4. Eutrofiëring via oppervlaktewater (incl. overstromingswater),SURF_03.4_lotic,N en P,mangaanconcentratie,Mn,mangaanconcentratie,NA,X,NA,analyse metalen water,SURFLOTSAMP,NA,NA,X,X,X,X,NA
3.4. Eutrofiëring via oppervlaktewater (incl. overstromingswater),SURF_03.4_lotic,N en P,zwavelconcentratie,S,zwavelconcentratie,NA,X,NA,analyse metalen water,SURFLOTSAMP,NA,NA,X,X,X,X,NA
3.4. Eutrofiëring via oppervlaktewater (incl. overstromingswater),SURF_03.4_lotic,N en P,bicarbonaatconcentratie,HCO3,bicarbonaatconcentratie,NA,X,NA,analyse bicarbonaat,SURFLOTSAMP,NA,NA,X,X,X,X,NA
3.4. Eutrofiëring via oppervlaktewater (incl. overstromingswater),SURF_03.4_lotic,N en P,"concentratie niet purgeerbare, organisch gebonden koolstof",NPOC,"concentratie niet purgeerbare, organisch gebonden koolstof",NA,X,NA,te bepalen,SURFLOTSAMP,NA,NA,X,X,X,X,NA
3.4. Eutrofiëring via oppervlaktewater (incl. overstromingswater),SURF_03.4_lotic,N en P,zwevende stoffen (105 °C),ZS105,ZS.105 (zwevende stoffen),NA,X,NA,ZS-pakket,SURFLOTSAMP,NA,NA,X,X,X,X,NA
3.4. Eutrofiëring via oppervlaktewater (incl. overstromingswater),SURF_03.4_lotic,N en P,zwevende stoffen (550 °C),ZS550,ZS.550 (zwevende stoffen),NA,X,NA,ZS-pakket,SURFLOTSAMP,NA,NA,X,X,X,X,NA
3.4. Eutrofiëring via oppervlaktewater (incl. overstromingswater),SURF_03.4_lotic,N en P,zuurtegraad in labo,pH - labo,zuurtegraad in labo,NA,NA,X,standaardpakket labo water,SURFLOTSAMP,NA,NA,X,X,X,X,NA
3.4. Eutrofiëring via oppervlaktewater (incl. overstromingswater),SURF_03.4_lotic,N en P,geleidend vermogen labo,EC - labo,geleidend vermogen labo,NA,NA,X,standaardpakket labo water,SURFLOTSAMP,NA,NA,X,X,X,X,NA
4.2 Verzuring via het grondwater,GW_04.2,alkaliniteit,bicarbonaatconcentratie,HCO3,bicarbonaatconcentratie,X,NA,NA,analyse bicarbonaat,GWSHALLSAMP,NA,NA,x,x,x,NA,NA
4.2 Verzuring via het grondwater,GW_04.2,H+,zuurtegraad - veld,pH - veld,zuurtegraad - veld,X,NA,NA,standaardpakket veld grondwater,GWSHALLSAMP,NA,NA,x,x,x,NA,NA
4.2 Verzuring via het grondwater,GW_04.2,alkaliniteit en H+,geleidend vermogen - veld,EC,geleidend vermogen - veld,NA,NA,X,standaardpakket veld grondwater,GWSHALLSAMP,NA,NA,x,x,x,NA,NA
4.2 Verzuring via het grondwater,GW_04.2,alkaliniteit en H+,geleidend vermogen - labo,EC,geleidend vermogen - labo,NA,NA,X,standaardpakket labo water,GWSHALLSAMP,NA,NA,x,x,x,NA,NA
4.2 Verzuring via het grondwater,GW_04.2,H+,zuurtegraad in labo,pH - labo,zuurtegraad in labo,NA,NA,X,standaardpakket labo water,GWSHALLSAMP,NA,NA,x,x,x,NA,NA
5.2 Vernatting via het grondwater,GW_05.2,waterpeil,jaargemiddelde laagste grondwaterstand t.o.v. maaiveld,LG3,stijghoogte,X,NA,NA,ondiep grondwaterpeil automatisch,GWLEVREADDIVER,NA,NA,x,x,x,NA,NA
5.2 Vernatting via het grondwater,GW_05.2,waterpeil,jaargemiddelde hoogste grondwaterstand t.o.v. maaiveld,HG3,stijghoogte,X,NA,NA,ondiep grondwaterpeil automatisch,GWLEVREADDIVER,NA,NA,x,x,x,NA,NA
5.2 Vernatting via het grondwater,GW_05.2,waterpeil,jaargemiddelde gemiddelde grondwaterstand t.o.v. maaiveld,GG,stijghoogte,X,NA,NA,ondiep grondwaterpeil automatisch,GWLEVREADDIVER,NA,NA,x,x,x,NA,NA
5.2 Vernatting via het grondwater,GW_05.2,waterpeil,effectieve neerslag,neerslag,nvt: secundaire dataverwerving,NA,X,NA,NA,SECDATACOLL,NA,NA,x,x,x,NA,NA
5.2 Vernatting via het grondwater,GW_05.2,waterpeil,bodemtextuurklasse,textuur,nvt: secundaire dataverwerving,NA,X,NA,NA,SECDATACOLL,NA,NA,x,x,x,NA,NA
5.2 Vernatting via het grondwater,GW_05.2,waterpeil,grondwaterlichaam,GWL,nvt: secundaire dataverwerving,NA,X,NA,NA,SECDATACOLL,NA,NA,x,x,x,NA,NA
5.2 Vernatting via het grondwater,GW_05.2,waterpeil,kweldruk,kweldruk,stijghoogte,NA,X,NA,piëzometerpeil automatisch,GWLEVREADDIVER,NA,NA,x,x,x,NA,NA
7.1 Verzoeting via het grondwater,GW_07.1,Na+,natriumconcentratie,Na+,natriumconcentratie,X,NA,NA,standaardpakket labo water,GWSHALLSAMP,NA,NA,x,NA,NA,NA,NA
7.1 Verzoeting via het grondwater,GW_07.1,Cl-,chlorideconcentratie,Cl-,chlorideconcentratie,X,NA,NA,standaardpakket labo water,GWSHALLSAMP,NA,NA,x,NA,NA,NA,NA
"64 Afname van stroomsnelheid, waterpeil en/of de fluctuatie ervan",SURF_064_lentic,waterpeil (waterregime / droogval),oppervlaktewaterpeil,waterpeil,hoogte waterstand,X,NA,NA,oppervlaktewaterpeil manueel,SURFLEVREADGAUGE,NA,NA,x,x,x,NA,NA
7.2 Verzoeting via het oppervlaktewater (incl. overstromingswater),SURF_07.2,Na+,natriumconcentratie,Na+,natriumconcentratie,X,NA,NA,standaardpakket labo water,SURFLENTSAMP,NA,NA,x,NA,NA,NA,NA
7.2 Verzoeting via het oppervlaktewater (incl. overstromingswater),SURF_07.2,Cl-,chlorideconcentratie,Cl-,chlorideconcentratie,X,NA,NA,standaardpakket labo water,SURFLENTSAMP,NA,NA,x,NA,NA,NA,NA
