object_name,xxh64sum
activities,e4d46f9e2360faee
activity_sequences,efb805d9bfe78155
add_point_coords_grts,9ff4d525b57b7373
biotic_timing,6a3acc327aa30918
bioticfag_spsubset_type_timing,ba5a1131d0bf9197
domain_grts_n2khab,a6f03f7949ad7dcd
domain_stratum_nunits,b16581728023621a
domain_type_nunits,f540e86cf42f2e63
domains,bdf7d8f8e6eaeb7e
fag_grts_calendar,b0399f0a2c077ebb
fag_stratum_grts_calendar,29454df1f2d42ca2
field_activities,68ead3c2a7522f7b
field_activity_sequences,6cdea4d783325da3
filter_grtsraster_by_address,9bc589503421768a
get_level3replacement_cellnrs,4ea1468b2174dabe
grts_mh_n2khab_index,7b253d6d35c2cd86
hmt_pol_stratum_grts_cell_all_n2khab,ed8012aaa9a6c71c
mhq_mod_dom_scheme_mhqsampletype_no_sample,7fcee55f074ccb68
mhq_mod_dom_type_no_sample,e24615ac92ee2e2b
mhq_sampled_types_per_domain,d4b9b21a34692b72
mhq_samples,f50d489982a674e5
mhq_scheme_category,47b94d6a731199c2
mod_scheme_actseq_fag,eea63700077bee2b
mod_scheme_field_activity,4c8e58247140fb92
mod_scheme_ps_fag_paneldesign,515e2f88983e7252
mod_scheme_targetfieldactivity,7b5442f184e593d7
mod_scheme_variableset_mainfieldactivity,8076b078c2a6f5ef
mod_scheme_vars,94dc0a76ae39d44f
mod_scheme_yrs_moco_ps,a7399a9ab87efdf1
module_domain_scheme_ps_stratum_sample_size,43980c295c07d43d
module_domain_scheme_ps_stratum_target_sample_size,672f737cf77eeff8
module_domain_schemes,1724964e1922a779
module_domains,5514786f04dd0ff1
module_scheme_props,104b60465ab29935
modules,864e817cc16a2a45
n2khab_strata,70e23d5b9d743c9c
n2khab_strata_expanded,5a23ae3ea1bf0afa
n2khab_targetpops,2e657d7f211fb9fc
n2khab_targetpops_expanded,4cd592fc786ed6bb
n2khab_types_expanded_properties,54808e8a87fc432d
samplinglocations_sf,f6e47a08a99c8952
scheme_moco_ps_dom_stratum_sample_size,5b53aae846c8902a
scheme_moco_ps_spsubset_fag_stratum_sppost_spsamples_calendar,6e4f582b78df423e
scheme_moco_ps_spsubset_fas_stratum_sppost_panelmemship,d64f5ca37312fe7c
scheme_moco_ps_spsubset_panel_calendar,b027ca2c384cceed
scheme_moco_ps_spsubset_targetfag,0085f376d0cd949a
scheme_moco_ps_spsubset_targetfag_stratum_sppost_spsamples_calendar,52b4a5b84ce41ec1
scheme_moco_ps_stratum_dom_spsamples,4774eee228956660
scheme_moco_ps_stratum_sppost_spsamples,2d7c1df0b812f978
scheme_moco_ps_stratum_sppost_spsamples_sf,9b79bca60d54e0ba
scheme_moco_ps_stratum_sppost_spsamples_spares,9bccb47db1d6c52a
scheme_moco_ps_stratum_sppost_spsamples_spares_sf,6df228fe72b9a57e
scheme_ps_target_paneldesign,5e9346220d3133d3
scheme_ps_variableset_paneldesign,1018ea68889f2710
scheme_sampling_frame,32c850dad269b5dd
scheme_targetpop_sets,9ab4f604164331cb
schemes,1650e50ceb657332
sp_samplingframe_domain,14756a7869f131d2
sp_samplingframes,a1983faff92d7086
stratum_grts_n2khab,5bf05ab0bafe8f27
stratum_grts_n2khab_collapsed,8873dc87dd305eb9
stratum_grts_n2khab_phabcorrected,648bf59992587a40
stratum_grts_n2khab_phabcorrected_no_replacements,aaf15d093ba7dcf1
stratum_units_non_cell_n2khab,8ad1feefc61d8d71
submod_dom_scheme_ssf_stratum_nunits,921a365aa9ecc78c
submodule_domain_scheme_ps_designattr,7de0df0531363336
submodule_domain_scheme_stratumstats,18a36454ff944972
submodule_domain_scheme_typestats,bbc1f70c1e5eb29f
submodule_targetpops_strata,f856b9dd89381607
submodules,100a0b3ca3e63fbe
targetpops,83dd370009900265
targetpops_strata,2a0a69811ba8555c
units_non_cell_n2khab_grts,5917677b48577ad5
